  [1m[35m (100.4ms)[0m  [1m[35mCREATE DATABASE "API_development" ENCODING = 'unicode'[0m
  [1m[35m (71.9ms)[0m  [1m[35mCREATE DATABASE "API_test" ENCODING = 'unicode'[0m
Started GET "/" for 127.0.0.1 at 2023-10-12 17:53:11 +0300
Processing by Rails::WelcomeController#index as */*
  Rendering /home/zsigmond/.rbenv/versions/3.1.1/lib/ruby/gems/3.1.0/gems/railties-7.0.8/lib/rails/templates/rails/welcome/index.html.erb
  Rendered /home/zsigmond/.rbenv/versions/3.1.1/lib/ruby/gems/3.1.0/gems/railties-7.0.8/lib/rails/templates/rails/welcome/index.html.erb (Duration: 2.9ms | Allocations: 637)
Completed 200 OK in 26ms (Views: 9.3ms | ActiveRecord: 0.0ms | Allocations: 6892)


Started GET "/hello" for 127.0.0.1 at 2023-10-12 17:53:21 +0300
  
ActionController::RoutingError (No route matches [GET] "/hello"):
  
Started GET "/v1/hello" for 127.0.0.1 at 2023-10-12 17:53:27 +0300
  
LoadError (cannot load such file -- aws-sdk-s3):
  
app/controllers/v1/application_controller.rb:2:in `<class:ApplicationController>'
app/controllers/v1/application_controller.rb:1:in `<main>'
Started GET "/v1/hello" for 127.0.0.1 at 2023-10-12 17:53:52 +0300
Processing by V1::ApplicationController#hello as */*
Completed 200 OK in 0ms (Views: 0.2ms | ActiveRecord: 0.0ms | Allocations: 287)


  [1m[35m (0.2ms)[0m  [1m[34mSELECT VERSION()[0m
  ↳ (erb):38:in `migration_template'
  [1m[35m (0.2ms)[0m  [1m[34mSELECT VERSION()[0m
  ↳ (erb):38:in `migration_template'
  [1m[35m (8.2ms)[0m  [1m[35mCREATE TABLE "schema_migrations" ("version" character varying NOT NULL PRIMARY KEY)[0m
  [1m[35m (4.0ms)[0m  [1m[35mCREATE TABLE "ar_internal_metadata" ("key" character varying NOT NULL PRIMARY KEY, "value" character varying, "created_at" timestamp(6) NOT NULL, "updated_at" timestamp(6) NOT NULL)[0m
  [1m[35m (0.2ms)[0m  [1m[34mSELECT pg_try_advisory_lock(3186571706819592315)[0m
  [1m[36mActiveRecord::SchemaMigration Pluck (0.4ms)[0m  [1m[34mSELECT "schema_migrations"."version" FROM "schema_migrations" ORDER BY "schema_migrations"."version" ASC[0m
Migrating to DeviseTokenAuthCreateUsers (20231012145933)
  [1m[36mTRANSACTION (0.2ms)[0m  [1m[35mBEGIN[0m
  [1m[35m (4.4ms)[0m  [1m[35mCREATE TABLE "users" ("id" bigserial primary key, "provider" character varying DEFAULT 'email' NOT NULL, "uid" character varying DEFAULT '' NOT NULL, "encrypted_password" character varying DEFAULT '' NOT NULL, "reset_password_token" character varying, "reset_password_sent_at" timestamp(6), "allow_password_change" boolean DEFAULT FALSE, "remember_created_at" timestamp(6), "confirmation_token" character varying, "confirmed_at" timestamp(6), "confirmation_sent_at" timestamp(6), "unconfirmed_email" character varying, "name" character varying, "nickname" character varying, "image" character varying, "email" character varying, "tokens" json, "created_at" timestamp(6) NOT NULL, "updated_at" timestamp(6) NOT NULL)[0m
  [1m[35m (1.3ms)[0m  [1m[35mCREATE UNIQUE INDEX "index_users_on_email" ON "users" ("email")[0m
  [1m[35m (1.3ms)[0m  [1m[35mCREATE UNIQUE INDEX "index_users_on_uid_and_provider" ON "users" ("uid", "provider")[0m
  [1m[35m (1.5ms)[0m  [1m[35mCREATE UNIQUE INDEX "index_users_on_reset_password_token" ON "users" ("reset_password_token")[0m
  [1m[35m (1.4ms)[0m  [1m[35mCREATE UNIQUE INDEX "index_users_on_confirmation_token" ON "users" ("confirmation_token")[0m
  [1m[36mActiveRecord::SchemaMigration Create (0.7ms)[0m  [1m[32mINSERT INTO "schema_migrations" ("version") VALUES ($1) RETURNING "version"[0m  [["version", "20231012145933"]]
  [1m[36mTRANSACTION (1.0ms)[0m  [1m[35mCOMMIT[0m
Migrating to DeviseTokenAuthCreateAdmins (20231012150243)
  [1m[36mTRANSACTION (0.3ms)[0m  [1m[35mBEGIN[0m
  [1m[35m (4.6ms)[0m  [1m[35mCREATE TABLE "admins" ("id" bigserial primary key, "provider" character varying DEFAULT 'email' NOT NULL, "uid" character varying DEFAULT '' NOT NULL, "encrypted_password" character varying DEFAULT '' NOT NULL, "reset_password_token" character varying, "reset_password_sent_at" timestamp(6), "allow_password_change" boolean DEFAULT FALSE, "remember_created_at" timestamp(6), "confirmation_token" character varying, "confirmed_at" timestamp(6), "confirmation_sent_at" timestamp(6), "unconfirmed_email" character varying, "name" character varying, "nickname" character varying, "image" character varying, "email" character varying, "tokens" json, "created_at" timestamp(6) NOT NULL, "updated_at" timestamp(6) NOT NULL)[0m
  [1m[35m (1.4ms)[0m  [1m[35mCREATE UNIQUE INDEX "index_admins_on_email" ON "admins" ("email")[0m
  [1m[35m (1.2ms)[0m  [1m[35mCREATE UNIQUE INDEX "index_admins_on_uid_and_provider" ON "admins" ("uid", "provider")[0m
  [1m[35m (1.2ms)[0m  [1m[35mCREATE UNIQUE INDEX "index_admins_on_reset_password_token" ON "admins" ("reset_password_token")[0m
  [1m[35m (1.2ms)[0m  [1m[35mCREATE UNIQUE INDEX "index_admins_on_confirmation_token" ON "admins" ("confirmation_token")[0m
  [1m[36mActiveRecord::SchemaMigration Create (0.3ms)[0m  [1m[32mINSERT INTO "schema_migrations" ("version") VALUES ($1) RETURNING "version"[0m  [["version", "20231012150243"]]
  [1m[36mTRANSACTION (1.1ms)[0m  [1m[35mCOMMIT[0m
  [1m[36mActiveRecord::InternalMetadata Load (0.4ms)[0m  [1m[34mSELECT "ar_internal_metadata".* FROM "ar_internal_metadata" WHERE "ar_internal_metadata"."key" = $1 LIMIT $2[0m  [["key", "environment"], ["LIMIT", 1]]
  [1m[36mTRANSACTION (0.2ms)[0m  [1m[35mBEGIN[0m
  [1m[36mActiveRecord::InternalMetadata Create (0.5ms)[0m  [1m[32mINSERT INTO "ar_internal_metadata" ("key", "value", "created_at", "updated_at") VALUES ($1, $2, $3, $4) RETURNING "key"[0m  [["key", "environment"], ["value", "development"], ["created_at", "2023-10-12 15:03:01.900030"], ["updated_at", "2023-10-12 15:03:01.900030"]]
  [1m[36mTRANSACTION (0.8ms)[0m  [1m[35mCOMMIT[0m
  [1m[35m (0.3ms)[0m  [1m[34mSELECT pg_advisory_unlock(3186571706819592315)[0m
  [1m[36mActiveRecord::SchemaMigration Pluck (0.7ms)[0m  [1m[34mSELECT "schema_migrations"."version" FROM "schema_migrations" ORDER BY "schema_migrations"."version" ASC[0m
Started GET "/auth" for 127.0.0.1 at 2023-10-12 18:08:44 +0300
  [1m[36mActiveRecord::SchemaMigration Pluck (0.6ms)[0m  [1m[34mSELECT "schema_migrations"."version" FROM "schema_migrations" ORDER BY "schema_migrations"."version" ASC[0m
  
ActionController::RoutingError (No route matches [GET] "/auth"):
  
Started POST "/auth" for 127.0.0.1 at 2023-10-12 18:08:50 +0300
  
NoMethodError (undefined method `protect_from_forgery' for ApplicationController:Class

        protect_from_forgery unless: -> { request.format.json? }
        ^^^^^^^^^^^^^^^^^^^^):
  
app/controllers/application_controller.rb:3:in `<class:ApplicationController>'
app/controllers/application_controller.rb:1:in `<main>'
Started POST "/auth" for 127.0.0.1 at 2023-10-12 22:51:31 +0300
  [1m[36mActiveRecord::SchemaMigration Pluck (2.3ms)[0m  [1m[34mSELECT "schema_migrations"."version" FROM "schema_migrations" ORDER BY "schema_migrations"."version" ASC[0m
Processing by DeviseTokenAuth::RegistrationsController#create as */*
Filter chain halted as :validate_sign_up_params rendered or redirected
Completed 422 Unprocessable Entity in 102ms (Views: 1.2ms | ActiveRecord: 0.0ms | Allocations: 10437)


Started POST "/auth?e-mail=attila.zsigmon2002@gmail.com&password=[FILTERED]&password_confirmation=[FILTERED]" for 127.0.0.1 at 2023-10-12 22:52:19 +0300
Processing by DeviseTokenAuth::RegistrationsController#create as */*
  Parameters: {"e-mail"=>"attila.zsigmon2002@gmail.com", "password"=>"[FILTERED]", "password_confirmation"=>"[FILTERED]"}
[31mUnpermitted parameter: :e-mail. Context: { controller: DeviseTokenAuth::RegistrationsController, action: create, request: #<ActionDispatch::Request:0x00007f2e894235b0>, params: {"e-mail"=>"attila.zsigmon2002@gmail.com", "password"=>"[FILTERED]", "password_confirmation"=>"[FILTERED]", "controller"=>"devise_token_auth/registrations", "action"=>"create"} }[0m
[31mUnpermitted parameter: :e-mail. Context: { controller: DeviseTokenAuth::RegistrationsController, action: create, request: #<ActionDispatch::Request:0x00007f2e894235b0>, params: {"e-mail"=>"attila.zsigmon2002@gmail.com", "password"=>"[FILTERED]", "password_confirmation"=>"[FILTERED]", "controller"=>"devise_token_auth/registrations", "action"=>"create"} }[0m
[31mUnpermitted parameter: :e-mail. Context: { controller: DeviseTokenAuth::RegistrationsController, action: create, request: #<ActionDispatch::Request:0x00007f2e894235b0>, params: {"e-mail"=>"attila.zsigmon2002@gmail.com", "password"=>"[FILTERED]", "password_confirmation"=>"[FILTERED]", "controller"=>"devise_token_auth/registrations", "action"=>"create"} }[0m
  [1m[36mTRANSACTION (0.6ms)[0m  [1m[35mBEGIN[0m
  [1m[36mUser Exists? (2.1ms)[0m  [1m[34mSELECT 1 AS one FROM "users" WHERE "users"."email" IS NULL AND "users"."provider" = $1 LIMIT $2[0m  [["provider", "email"], ["LIMIT", 1]]
  [1m[36mTRANSACTION (0.9ms)[0m  [1m[31mROLLBACK[0m
Completed 422 Unprocessable Entity in 644ms (Views: 0.5ms | ActiveRecord: 12.7ms | Allocations: 20171)


Started POST "/auth?email=attila.zsigmon2002@gmail.com&password=[FILTERED]&password_confirmation=[FILTERED]" for 127.0.0.1 at 2023-10-12 22:52:38 +0300
Processing by DeviseTokenAuth::RegistrationsController#create as */*
  Parameters: {"email"=>"attila.zsigmon2002@gmail.com", "password"=>"[FILTERED]", "password_confirmation"=>"[FILTERED]"}
  [1m[36mTRANSACTION (0.2ms)[0m  [1m[35mBEGIN[0m
  [1m[36mUser Exists? (1.5ms)[0m  [1m[34mSELECT 1 AS one FROM "users" WHERE LOWER("users"."email") = LOWER($1) AND "users"."provider" = $2 LIMIT $3[0m  [["email", "attila.zsigmon2002@gmail.com"], ["provider", "email"], ["LIMIT", 1]]
  [1m[36mUser Create (2.6ms)[0m  [1m[32mINSERT INTO "users" ("provider", "uid", "encrypted_password", "reset_password_token", "reset_password_sent_at", "allow_password_change", "remember_created_at", "confirmation_token", "confirmed_at", "confirmation_sent_at", "unconfirmed_email", "name", "nickname", "image", "email", "tokens", "created_at", "updated_at") VALUES ($1, $2, $3, $4, $5, $6, $7, $8, $9, $10, $11, $12, $13, $14, $15, $16, $17, $18) RETURNING "id"[0m  [["provider", "email"], ["uid", "attila.zsigmon2002@gmail.com"], ["encrypted_password", "[FILTERED]"], ["reset_password_token", "[FILTERED]"], ["reset_password_sent_at", "[FILTERED]"], ["allow_password_change", "[FILTERED]"], ["remember_created_at", nil], ["confirmation_token", "[FILTERED]"], ["confirmed_at", nil], ["confirmation_sent_at", nil], ["unconfirmed_email", nil], ["name", nil], ["nickname", nil], ["image", nil], ["email", "attila.zsigmon2002@gmail.com"], ["tokens", "[FILTERED]"], ["created_at", "2023-10-12 19:52:39.263981"], ["updated_at", "2023-10-12 19:52:39.263981"]]
  [1m[36mTRANSACTION (3.5ms)[0m  [1m[35mCOMMIT[0m
  [1m[36mTRANSACTION (0.5ms)[0m  [1m[35mBEGIN[0m
  [1m[36mUser Update (3.3ms)[0m  [1m[33mUPDATE "users" SET "tokens" = $1, "updated_at" = $2 WHERE "users"."id" = $3[0m  [["tokens", "[FILTERED]"], ["updated_at", "2023-10-12 19:52:39.444946"], ["id", 1]]
  [1m[36mTRANSACTION (1.6ms)[0m  [1m[35mCOMMIT[0m
  [1m[36mUser Load (1.4ms)[0m  [1m[34mSELECT "users".* FROM "users" WHERE "users"."id" = $1 LIMIT $2[0m  [["id", 1], ["LIMIT", 1]]
Completed 200 OK in 754ms (Views: 1.0ms | ActiveRecord: 17.1ms | Allocations: 9992)


Started POST "/auth/sign_in" for 127.0.0.1 at 2023-10-12 22:53:42 +0300
Processing by DeviseTokenAuth::SessionsController#create as */*
Completed 401 Unauthorized in 2ms (Views: 0.4ms | ActiveRecord: 0.0ms | Allocations: 442)


Started POST "/auth?email=attila.zsigmond2002@gmail.com&password=[FILTERED]&password_confirmation=[FILTERED]" for 127.0.0.1 at 2023-10-12 22:54:24 +0300
Processing by DeviseTokenAuth::RegistrationsController#create as */*
  Parameters: {"email"=>"attila.zsigmond2002@gmail.com", "password"=>"[FILTERED]", "password_confirmation"=>"[FILTERED]"}
  [1m[36mTRANSACTION (0.2ms)[0m  [1m[35mBEGIN[0m
  [1m[36mUser Exists? (0.7ms)[0m  [1m[34mSELECT 1 AS one FROM "users" WHERE LOWER("users"."email") = LOWER($1) AND "users"."provider" = $2 LIMIT $3[0m  [["email", "attila.zsigmond2002@gmail.com"], ["provider", "email"], ["LIMIT", 1]]
  [1m[36mUser Create (3.3ms)[0m  [1m[32mINSERT INTO "users" ("provider", "uid", "encrypted_password", "reset_password_token", "reset_password_sent_at", "allow_password_change", "remember_created_at", "confirmation_token", "confirmed_at", "confirmation_sent_at", "unconfirmed_email", "name", "nickname", "image", "email", "tokens", "created_at", "updated_at") VALUES ($1, $2, $3, $4, $5, $6, $7, $8, $9, $10, $11, $12, $13, $14, $15, $16, $17, $18) RETURNING "id"[0m  [["provider", "email"], ["uid", "attila.zsigmond2002@gmail.com"], ["encrypted_password", "[FILTERED]"], ["reset_password_token", "[FILTERED]"], ["reset_password_sent_at", "[FILTERED]"], ["allow_password_change", "[FILTERED]"], ["remember_created_at", nil], ["confirmation_token", "[FILTERED]"], ["confirmed_at", nil], ["confirmation_sent_at", nil], ["unconfirmed_email", nil], ["name", nil], ["nickname", nil], ["image", nil], ["email", "attila.zsigmond2002@gmail.com"], ["tokens", "[FILTERED]"], ["created_at", "2023-10-12 19:54:24.726866"], ["updated_at", "2023-10-12 19:54:24.726866"]]
  [1m[36mTRANSACTION (1.2ms)[0m  [1m[35mCOMMIT[0m
  [1m[36mTRANSACTION (0.5ms)[0m  [1m[35mBEGIN[0m
  [1m[36mUser Update (1.1ms)[0m  [1m[33mUPDATE "users" SET "tokens" = $1, "updated_at" = $2 WHERE "users"."id" = $3[0m  [["tokens", "[FILTERED]"], ["updated_at", "2023-10-12 19:54:24.861509"], ["id", 2]]
  [1m[36mTRANSACTION (3.0ms)[0m  [1m[35mCOMMIT[0m
  [1m[36mUser Load (1.0ms)[0m  [1m[34mSELECT "users".* FROM "users" WHERE "users"."id" = $1 LIMIT $2[0m  [["id", 2], ["LIMIT", 1]]
Completed 200 OK in 658ms (Views: 0.5ms | ActiveRecord: 11.0ms | Allocations: 8982)


Started POST "/auth?email=attila.zsigmond2002@gmail.com&password=[FILTERED]&password_confirmation=[FILTERED]" for 127.0.0.1 at 2023-10-12 22:54:29 +0300
Processing by DeviseTokenAuth::RegistrationsController#create as */*
  Parameters: {"email"=>"attila.zsigmond2002@gmail.com", "password"=>"[FILTERED]", "password_confirmation"=>"[FILTERED]"}
  [1m[36mTRANSACTION (0.4ms)[0m  [1m[35mBEGIN[0m
  [1m[36mUser Exists? (1.1ms)[0m  [1m[34mSELECT 1 AS one FROM "users" WHERE LOWER("users"."email") = LOWER($1) AND "users"."provider" = $2 LIMIT $3[0m  [["email", "attila.zsigmond2002@gmail.com"], ["provider", "email"], ["LIMIT", 1]]
  [1m[36mTRANSACTION (0.3ms)[0m  [1m[31mROLLBACK[0m
Completed 422 Unprocessable Entity in 540ms (Views: 0.6ms | ActiveRecord: 1.8ms | Allocations: 4218)


Started POST "/auth/sign_in?email=attila.zsigmond2002@gmail.com&password=[FILTERED]" for 127.0.0.1 at 2023-10-12 22:56:35 +0300
Processing by DeviseTokenAuth::SessionsController#create as */*
  Parameters: {"email"=>"attila.zsigmond2002@gmail.com", "password"=>"[FILTERED]"}
  [1m[36mUser Load (0.6ms)[0m  [1m[34mSELECT "users".* FROM "users" WHERE "users"."email" = $1 AND "users"."provider" = $2 LIMIT $3[0m  [["email", "attila.zsigmond2002@gmail.com"], ["provider", "email"], ["LIMIT", 1]]
  [1m[36mTRANSACTION (0.3ms)[0m  [1m[35mBEGIN[0m
  [1m[36mUser Load (1.1ms)[0m  [1m[37mSELECT "users".* FROM "users" WHERE "users"."id" = $1 LIMIT $2 FOR UPDATE[0m  [["id", 2], ["LIMIT", 1]]
  [1m[36mUser Update (1.5ms)[0m  [1m[33mUPDATE "users" SET "tokens" = $1, "updated_at" = $2 WHERE "users"."id" = $3[0m  [["tokens", "[FILTERED]"], ["updated_at", "2023-10-12 19:56:36.464223"], ["id", 2]]
  [1m[36mTRANSACTION (3.4ms)[0m  [1m[35mCOMMIT[0m
  [1m[36mUser Load (1.9ms)[0m  [1m[34mSELECT "users".* FROM "users" WHERE "users"."id" = $1 LIMIT $2[0m  [["id", 2], ["LIMIT", 1]]
Completed 200 OK in 723ms (Views: 0.7ms | ActiveRecord: 8.8ms | Allocations: 8833)


Started GET "/auth/validate_token" for 127.0.0.1 at 2023-10-12 23:00:01 +0300
Processing by DeviseTokenAuth::TokenValidationsController#validate_token as */*
Completed 401 Unauthorized in 10ms (Views: 0.6ms | ActiveRecord: 0.0ms | Allocations: 396)


Started POST "/admin?email=attila.zsigmond2002@gmail.com&password=[FILTERED]&password_confirmation=[FILTERED]" for 127.0.0.1 at 2023-10-12 23:02:09 +0300
Processing by DeviseTokenAuth::RegistrationsController#create as */*
  Parameters: {"email"=>"attila.zsigmond2002@gmail.com", "password"=>"[FILTERED]", "password_confirmation"=>"[FILTERED]"}
  [1m[36mTRANSACTION (0.5ms)[0m  [1m[35mBEGIN[0m
  [1m[36mAdmin Exists? (1.2ms)[0m  [1m[34mSELECT 1 AS one FROM "admins" WHERE LOWER("admins"."email") = LOWER($1) AND "admins"."provider" = $2 LIMIT $3[0m  [["email", "attila.zsigmond2002@gmail.com"], ["provider", "email"], ["LIMIT", 1]]
  [1m[36mAdmin Create (1.6ms)[0m  [1m[32mINSERT INTO "admins" ("provider", "uid", "encrypted_password", "reset_password_token", "reset_password_sent_at", "allow_password_change", "remember_created_at", "confirmation_token", "confirmed_at", "confirmation_sent_at", "unconfirmed_email", "name", "nickname", "image", "email", "tokens", "created_at", "updated_at") VALUES ($1, $2, $3, $4, $5, $6, $7, $8, $9, $10, $11, $12, $13, $14, $15, $16, $17, $18) RETURNING "id"[0m  [["provider", "email"], ["uid", "attila.zsigmond2002@gmail.com"], ["encrypted_password", "[FILTERED]"], ["reset_password_token", "[FILTERED]"], ["reset_password_sent_at", "[FILTERED]"], ["allow_password_change", "[FILTERED]"], ["remember_created_at", nil], ["confirmation_token", "[FILTERED]"], ["confirmed_at", nil], ["confirmation_sent_at", nil], ["unconfirmed_email", nil], ["name", nil], ["nickname", nil], ["image", nil], ["email", "attila.zsigmond2002@gmail.com"], ["tokens", "[FILTERED]"], ["created_at", "2023-10-12 20:02:09.973340"], ["updated_at", "2023-10-12 20:02:09.973340"]]
  [1m[36mTRANSACTION (3.2ms)[0m  [1m[35mCOMMIT[0m
  [1m[36mTRANSACTION (0.4ms)[0m  [1m[35mBEGIN[0m
  [1m[36mAdmin Update (1.0ms)[0m  [1m[33mUPDATE "admins" SET "tokens" = $1, "updated_at" = $2 WHERE "admins"."id" = $3[0m  [["tokens", "[FILTERED]"], ["updated_at", "2023-10-12 20:02:10.107559"], ["id", 1]]
  [1m[36mTRANSACTION (3.0ms)[0m  [1m[35mCOMMIT[0m
  [1m[36mAdmin Load (0.8ms)[0m  [1m[34mSELECT "admins".* FROM "admins" WHERE "admins"."id" = $1 LIMIT $2[0m  [["id", 1], ["LIMIT", 1]]
Completed 200 OK in 800ms (Views: 0.8ms | ActiveRecord: 19.8ms | Allocations: 14646)


Started POST "/admin/sign_in?email=attila.zsigmond2002@gmail.com&password=[FILTERED]" for 127.0.0.1 at 2023-10-12 23:02:25 +0300
Processing by DeviseTokenAuth::SessionsController#create as */*
  Parameters: {"email"=>"attila.zsigmond2002@gmail.com", "password"=>"[FILTERED]"}
  [1m[36mAdmin Load (0.7ms)[0m  [1m[34mSELECT "admins".* FROM "admins" WHERE "admins"."email" = $1 AND "admins"."provider" = $2 LIMIT $3[0m  [["email", "attila.zsigmond2002@gmail.com"], ["provider", "email"], ["LIMIT", 1]]
  [1m[36mTRANSACTION (0.5ms)[0m  [1m[35mBEGIN[0m
  [1m[36mAdmin Load (0.9ms)[0m  [1m[37mSELECT "admins".* FROM "admins" WHERE "admins"."id" = $1 LIMIT $2 FOR UPDATE[0m  [["id", 1], ["LIMIT", 1]]
  [1m[36mAdmin Update (0.7ms)[0m  [1m[33mUPDATE "admins" SET "tokens" = $1, "updated_at" = $2 WHERE "admins"."id" = $3[0m  [["tokens", "[FILTERED]"], ["updated_at", "2023-10-12 20:02:26.314213"], ["id", 1]]
  [1m[36mTRANSACTION (3.8ms)[0m  [1m[35mCOMMIT[0m
  [1m[36mAdmin Load (1.1ms)[0m  [1m[34mSELECT "admins".* FROM "admins" WHERE "admins"."id" = $1 LIMIT $2[0m  [["id", 1], ["LIMIT", 1]]
Completed 200 OK in 765ms (Views: 0.4ms | ActiveRecord: 7.7ms | Allocations: 6849)


  [1m[35m (16.9ms)[0m  [1m[35mDROP DATABASE IF EXISTS "API_test"[0m
  [1m[35m (123.7ms)[0m  [1m[35mCREATE DATABASE "postgres" ENCODING = 'unicode'[0m
  [1m[35m (69.7ms)[0m  [1m[35mCREATE DATABASE "API_test" ENCODING = 'unicode'[0m
  [1m[35m (156.3ms)[0m  [1m[35mCREATE TABLE "schema_migrations" ("version" character varying NOT NULL PRIMARY KEY)[0m
  [1m[35m (136.1ms)[0m  [1m[35mCREATE TABLE "ar_internal_metadata" ("key" character varying NOT NULL PRIMARY KEY, "value" character varying, "created_at" timestamp(6) NOT NULL, "updated_at" timestamp(6) NOT NULL)[0m
  [1m[35m (119.1ms)[0m  [1m[34mSELECT pg_try_advisory_lock(737815420147457505)[0m
  [1m[36mActiveRecord::SchemaMigration Pluck (108.7ms)[0m  [1m[34mSELECT "schema_migrations"."version" FROM "schema_migrations" ORDER BY "schema_migrations"."version" ASC[0m
Migrating to DeviseTokenAuthCreateUsers (20231012145933)
  [1m[36mTRANSACTION (108.4ms)[0m  [1m[35mBEGIN[0m
  [1m[35m (143.2ms)[0m  [1m[35mCREATE TABLE "users" ("id" bigserial primary key, "provider" character varying DEFAULT 'email' NOT NULL, "uid" character varying DEFAULT '' NOT NULL, "encrypted_password" character varying DEFAULT '' NOT NULL, "reset_password_token" character varying, "reset_password_sent_at" timestamp(6), "allow_password_change" boolean DEFAULT FALSE, "remember_created_at" timestamp(6), "confirmation_token" character varying, "confirmed_at" timestamp(6), "confirmation_sent_at" timestamp(6), "unconfirmed_email" character varying, "name" character varying, "nickname" character varying, "image" character varying, "email" character varying, "tokens" json, "created_at" timestamp(6) NOT NULL, "updated_at" timestamp(6) NOT NULL)[0m
  [1m[35m (118.4ms)[0m  [1m[35mCREATE UNIQUE INDEX "index_users_on_email" ON "users" ("email")[0m
  [1m[35m (124.5ms)[0m  [1m[35mCREATE UNIQUE INDEX "index_users_on_uid_and_provider" ON "users" ("uid", "provider")[0m
  [1m[35m (119.0ms)[0m  [1m[35mCREATE UNIQUE INDEX "index_users_on_reset_password_token" ON "users" ("reset_password_token")[0m
  [1m[35m (116.8ms)[0m  [1m[35mCREATE UNIQUE INDEX "index_users_on_confirmation_token" ON "users" ("confirmation_token")[0m
  [1m[36mActiveRecord::SchemaMigration Create (112.6ms)[0m  [1m[32mINSERT INTO "schema_migrations" ("version") VALUES ($1) RETURNING "version"[0m  [["version", "20231012145933"]]
  [1m[36mTRANSACTION (128.1ms)[0m  [1m[35mCOMMIT[0m
Migrating to DeviseTokenAuthCreateAdmins (20231012150243)
  [1m[36mTRANSACTION (105.3ms)[0m  [1m[35mBEGIN[0m
  [1m[35m (128.4ms)[0m  [1m[35mCREATE TABLE "admins" ("id" bigserial primary key, "provider" character varying DEFAULT 'email' NOT NULL, "uid" character varying DEFAULT '' NOT NULL, "encrypted_password" character varying DEFAULT '' NOT NULL, "reset_password_token" character varying, "reset_password_sent_at" timestamp(6), "allow_password_change" boolean DEFAULT FALSE, "remember_created_at" timestamp(6), "confirmation_token" character varying, "confirmed_at" timestamp(6), "confirmation_sent_at" timestamp(6), "unconfirmed_email" character varying, "name" character varying, "nickname" character varying, "image" character varying, "email" character varying, "tokens" json, "created_at" timestamp(6) NOT NULL, "updated_at" timestamp(6) NOT NULL)[0m
  [1m[35m (106.6ms)[0m  [1m[35mCREATE UNIQUE INDEX "index_admins_on_email" ON "admins" ("email")[0m
  [1m[35m (118.7ms)[0m  [1m[35mCREATE UNIQUE INDEX "index_admins_on_uid_and_provider" ON "admins" ("uid", "provider")[0m
  [1m[35m (120.2ms)[0m  [1m[35mCREATE UNIQUE INDEX "index_admins_on_reset_password_token" ON "admins" ("reset_password_token")[0m
  [1m[35m (125.6ms)[0m  [1m[35mCREATE UNIQUE INDEX "index_admins_on_confirmation_token" ON "admins" ("confirmation_token")[0m
  [1m[36mActiveRecord::SchemaMigration Create (110.0ms)[0m  [1m[32mINSERT INTO "schema_migrations" ("version") VALUES ($1) RETURNING "version"[0m  [["version", "20231012150243"]]
  [1m[36mTRANSACTION (101.7ms)[0m  [1m[35mCOMMIT[0m
  [1m[36mActiveRecord::InternalMetadata Load (95.9ms)[0m  [1m[34mSELECT "ar_internal_metadata".* FROM "ar_internal_metadata" WHERE "ar_internal_metadata"."key" = $1 LIMIT $2[0m  [["key", "environment"], ["LIMIT", 1]]
  [1m[36mTRANSACTION (96.5ms)[0m  [1m[35mBEGIN[0m
  [1m[36mActiveRecord::InternalMetadata Create (114.1ms)[0m  [1m[32mINSERT INTO "ar_internal_metadata" ("key", "value", "created_at", "updated_at") VALUES ($1, $2, $3, $4) RETURNING "key"[0m  [["key", "environment"], ["value", "development"], ["created_at", "2023-10-17 13:03:34.930844"], ["updated_at", "2023-10-17 13:03:34.930844"]]
  [1m[36mTRANSACTION (102.0ms)[0m  [1m[35mCOMMIT[0m
  [1m[35m (98.8ms)[0m  [1m[34mSELECT pg_advisory_unlock(737815420147457505)[0m
  [1m[36mActiveRecord::SchemaMigration Pluck (111.6ms)[0m  [1m[34mSELECT "schema_migrations"."version" FROM "schema_migrations" ORDER BY "schema_migrations"."version" ASC[0m
Started POST "/auth?email=attila.zsigmond2002@gmail.com&password=[FILTERED]&password_confirmation=[FILTERED]" for 127.0.0.1 at 2023-10-17 16:06:23 +0300
  [1m[36mActiveRecord::SchemaMigration Pluck (102.0ms)[0m  [1m[34mSELECT "schema_migrations"."version" FROM "schema_migrations" ORDER BY "schema_migrations"."version" ASC[0m
Processing by DeviseTokenAuth::RegistrationsController#create as */*
  Parameters: {"email"=>"attila.zsigmond2002@gmail.com", "password"=>"[FILTERED]", "password_confirmation"=>"[FILTERED]"}
  [1m[36mTRANSACTION (114.9ms)[0m  [1m[35mBEGIN[0m
  [1m[36mUser Exists? (104.8ms)[0m  [1m[34mSELECT 1 AS one FROM "users" WHERE LOWER("users"."email") = LOWER($1) AND "users"."provider" = $2 LIMIT $3[0m  [["email", "attila.zsigmond2002@gmail.com"], ["provider", "email"], ["LIMIT", 1]]
  [1m[36mUser Create (124.1ms)[0m  [1m[32mINSERT INTO "users" ("provider", "uid", "encrypted_password", "reset_password_token", "reset_password_sent_at", "allow_password_change", "remember_created_at", "confirmation_token", "confirmed_at", "confirmation_sent_at", "unconfirmed_email", "name", "nickname", "image", "email", "tokens", "created_at", "updated_at") VALUES ($1, $2, $3, $4, $5, $6, $7, $8, $9, $10, $11, $12, $13, $14, $15, $16, $17, $18) RETURNING "id"[0m  [["provider", "email"], ["uid", "attila.zsigmond2002@gmail.com"], ["encrypted_password", "[FILTERED]"], ["reset_password_token", "[FILTERED]"], ["reset_password_sent_at", "[FILTERED]"], ["allow_password_change", "[FILTERED]"], ["remember_created_at", nil], ["confirmation_token", "[FILTERED]"], ["confirmed_at", nil], ["confirmation_sent_at", nil], ["unconfirmed_email", nil], ["name", nil], ["nickname", nil], ["image", nil], ["email", "attila.zsigmond2002@gmail.com"], ["tokens", "[FILTERED]"], ["created_at", "2023-10-17 13:06:27.330039"], ["updated_at", "2023-10-17 13:06:27.330039"]]
  [1m[36mTRANSACTION (100.6ms)[0m  [1m[35mCOMMIT[0m
  [1m[36mTRANSACTION (99.5ms)[0m  [1m[35mBEGIN[0m
  [1m[36mUser Update (111.1ms)[0m  [1m[33mUPDATE "users" SET "tokens" = $1, "updated_at" = $2 WHERE "users"."id" = $3[0m  [["tokens", "[FILTERED]"], ["updated_at", "2023-10-17 13:06:27.641805"], ["id", 1]]
  [1m[36mTRANSACTION (112.3ms)[0m  [1m[35mCOMMIT[0m
  [1m[36mUser Load (99.1ms)[0m  [1m[34mSELECT "users".* FROM "users" WHERE "users"."id" = $1 LIMIT $2[0m  [["id", 1], ["LIMIT", 1]]
Completed 200 OK in 2057ms (Views: 2.0ms | ActiveRecord: 1513.9ms | Allocations: 28843)


Started POST "/auth?email=attila.zsigmond2002@gmail.com&password=[FILTERED]&password_confirmation=[FILTERED]" for 127.0.0.1 at 2023-10-20 13:38:26 +0300
  
ActiveRecord::ConnectionNotEstablished (connection to server on socket "/var/run/postgresql/.s.PGSQL.5432" failed: FATAL:  database "zsigmond" does not exist
):
  
activerecord (7.0.8) lib/active_record/connection_adapters/postgresql_adapter.rb:87:in `rescue in new_client'
activerecord (7.0.8) lib/active_record/connection_adapters/postgresql_adapter.rb:77:in `new_client'
activerecord (7.0.8) lib/active_record/connection_adapters/postgresql_adapter.rb:37:in `postgresql_connection'
activerecord (7.0.8) lib/active_record/connection_adapters/abstract/connection_pool.rb:656:in `public_send'
activerecord (7.0.8) lib/active_record/connection_adapters/abstract/connection_pool.rb:656:in `new_connection'
activerecord (7.0.8) lib/active_record/connection_adapters/abstract/connection_pool.rb:700:in `checkout_new_connection'
activerecord (7.0.8) lib/active_record/connection_adapters/abstract/connection_pool.rb:679:in `try_to_checkout_new_connection'
activerecord (7.0.8) lib/active_record/connection_adapters/abstract/connection_pool.rb:640:in `acquire_connection'
activerecord (7.0.8) lib/active_record/connection_adapters/abstract/connection_pool.rb:341:in `checkout'
activerecord (7.0.8) lib/active_record/connection_adapters/abstract/connection_pool.rb:181:in `connection'
activerecord (7.0.8) lib/active_record/connection_adapters/abstract/connection_handler.rb:211:in `retrieve_connection'
activerecord (7.0.8) lib/active_record/connection_handling.rb:313:in `retrieve_connection'
activerecord (7.0.8) lib/active_record/connection_handling.rb:280:in `connection'
activerecord (7.0.8) lib/active_record/migration.rb:648:in `connection'
activerecord (7.0.8) lib/active_record/migration.rb:643:in `build_watcher'
activerecord (7.0.8) lib/active_record/migration.rb:625:in `block in call'
activerecord (7.0.8) lib/active_record/migration.rb:624:in `synchronize'
activerecord (7.0.8) lib/active_record/migration.rb:624:in `call'
actionpack (7.0.8) lib/action_dispatch/middleware/callbacks.rb:27:in `block in call'
activesupport (7.0.8) lib/active_support/callbacks.rb:99:in `run_callbacks'
actionpack (7.0.8) lib/action_dispatch/middleware/callbacks.rb:26:in `call'
actionpack (7.0.8) lib/action_dispatch/middleware/executor.rb:14:in `call'
actionpack (7.0.8) lib/action_dispatch/middleware/actionable_exceptions.rb:17:in `call'
actionpack (7.0.8) lib/action_dispatch/middleware/debug_exceptions.rb:28:in `call'
actionpack (7.0.8) lib/action_dispatch/middleware/show_exceptions.rb:29:in `call'
railties (7.0.8) lib/rails/rack/logger.rb:40:in `call_app'
railties (7.0.8) lib/rails/rack/logger.rb:25:in `block in call'
activesupport (7.0.8) lib/active_support/tagged_logging.rb:99:in `block in tagged'
activesupport (7.0.8) lib/active_support/tagged_logging.rb:37:in `tagged'
activesupport (7.0.8) lib/active_support/tagged_logging.rb:99:in `tagged'
railties (7.0.8) lib/rails/rack/logger.rb:25:in `call'
actionpack (7.0.8) lib/action_dispatch/middleware/remote_ip.rb:93:in `call'
actionpack (7.0.8) lib/action_dispatch/middleware/request_id.rb:26:in `call'
rack (2.2.8) lib/rack/runtime.rb:22:in `call'
activesupport (7.0.8) lib/active_support/cache/strategy/local_cache_middleware.rb:29:in `call'
actionpack (7.0.8) lib/action_dispatch/middleware/server_timing.rb:61:in `block in call'
actionpack (7.0.8) lib/action_dispatch/middleware/server_timing.rb:26:in `collect_events'
actionpack (7.0.8) lib/action_dispatch/middleware/server_timing.rb:60:in `call'
actionpack (7.0.8) lib/action_dispatch/middleware/executor.rb:14:in `call'
actionpack (7.0.8) lib/action_dispatch/middleware/static.rb:23:in `call'
rack (2.2.8) lib/rack/sendfile.rb:110:in `call'
actionpack (7.0.8) lib/action_dispatch/middleware/host_authorization.rb:138:in `call'
rack-cors (2.0.1) lib/rack/cors.rb:102:in `call'
railties (7.0.8) lib/rails/engine.rb:530:in `call'
puma (5.6.7) lib/puma/configuration.rb:252:in `call'
puma (5.6.7) lib/puma/request.rb:77:in `block in handle_request'
puma (5.6.7) lib/puma/thread_pool.rb:340:in `with_force_shutdown'
puma (5.6.7) lib/puma/request.rb:76:in `handle_request'
puma (5.6.7) lib/puma/server.rb:443:in `process_client'
puma (5.6.7) lib/puma/thread_pool.rb:147:in `block in spawn_thread'
  [1m[35m (210.6ms)[0m  [1m[34mSELECT pg_try_advisory_lock(737815420147457505)[0m
  [1m[36mActiveRecord::SchemaMigration Pluck (186.0ms)[0m  [1m[34mSELECT "schema_migrations"."version" FROM "schema_migrations" ORDER BY "schema_migrations"."version" ASC[0m
  [1m[36mActiveRecord::InternalMetadata Load (205.0ms)[0m  [1m[34mSELECT "ar_internal_metadata".* FROM "ar_internal_metadata" WHERE "ar_internal_metadata"."key" = $1 LIMIT $2[0m  [["key", "environment"], ["LIMIT", 1]]
  [1m[35m (127.7ms)[0m  [1m[34mSELECT pg_advisory_unlock(737815420147457505)[0m
  [1m[36mActiveRecord::SchemaMigration Pluck (219.4ms)[0m  [1m[34mSELECT "schema_migrations"."version" FROM "schema_migrations" ORDER BY "schema_migrations"."version" ASC[0m
Started POST "/auth" for 127.0.0.1 at 2023-10-20 13:43:17 +0300
  [1m[36mActiveRecord::SchemaMigration Pluck (99.9ms)[0m  [1m[34mSELECT "schema_migrations"."version" FROM "schema_migrations" ORDER BY "schema_migrations"."version" ASC[0m
Processing by DeviseTokenAuth::RegistrationsController#create as */*
  Parameters: {"email"=>"attila.zsigmond2002@gmail.com", "password"=>"[FILTERED]", "password_confirmation"=>"[FILTERED]"}
  [1m[36mTRANSACTION (102.8ms)[0m  [1m[35mBEGIN[0m
  [1m[36mUser Exists? (150.7ms)[0m  [1m[34mSELECT 1 AS one FROM "users" WHERE LOWER("users"."email") = LOWER($1) AND "users"."provider" = $2 LIMIT $3[0m  [["email", "attila.zsigmond2002@gmail.com"], ["provider", "email"], ["LIMIT", 1]]
  [1m[36mTRANSACTION (93.4ms)[0m  [1m[31mROLLBACK[0m
Completed 422 Unprocessable Entity in 1329ms (Views: 0.5ms | ActiveRecord: 1028.6ms | Allocations: 23384)


Started POST "/auth" for 127.0.0.1 at 2023-10-20 13:43:40 +0300
Processing by DeviseTokenAuth::RegistrationsController#create as */*
  Parameters: {"email"=>"attila.zsigmond2002@gmail.commmm", "password"=>"[FILTERED]", "password_confirmation"=>"[FILTERED]"}
  [1m[36mTRANSACTION (92.7ms)[0m  [1m[35mBEGIN[0m
  [1m[36mUser Exists? (94.4ms)[0m  [1m[34mSELECT 1 AS one FROM "users" WHERE LOWER("users"."email") = LOWER($1) AND "users"."provider" = $2 LIMIT $3[0m  [["email", "attila.zsigmond2002@gmail.commmm"], ["provider", "email"], ["LIMIT", 1]]
  [1m[36mUser Create (102.7ms)[0m  [1m[32mINSERT INTO "users" ("provider", "uid", "encrypted_password", "reset_password_token", "reset_password_sent_at", "allow_password_change", "remember_created_at", "confirmation_token", "confirmed_at", "confirmation_sent_at", "unconfirmed_email", "name", "nickname", "image", "email", "tokens", "created_at", "updated_at") VALUES ($1, $2, $3, $4, $5, $6, $7, $8, $9, $10, $11, $12, $13, $14, $15, $16, $17, $18) RETURNING "id"[0m  [["provider", "email"], ["uid", "attila.zsigmond2002@gmail.commmm"], ["encrypted_password", "[FILTERED]"], ["reset_password_token", "[FILTERED]"], ["reset_password_sent_at", "[FILTERED]"], ["allow_password_change", "[FILTERED]"], ["remember_created_at", nil], ["confirmation_token", "[FILTERED]"], ["confirmed_at", nil], ["confirmation_sent_at", nil], ["unconfirmed_email", nil], ["name", nil], ["nickname", nil], ["image", nil], ["email", "attila.zsigmond2002@gmail.commmm"], ["tokens", "[FILTERED]"], ["created_at", "2023-10-20 10:43:41.166262"], ["updated_at", "2023-10-20 10:43:41.166262"]]
  [1m[36mTRANSACTION (93.4ms)[0m  [1m[35mCOMMIT[0m
  [1m[36mTRANSACTION (87.4ms)[0m  [1m[35mBEGIN[0m
  [1m[36mUser Update (101.5ms)[0m  [1m[33mUPDATE "users" SET "tokens" = $1, "updated_at" = $2 WHERE "users"."id" = $3[0m  [["tokens", "[FILTERED]"], ["updated_at", "2023-10-20 10:43:41.454374"], ["id", 2]]
  [1m[36mTRANSACTION (93.2ms)[0m  [1m[35mCOMMIT[0m
  [1m[36mUser Load (107.4ms)[0m  [1m[34mSELECT "users".* FROM "users" WHERE "users"."id" = $1 LIMIT $2[0m  [["id", 2], ["LIMIT", 1]]
Completed 200 OK in 1408ms (Views: 0.3ms | ActiveRecord: 866.5ms | Allocations: 9970)


Started POST "/auth/sign_in?email=attila.zsigmond2002@gmail.com&password=[FILTERED]" for 127.0.0.1 at 2023-10-20 13:45:12 +0300
Processing by DeviseTokenAuth::SessionsController#create as */*
  Parameters: {"email"=>"attila.zsigmond2002@gmail.com", "password"=>"[FILTERED]"}
  [1m[36mUser Load (97.3ms)[0m  [1m[34mSELECT "users".* FROM "users" WHERE "users"."email" = $1 AND "users"."provider" = $2 LIMIT $3[0m  [["email", "attila.zsigmond2002@gmail.com"], ["provider", "email"], ["LIMIT", 1]]
  [1m[36mTRANSACTION (91.9ms)[0m  [1m[35mBEGIN[0m
  [1m[36mUser Load (100.3ms)[0m  [1m[37mSELECT "users".* FROM "users" WHERE "users"."id" = $1 LIMIT $2 FOR UPDATE[0m  [["id", 1], ["LIMIT", 1]]
  [1m[36mUser Update (96.5ms)[0m  [1m[33mUPDATE "users" SET "tokens" = $1, "updated_at" = $2 WHERE "users"."id" = $3[0m  [["tokens", "[FILTERED]"], ["updated_at", "2023-10-20 10:45:13.183613"], ["id", 1]]
  [1m[36mTRANSACTION (93.7ms)[0m  [1m[35mCOMMIT[0m
  [1m[36mUser Load (98.8ms)[0m  [1m[34mSELECT "users".* FROM "users" WHERE "users"."id" = $1 LIMIT $2[0m  [["id", 1], ["LIMIT", 1]]
Completed 200 OK in 1126ms (Views: 0.2ms | ActiveRecord: 578.5ms | Allocations: 7911)


Started GET "/auth/validate_token?uid=attila.zsigmond2002@gmail.com&client=Dg0K88FBoVhXo_x5Ek82RQ&access-token=[FILTERED]" for 127.0.0.1 at 2023-10-20 13:48:38 +0300
Processing by DeviseTokenAuth::TokenValidationsController#validate_token as */*
  Parameters: {"uid"=>"attila.zsigmond2002@gmail.com", "client"=>"Dg0K88FBoVhXo_x5Ek82RQ", "access-token"=>"[FILTERED]"}
  [1m[36mUser Load (105.4ms)[0m  [1m[34mSELECT "users".* FROM "users" WHERE "users"."uid" = $1 LIMIT $2[0m  [["uid", "attila.zsigmond2002@gmail.com"], ["LIMIT", 1]]
Completed 500 Internal Server Error in 431ms (ActiveRecord: 105.4ms | Allocations: 1495)


  
ActionDispatch::Request::Session::DisabledSessionError (Your application has sessions disabled. To write to the session you must first configure a session store):
  
actionpack (7.0.8) lib/action_dispatch/request/session.rb:253:in `load_for_write!'
actionpack (7.0.8) lib/action_dispatch/request/session.rb:151:in `[]='
warden (1.2.9) lib/warden/session_serializer.rb:27:in `store'
devise (4.9.3) lib/devise/controllers/sign_in_out.rb:68:in `bypass_sign_in'
devise_token_auth (1.2.2) app/controllers/devise_token_auth/concerns/set_user_by_token.rb:90:in `set_user_by_token'
activesupport (7.0.8) lib/active_support/callbacks.rb:400:in `block in make_lambda'
activesupport (7.0.8) lib/active_support/callbacks.rb:180:in `block (2 levels) in halting_and_conditional'
actionpack (7.0.8) lib/abstract_controller/callbacks.rb:34:in `block (2 levels) in <module:Callbacks>'
activesupport (7.0.8) lib/active_support/callbacks.rb:181:in `block in halting_and_conditional'
activesupport (7.0.8) lib/active_support/callbacks.rb:595:in `block in invoke_before'
activesupport (7.0.8) lib/active_support/callbacks.rb:595:in `each'
activesupport (7.0.8) lib/active_support/callbacks.rb:595:in `invoke_before'
activesupport (7.0.8) lib/active_support/callbacks.rb:106:in `run_callbacks'
actionpack (7.0.8) lib/abstract_controller/callbacks.rb:233:in `process_action'
actionpack (7.0.8) lib/action_controller/metal/rescue.rb:23:in `process_action'
actionpack (7.0.8) lib/action_controller/metal/instrumentation.rb:67:in `block in process_action'
activesupport (7.0.8) lib/active_support/notifications.rb:206:in `block in instrument'
activesupport (7.0.8) lib/active_support/notifications/instrumenter.rb:24:in `instrument'
activesupport (7.0.8) lib/active_support/notifications.rb:206:in `instrument'
actionpack (7.0.8) lib/action_controller/metal/instrumentation.rb:66:in `process_action'
actionpack (7.0.8) lib/action_controller/metal/params_wrapper.rb:259:in `process_action'
activerecord (7.0.8) lib/active_record/railties/controller_runtime.rb:27:in `process_action'
actionpack (7.0.8) lib/abstract_controller/base.rb:151:in `process'
actionpack (7.0.8) lib/action_controller/metal.rb:188:in `dispatch'
actionpack (7.0.8) lib/action_controller/metal.rb:251:in `dispatch'
actionpack (7.0.8) lib/action_dispatch/routing/route_set.rb:49:in `dispatch'
actionpack (7.0.8) lib/action_dispatch/routing/route_set.rb:32:in `serve'
actionpack (7.0.8) lib/action_dispatch/routing/mapper.rb:18:in `block in <class:Constraints>'
actionpack (7.0.8) lib/action_dispatch/routing/mapper.rb:48:in `serve'
actionpack (7.0.8) lib/action_dispatch/journey/router.rb:50:in `block in serve'
actionpack (7.0.8) lib/action_dispatch/journey/router.rb:32:in `each'
actionpack (7.0.8) lib/action_dispatch/journey/router.rb:32:in `serve'
actionpack (7.0.8) lib/action_dispatch/routing/route_set.rb:852:in `call'
warden (1.2.9) lib/warden/manager.rb:36:in `block in call'
warden (1.2.9) lib/warden/manager.rb:34:in `catch'
warden (1.2.9) lib/warden/manager.rb:34:in `call'
rack (2.2.8) lib/rack/etag.rb:27:in `call'
rack (2.2.8) lib/rack/conditional_get.rb:27:in `call'
rack (2.2.8) lib/rack/head.rb:12:in `call'
activerecord (7.0.8) lib/active_record/migration.rb:638:in `call'
actionpack (7.0.8) lib/action_dispatch/middleware/callbacks.rb:27:in `block in call'
activesupport (7.0.8) lib/active_support/callbacks.rb:99:in `run_callbacks'
actionpack (7.0.8) lib/action_dispatch/middleware/callbacks.rb:26:in `call'
actionpack (7.0.8) lib/action_dispatch/middleware/executor.rb:14:in `call'
actionpack (7.0.8) lib/action_dispatch/middleware/actionable_exceptions.rb:17:in `call'
actionpack (7.0.8) lib/action_dispatch/middleware/debug_exceptions.rb:28:in `call'
actionpack (7.0.8) lib/action_dispatch/middleware/show_exceptions.rb:29:in `call'
railties (7.0.8) lib/rails/rack/logger.rb:40:in `call_app'
railties (7.0.8) lib/rails/rack/logger.rb:25:in `block in call'
activesupport (7.0.8) lib/active_support/tagged_logging.rb:99:in `block in tagged'
activesupport (7.0.8) lib/active_support/tagged_logging.rb:37:in `tagged'
activesupport (7.0.8) lib/active_support/tagged_logging.rb:99:in `tagged'
railties (7.0.8) lib/rails/rack/logger.rb:25:in `call'
actionpack (7.0.8) lib/action_dispatch/middleware/remote_ip.rb:93:in `call'
actionpack (7.0.8) lib/action_dispatch/middleware/request_id.rb:26:in `call'
rack (2.2.8) lib/rack/runtime.rb:22:in `call'
activesupport (7.0.8) lib/active_support/cache/strategy/local_cache_middleware.rb:29:in `call'
actionpack (7.0.8) lib/action_dispatch/middleware/server_timing.rb:61:in `block in call'
actionpack (7.0.8) lib/action_dispatch/middleware/server_timing.rb:26:in `collect_events'
actionpack (7.0.8) lib/action_dispatch/middleware/server_timing.rb:60:in `call'
actionpack (7.0.8) lib/action_dispatch/middleware/executor.rb:14:in `call'
actionpack (7.0.8) lib/action_dispatch/middleware/static.rb:23:in `call'
rack (2.2.8) lib/rack/sendfile.rb:110:in `call'
actionpack (7.0.8) lib/action_dispatch/middleware/host_authorization.rb:138:in `call'
rack-cors (2.0.1) lib/rack/cors.rb:102:in `call'
railties (7.0.8) lib/rails/engine.rb:530:in `call'
puma (5.6.7) lib/puma/configuration.rb:252:in `call'
puma (5.6.7) lib/puma/request.rb:77:in `block in handle_request'
puma (5.6.7) lib/puma/thread_pool.rb:340:in `with_force_shutdown'
puma (5.6.7) lib/puma/request.rb:76:in `handle_request'
puma (5.6.7) lib/puma/server.rb:443:in `process_client'
puma (5.6.7) lib/puma/thread_pool.rb:147:in `block in spawn_thread'
Started GET "/" for 127.0.0.1 at 2023-10-20 15:48:23 +0300
  [1m[36mActiveRecord::SchemaMigration Pluck (101.3ms)[0m  [1m[34mSELECT "schema_migrations"."version" FROM "schema_migrations" ORDER BY "schema_migrations"."version" ASC[0m
Processing by Rails::WelcomeController#index as HTML
  Rendering /home/zsigmond/.rbenv/versions/3.1.1/lib/ruby/gems/3.1.0/gems/railties-7.0.8/lib/rails/templates/rails/welcome/index.html.erb
  Rendered /home/zsigmond/.rbenv/versions/3.1.1/lib/ruby/gems/3.1.0/gems/railties-7.0.8/lib/rails/templates/rails/welcome/index.html.erb (Duration: 7.9ms | Allocations: 527)
Completed 200 OK in 80ms (Views: 26.7ms | ActiveRecord: 0.0ms | Allocations: 6149)


  [1m[36mActiveRecord::SchemaMigration Pluck (203.9ms)[0m  [1m[34mSELECT "schema_migrations"."version" FROM "schema_migrations" ORDER BY "schema_migrations"."version" ASC[0m
  [1m[36mActiveRecord::InternalMetadata Pluck (100.5ms)[0m  [1m[34mSELECT "ar_internal_metadata"."value" FROM "ar_internal_metadata" WHERE "ar_internal_metadata"."key" = $1 LIMIT $2[0m  [["key", "environment"], ["LIMIT", 1]]
  [1m[36mActiveRecord::SchemaMigration Pluck (100.2ms)[0m  [1m[34mSELECT "schema_migrations"."version" FROM "schema_migrations" ORDER BY "schema_migrations"."version" ASC[0m
  [1m[36mActiveRecord::InternalMetadata Pluck (92.2ms)[0m  [1m[34mSELECT "ar_internal_metadata"."value" FROM "ar_internal_metadata" WHERE "ar_internal_metadata"."key" = $1 LIMIT $2[0m  [["key", "environment"], ["LIMIT", 1]]
  [1m[36mActiveRecord::SchemaMigration Pluck (205.7ms)[0m  [1m[34mSELECT "schema_migrations"."version" FROM "schema_migrations" ORDER BY "schema_migrations"."version" ASC[0m
  [1m[36mActiveRecord::InternalMetadata Pluck (97.3ms)[0m  [1m[34mSELECT "ar_internal_metadata"."value" FROM "ar_internal_metadata" WHERE "ar_internal_metadata"."key" = $1 LIMIT $2[0m  [["key", "environment"], ["LIMIT", 1]]
  [1m[35m (95.1ms)[0m  [1m[35mDROP DATABASE IF EXISTS "postgres"[0m
  [1m[36mActiveRecord::SchemaMigration Pluck (94.7ms)[0m  [1m[34mSELECT "schema_migrations"."version" FROM "schema_migrations" ORDER BY "schema_migrations"."version" ASC[0m
  [1m[36mActiveRecord::SchemaMigration Pluck (92.6ms)[0m  [1m[34mSELECT "schema_migrations"."version" FROM "schema_migrations" ORDER BY "schema_migrations"."version" ASC[0m
  [1m[36mActiveRecord::SchemaMigration Pluck (94.5ms)[0m  [1m[34mSELECT "schema_migrations"."version" FROM "schema_migrations" ORDER BY "schema_migrations"."version" ASC[0m
  [1m[35m (88.9ms)[0m  [1m[34mSELECT pg_try_advisory_lock(737815420147457505)[0m
  [1m[36mActiveRecord::SchemaMigration Pluck (95.1ms)[0m  [1m[34mSELECT "schema_migrations"."version" FROM "schema_migrations" ORDER BY "schema_migrations"."version" ASC[0m
Migrating to DeviseTokenAuthCreateAdmins (20231012150243)
  [1m[36mTRANSACTION (87.5ms)[0m  [1m[35mBEGIN[0m
  [1m[35m (92.8ms)[0m  [1m[35mDROP INDEX  "index_admins_on_confirmation_token"[0m
  [1m[35m (89.7ms)[0m  [1m[35mDROP INDEX  "index_admins_on_reset_password_token"[0m
  [1m[35m (88.8ms)[0m  [1m[35mDROP INDEX  "index_admins_on_uid_and_provider"[0m
  [1m[35m (90.5ms)[0m  [1m[35mDROP INDEX  "index_admins_on_email"[0m
  [1m[35m (91.5ms)[0m  [1m[35mDROP TABLE "admins"[0m
  [1m[36mActiveRecord::SchemaMigration Delete All (95.7ms)[0m  [1m[31mDELETE FROM "schema_migrations" WHERE "schema_migrations"."version" = $1[0m  [["version", "20231012150243"]]
  [1m[36mTRANSACTION (90.8ms)[0m  [1m[35mCOMMIT[0m
  [1m[35m (91.4ms)[0m  [1m[34mSELECT pg_advisory_unlock(737815420147457505)[0m
  [1m[36mActiveRecord::SchemaMigration Pluck (94.6ms)[0m  [1m[34mSELECT "schema_migrations"."version" FROM "schema_migrations" ORDER BY "schema_migrations"."version" ASC[0m
  [1m[36mUser Load (98.3ms)[0m  [1m[34mSELECT "users".* FROM "users"[0m
  [1m[36mActiveRecord::SchemaMigration Pluck (93.7ms)[0m  [1m[34mSELECT "schema_migrations"."version" FROM "schema_migrations" ORDER BY "schema_migrations"."version" ASC[0m
  [1m[36mActiveRecord::SchemaMigration Pluck (93.9ms)[0m  [1m[34mSELECT "schema_migrations"."version" FROM "schema_migrations" ORDER BY "schema_migrations"."version" ASC[0m
  [1m[36mActiveRecord::SchemaMigration Pluck (101.1ms)[0m  [1m[34mSELECT "schema_migrations"."version" FROM "schema_migrations" ORDER BY "schema_migrations"."version" ASC[0m
  [1m[35m (90.1ms)[0m  [1m[34mSELECT pg_try_advisory_lock(737815420147457505)[0m
  [1m[36mActiveRecord::SchemaMigration Pluck (94.0ms)[0m  [1m[34mSELECT "schema_migrations"."version" FROM "schema_migrations" ORDER BY "schema_migrations"."version" ASC[0m
  [1m[35m (94.2ms)[0m  [1m[34mSELECT pg_advisory_unlock(737815420147457505)[0m
  [1m[36mActiveRecord::SchemaMigration Pluck (99.9ms)[0m  [1m[34mSELECT "schema_migrations"."version" FROM "schema_migrations" ORDER BY "schema_migrations"."version" ASC[0m
  [1m[36mActiveRecord::SchemaMigration Pluck (95.4ms)[0m  [1m[34mSELECT "schema_migrations"."version" FROM "schema_migrations" ORDER BY "schema_migrations"."version" ASC[0m
  [1m[36mActiveRecord::InternalMetadata Pluck (97.7ms)[0m  [1m[34mSELECT "ar_internal_metadata"."value" FROM "ar_internal_metadata" WHERE "ar_internal_metadata"."key" = $1 LIMIT $2[0m  [["key", "environment"], ["LIMIT", 1]]
  [1m[36mActiveRecord::SchemaMigration Pluck (94.4ms)[0m  [1m[34mSELECT "schema_migrations"."version" FROM "schema_migrations" ORDER BY "schema_migrations"."version" ASC[0m
  [1m[36mActiveRecord::InternalMetadata Pluck (92.9ms)[0m  [1m[34mSELECT "ar_internal_metadata"."value" FROM "ar_internal_metadata" WHERE "ar_internal_metadata"."key" = $1 LIMIT $2[0m  [["key", "environment"], ["LIMIT", 1]]
  [1m[36mActiveRecord::SchemaMigration Pluck (94.5ms)[0m  [1m[34mSELECT "schema_migrations"."version" FROM "schema_migrations" ORDER BY "schema_migrations"."version" ASC[0m
  [1m[36mActiveRecord::InternalMetadata Pluck (86.8ms)[0m  [1m[34mSELECT "ar_internal_metadata"."value" FROM "ar_internal_metadata" WHERE "ar_internal_metadata"."key" = $1 LIMIT $2[0m  [["key", "environment"], ["LIMIT", 1]]
  [1m[35m (103.1ms)[0m  [1m[35mDROP DATABASE IF EXISTS "postgres"[0m
  [1m[36mActiveRecord::SchemaMigration Pluck (113.8ms)[0m  [1m[34mSELECT "schema_migrations"."version" FROM "schema_migrations" ORDER BY "schema_migrations"."version" ASC[0m
  [1m[36mActiveRecord::InternalMetadata Pluck (102.4ms)[0m  [1m[34mSELECT "ar_internal_metadata"."value" FROM "ar_internal_metadata" WHERE "ar_internal_metadata"."key" = $1 LIMIT $2[0m  [["key", "environment"], ["LIMIT", 1]]
  [1m[36mActiveRecord::SchemaMigration Pluck (98.5ms)[0m  [1m[34mSELECT "schema_migrations"."version" FROM "schema_migrations" ORDER BY "schema_migrations"."version" ASC[0m
  [1m[36mActiveRecord::InternalMetadata Pluck (97.0ms)[0m  [1m[34mSELECT "ar_internal_metadata"."value" FROM "ar_internal_metadata" WHERE "ar_internal_metadata"."key" = $1 LIMIT $2[0m  [["key", "environment"], ["LIMIT", 1]]
  [1m[36mActiveRecord::SchemaMigration Pluck (108.7ms)[0m  [1m[34mSELECT "schema_migrations"."version" FROM "schema_migrations" ORDER BY "schema_migrations"."version" ASC[0m
  [1m[36mActiveRecord::InternalMetadata Pluck (108.6ms)[0m  [1m[34mSELECT "ar_internal_metadata"."value" FROM "ar_internal_metadata" WHERE "ar_internal_metadata"."key" = $1 LIMIT $2[0m  [["key", "environment"], ["LIMIT", 1]]
  [1m[35m (105.3ms)[0m  [1m[35mDROP DATABASE IF EXISTS "postgres"[0m
  [1m[36mUser Load (107.4ms)[0m  [1m[34mSELECT "users".* FROM "users"[0m
  [1m[35m (120.4ms)[0m  [1m[35mCREATE TABLE "schema_migrations" ("version" character varying NOT NULL PRIMARY KEY)[0m
  [1m[35m (134.3ms)[0m  [1m[35mCREATE TABLE "ar_internal_metadata" ("key" character varying NOT NULL PRIMARY KEY, "value" character varying, "created_at" timestamp(6) NOT NULL, "updated_at" timestamp(6) NOT NULL)[0m
  [1m[35m (155.5ms)[0m  [1m[34mSELECT pg_try_advisory_lock(328290156475937670)[0m
  [1m[36mActiveRecord::SchemaMigration Pluck (110.1ms)[0m  [1m[34mSELECT "schema_migrations"."version" FROM "schema_migrations" ORDER BY "schema_migrations"."version" ASC[0m
Migrating to DeviseTokenAuthCreateUsers (20231012145933)
  [1m[36mTRANSACTION (95.2ms)[0m  [1m[35mBEGIN[0m
  [1m[35m (123.3ms)[0m  [1m[35mCREATE TABLE "users" ("id" bigserial primary key, "provider" character varying DEFAULT 'email' NOT NULL, "uid" character varying DEFAULT '' NOT NULL, "encrypted_password" character varying DEFAULT '' NOT NULL, "reset_password_token" character varying, "reset_password_sent_at" timestamp(6), "allow_password_change" boolean DEFAULT FALSE, "remember_created_at" timestamp(6), "confirmation_token" character varying, "confirmed_at" timestamp(6), "confirmation_sent_at" timestamp(6), "unconfirmed_email" character varying, "firstname" character varying, "lastname" character varying, "email" character varying, "phone_number" character varying, "language" character varying, "tokens" json, "created_at" timestamp(6) NOT NULL, "updated_at" timestamp(6) NOT NULL)[0m
  [1m[35m (119.0ms)[0m  [1m[35mCREATE UNIQUE INDEX "index_users_on_email" ON "users" ("email")[0m
  [1m[35m (114.6ms)[0m  [1m[35mCREATE UNIQUE INDEX "index_users_on_uid_and_provider" ON "users" ("uid", "provider")[0m
  [1m[35m (124.7ms)[0m  [1m[35mCREATE UNIQUE INDEX "index_users_on_reset_password_token" ON "users" ("reset_password_token")[0m
  [1m[35m (122.6ms)[0m  [1m[35mCREATE UNIQUE INDEX "index_users_on_confirmation_token" ON "users" ("confirmation_token")[0m
  [1m[36mActiveRecord::SchemaMigration Create (108.1ms)[0m  [1m[32mINSERT INTO "schema_migrations" ("version") VALUES ($1) RETURNING "version"[0m  [["version", "20231012145933"]]
  [1m[36mTRANSACTION (100.1ms)[0m  [1m[35mCOMMIT[0m
Migrating to DeviseTokenAuthCreateAdmins (20231012150243)
  [1m[36mTRANSACTION (94.6ms)[0m  [1m[35mBEGIN[0m
  [1m[35m (118.4ms)[0m  [1m[35mCREATE TABLE "admins" ("id" bigserial primary key, "provider" character varying DEFAULT 'email' NOT NULL, "uid" character varying DEFAULT '' NOT NULL, "encrypted_password" character varying DEFAULT '' NOT NULL, "reset_password_token" character varying, "reset_password_sent_at" timestamp(6), "allow_password_change" boolean DEFAULT FALSE, "remember_created_at" timestamp(6), "confirmation_token" character varying, "confirmed_at" timestamp(6), "confirmation_sent_at" timestamp(6), "unconfirmed_email" character varying, "email" character varying, "firstname" character varying, "lastname" character varying, "nickname" character varying, "role" character varying, "phone_number" character varying, "address" character varying, "tokens" json, "created_at" timestamp(6) NOT NULL, "updated_at" timestamp(6) NOT NULL)[0m
  [1m[35m (107.6ms)[0m  [1m[35mCREATE UNIQUE INDEX "index_admins_on_email" ON "admins" ("email")[0m
  [1m[35m (123.5ms)[0m  [1m[35mCREATE UNIQUE INDEX "index_admins_on_uid_and_provider" ON "admins" ("uid", "provider")[0m
  [1m[35m (130.4ms)[0m  [1m[35mCREATE UNIQUE INDEX "index_admins_on_reset_password_token" ON "admins" ("reset_password_token")[0m
  [1m[35m (116.0ms)[0m  [1m[35mCREATE UNIQUE INDEX "index_admins_on_confirmation_token" ON "admins" ("confirmation_token")[0m
  [1m[36mActiveRecord::SchemaMigration Create (102.5ms)[0m  [1m[32mINSERT INTO "schema_migrations" ("version") VALUES ($1) RETURNING "version"[0m  [["version", "20231012150243"]]
  [1m[36mTRANSACTION (106.7ms)[0m  [1m[35mCOMMIT[0m
Migrating to CreateCompanies (20231021192149)
  [1m[36mTRANSACTION (105.4ms)[0m  [1m[35mBEGIN[0m
  [1m[35m (107.4ms)[0m  [1m[35mCREATE TABLE "companies" ("id" bigserial primary key, "company_uid" character varying NOT NULL PRIMARY KEY, "name" character varying, "email" character varying, "phone_number" character varying, "tax_number" character varying, "office_address" character varying, "created_at" timestamp(6) NOT NULL, "updated_at" timestamp(6) NOT NULL)[0m
  [1m[36mTRANSACTION (100.1ms)[0m  [1m[31mROLLBACK[0m
  [1m[35m (99.7ms)[0m  [1m[34mSELECT pg_advisory_unlock(328290156475937670)[0m
  [1m[36mActiveRecord::SchemaMigration Pluck (103.6ms)[0m  [1m[34mSELECT "schema_migrations"."version" FROM "schema_migrations" ORDER BY "schema_migrations"."version" ASC[0m
  [1m[36mActiveRecord::SchemaMigration Pluck (97.7ms)[0m  [1m[34mSELECT "schema_migrations"."version" FROM "schema_migrations" ORDER BY "schema_migrations"."version" ASC[0m
  [1m[36mActiveRecord::SchemaMigration Pluck (103.7ms)[0m  [1m[34mSELECT "schema_migrations"."version" FROM "schema_migrations" ORDER BY "schema_migrations"."version" ASC[0m
  [1m[35m (103.1ms)[0m  [1m[34mSELECT pg_try_advisory_lock(328290156475937670)[0m
  [1m[36mActiveRecord::SchemaMigration Pluck (98.7ms)[0m  [1m[34mSELECT "schema_migrations"."version" FROM "schema_migrations" ORDER BY "schema_migrations"."version" ASC[0m
Migrating to DeviseTokenAuthCreateAdmins (20231012150243)
  [1m[36mTRANSACTION (114.7ms)[0m  [1m[35mBEGIN[0m
  [1m[35m (101.0ms)[0m  [1m[35mDROP INDEX  "index_admins_on_confirmation_token"[0m
  [1m[35m (101.0ms)[0m  [1m[35mDROP INDEX  "index_admins_on_reset_password_token"[0m
  [1m[35m (126.8ms)[0m  [1m[35mDROP INDEX  "index_admins_on_uid_and_provider"[0m
  [1m[35m (95.5ms)[0m  [1m[35mDROP INDEX  "index_admins_on_email"[0m
  [1m[35m (102.5ms)[0m  [1m[35mDROP TABLE "admins"[0m
  [1m[36mActiveRecord::SchemaMigration Delete All (96.5ms)[0m  [1m[31mDELETE FROM "schema_migrations" WHERE "schema_migrations"."version" = $1[0m  [["version", "20231012150243"]]
  [1m[36mTRANSACTION (94.3ms)[0m  [1m[35mCOMMIT[0m
  [1m[35m (104.9ms)[0m  [1m[34mSELECT pg_advisory_unlock(328290156475937670)[0m
  [1m[36mActiveRecord::SchemaMigration Pluck (106.8ms)[0m  [1m[34mSELECT "schema_migrations"."version" FROM "schema_migrations" ORDER BY "schema_migrations"."version" ASC[0m
  [1m[36mActiveRecord::SchemaMigration Pluck (108.7ms)[0m  [1m[34mSELECT "schema_migrations"."version" FROM "schema_migrations" ORDER BY "schema_migrations"."version" ASC[0m
  [1m[36mActiveRecord::SchemaMigration Pluck (114.8ms)[0m  [1m[34mSELECT "schema_migrations"."version" FROM "schema_migrations" ORDER BY "schema_migrations"."version" ASC[0m
  [1m[36mActiveRecord::SchemaMigration Pluck (99.1ms)[0m  [1m[34mSELECT "schema_migrations"."version" FROM "schema_migrations" ORDER BY "schema_migrations"."version" ASC[0m
  [1m[35m (104.9ms)[0m  [1m[34mSELECT pg_try_advisory_lock(328290156475937670)[0m
  [1m[36mActiveRecord::SchemaMigration Pluck (99.6ms)[0m  [1m[34mSELECT "schema_migrations"."version" FROM "schema_migrations" ORDER BY "schema_migrations"."version" ASC[0m
Migrating to DeviseTokenAuthCreateUsers (20231012145933)
  [1m[36mTRANSACTION (95.5ms)[0m  [1m[35mBEGIN[0m
  [1m[35m (98.2ms)[0m  [1m[35mDROP INDEX  "index_users_on_confirmation_token"[0m
  [1m[35m (91.7ms)[0m  [1m[35mDROP INDEX  "index_users_on_reset_password_token"[0m
  [1m[35m (101.0ms)[0m  [1m[35mDROP INDEX  "index_users_on_uid_and_provider"[0m
  [1m[35m (92.7ms)[0m  [1m[35mDROP INDEX  "index_users_on_email"[0m
  [1m[35m (99.1ms)[0m  [1m[35mDROP TABLE "users"[0m
  [1m[36mActiveRecord::SchemaMigration Delete All (108.6ms)[0m  [1m[31mDELETE FROM "schema_migrations" WHERE "schema_migrations"."version" = $1[0m  [["version", "20231012145933"]]
  [1m[36mTRANSACTION (93.4ms)[0m  [1m[35mCOMMIT[0m
  [1m[35m (95.8ms)[0m  [1m[34mSELECT pg_advisory_unlock(328290156475937670)[0m
  [1m[36mActiveRecord::SchemaMigration Pluck (98.7ms)[0m  [1m[34mSELECT "schema_migrations"."version" FROM "schema_migrations" ORDER BY "schema_migrations"."version" ASC[0m
  [1m[36mActiveRecord::SchemaMigration Pluck (104.7ms)[0m  [1m[34mSELECT "schema_migrations"."version" FROM "schema_migrations" ORDER BY "schema_migrations"."version" ASC[0m
  [1m[36mActiveRecord::SchemaMigration Pluck (108.3ms)[0m  [1m[34mSELECT "schema_migrations"."version" FROM "schema_migrations" ORDER BY "schema_migrations"."version" ASC[0m
  [1m[35m (103.4ms)[0m  [1m[34mSELECT pg_try_advisory_lock(328290156475937670)[0m
  [1m[36mActiveRecord::SchemaMigration Pluck (102.3ms)[0m  [1m[34mSELECT "schema_migrations"."version" FROM "schema_migrations" ORDER BY "schema_migrations"."version" ASC[0m
  [1m[35m (135.3ms)[0m  [1m[34mSELECT pg_advisory_unlock(328290156475937670)[0m
  [1m[36mActiveRecord::SchemaMigration Pluck (104.2ms)[0m  [1m[34mSELECT "schema_migrations"."version" FROM "schema_migrations" ORDER BY "schema_migrations"."version" ASC[0m
  [1m[36mUser Load (107.3ms)[0m  [1m[34mSELECT "users".* FROM "users"[0m
  [1m[35m (98.7ms)[0m  [1m[34mSELECT pg_try_advisory_lock(328290156475937670)[0m
  [1m[36mActiveRecord::SchemaMigration Pluck (106.1ms)[0m  [1m[34mSELECT "schema_migrations"."version" FROM "schema_migrations" ORDER BY "schema_migrations"."version" ASC[0m
Migrating to DeviseTokenAuthCreateUsers (20231012145933)
  [1m[36mTRANSACTION (96.6ms)[0m  [1m[35mBEGIN[0m
  [1m[35m (133.0ms)[0m  [1m[35mCREATE TABLE "users" ("provider" character varying DEFAULT 'email' NOT NULL, "user_uid" character varying DEFAULT '' NOT NULL, "encrypted_password" character varying DEFAULT '' NOT NULL, "reset_password_token" character varying, "reset_password_sent_at" timestamp(6), "allow_password_change" boolean DEFAULT FALSE, "remember_created_at" timestamp(6), "confirmation_token" character varying, "confirmed_at" timestamp(6), "confirmation_sent_at" timestamp(6), "unconfirmed_email" character varying, "firstname" character varying, "lastname" character varying, "email" character varying, "phone_number" character varying, "language" character varying, "tokens" json, "created_at" timestamp(6) NOT NULL, "updated_at" timestamp(6) NOT NULL)[0m
  [1m[35m (110.4ms)[0m  [1m[35mCREATE UNIQUE INDEX "index_users_on_email" ON "users" ("email")[0m
  [1m[35m (109.2ms)[0m  [1m[35mCREATE UNIQUE INDEX "index_users_on_uid_and_provider" ON "users" ("uid", "provider")[0m
  [1m[36mTRANSACTION (102.8ms)[0m  [1m[31mROLLBACK[0m
  [1m[35m (105.9ms)[0m  [1m[34mSELECT pg_advisory_unlock(328290156475937670)[0m
  [1m[35m (103.1ms)[0m  [1m[34mSELECT pg_try_advisory_lock(328290156475937670)[0m
  [1m[36mActiveRecord::SchemaMigration Pluck (106.5ms)[0m  [1m[34mSELECT "schema_migrations"."version" FROM "schema_migrations" ORDER BY "schema_migrations"."version" ASC[0m
Migrating to DeviseTokenAuthCreateUsers (20231012145933)
  [1m[36mTRANSACTION (87.8ms)[0m  [1m[35mBEGIN[0m
  [1m[35m (127.5ms)[0m  [1m[35mCREATE TABLE "users" ("provider" character varying DEFAULT 'email' NOT NULL, "user_uid" character varying DEFAULT '' NOT NULL, "encrypted_password" character varying DEFAULT '' NOT NULL, "reset_password_token" character varying, "reset_password_sent_at" timestamp(6), "allow_password_change" boolean DEFAULT FALSE, "remember_created_at" timestamp(6), "confirmation_token" character varying, "confirmed_at" timestamp(6), "confirmation_sent_at" timestamp(6), "unconfirmed_email" character varying, "firstname" character varying, "lastname" character varying, "email" character varying, "phone_number" character varying, "language" character varying, "tokens" json, "created_at" timestamp(6) NOT NULL, "updated_at" timestamp(6) NOT NULL)[0m
  [1m[35m (105.2ms)[0m  [1m[35mCREATE UNIQUE INDEX "index_users_on_email" ON "users" ("email")[0m
  [1m[35m (123.8ms)[0m  [1m[35mCREATE UNIQUE INDEX "index_users_on_user_uid_and_provider" ON "users" ("user_uid", "provider")[0m
  [1m[35m (107.4ms)[0m  [1m[35mCREATE UNIQUE INDEX "index_users_on_reset_password_token" ON "users" ("reset_password_token")[0m
  [1m[35m (107.7ms)[0m  [1m[35mCREATE UNIQUE INDEX "index_users_on_confirmation_token" ON "users" ("confirmation_token")[0m
  [1m[36mActiveRecord::SchemaMigration Create (105.0ms)[0m  [1m[32mINSERT INTO "schema_migrations" ("version") VALUES ($1) RETURNING "version"[0m  [["version", "20231012145933"]]
  [1m[36mTRANSACTION (99.2ms)[0m  [1m[35mCOMMIT[0m
Migrating to DeviseTokenAuthCreateAdmins (20231012150243)
  [1m[36mTRANSACTION (98.7ms)[0m  [1m[35mBEGIN[0m
  [1m[35m (116.9ms)[0m  [1m[35mCREATE TABLE "admins" ("provider" character varying DEFAULT 'email' NOT NULL, "admin_uid" character varying DEFAULT '' NOT NULL, "encrypted_password" character varying DEFAULT '' NOT NULL, "reset_password_token" character varying, "reset_password_sent_at" timestamp(6), "allow_password_change" boolean DEFAULT FALSE, "remember_created_at" timestamp(6), "confirmation_token" character varying, "confirmed_at" timestamp(6), "confirmation_sent_at" timestamp(6), "unconfirmed_email" character varying, "email" character varying, "firstname" character varying, "lastname" character varying, "nickname" character varying, "role" character varying, "phone_number" character varying, "address" character varying, "tokens" json, "created_at" timestamp(6) NOT NULL, "updated_at" timestamp(6) NOT NULL)[0m
  [1m[35m (130.6ms)[0m  [1m[35mCREATE UNIQUE INDEX "index_admins_on_email" ON "admins" ("email")[0m
  [1m[35m (116.3ms)[0m  [1m[35mCREATE UNIQUE INDEX "index_admins_on_admin_uid_and_provider" ON "admins" ("admin_uid", "provider")[0m
  [1m[35m (113.3ms)[0m  [1m[35mCREATE UNIQUE INDEX "index_admins_on_reset_password_token" ON "admins" ("reset_password_token")[0m
  [1m[35m (110.0ms)[0m  [1m[35mCREATE UNIQUE INDEX "index_admins_on_confirmation_token" ON "admins" ("confirmation_token")[0m
  [1m[36mActiveRecord::SchemaMigration Create (97.8ms)[0m  [1m[32mINSERT INTO "schema_migrations" ("version") VALUES ($1) RETURNING "version"[0m  [["version", "20231012150243"]]
  [1m[36mTRANSACTION (114.3ms)[0m  [1m[35mCOMMIT[0m
Migrating to CreateCompanies (20231021192149)
  [1m[36mTRANSACTION (95.8ms)[0m  [1m[35mBEGIN[0m
  [1m[35m (115.9ms)[0m  [1m[35mCREATE TABLE "companies" ("company_uid" character varying NOT NULL PRIMARY KEY, "name" character varying, "email" character varying, "phone_number" character varying, "tax_number" character varying, "office_address" character varying, "created_at" timestamp(6) NOT NULL, "updated_at" timestamp(6) NOT NULL)[0m
  [1m[36mActiveRecord::SchemaMigration Create (108.8ms)[0m  [1m[32mINSERT INTO "schema_migrations" ("version") VALUES ($1) RETURNING "version"[0m  [["version", "20231021192149"]]
  [1m[36mTRANSACTION (95.2ms)[0m  [1m[35mCOMMIT[0m
Migrating to CreateBuses (20231021192615)
  [1m[36mTRANSACTION (95.1ms)[0m  [1m[35mBEGIN[0m
  [1m[35m (114.8ms)[0m  [1m[35mCREATE TABLE "buses" ("bus_uid" character varying NOT NULL PRIMARY KEY, "company_uid" character varying, "string" character varying, "license_plate" character varying, "brand" character varying, "manufacturing_year" integer, "capacity" integer, "road_tax" timestamp(6), "insurance" timestamp(6), "technical_exam" timestamp(6), "created_at" timestamp(6) NOT NULL, "updated_at" timestamp(6) NOT NULL)[0m
  [1m[35m (108.6ms)[0m  [1m[35mALTER TABLE "buses" ADD CONSTRAINT "fk_rails_fc3e079f0f"
FOREIGN KEY ("company_uid")
  REFERENCES "companies" ("id")
[0m
  [1m[36mTRANSACTION (101.5ms)[0m  [1m[31mROLLBACK[0m
  [1m[35m (101.5ms)[0m  [1m[34mSELECT pg_advisory_unlock(328290156475937670)[0m
  [1m[35m (104.9ms)[0m  [1m[34mSELECT pg_try_advisory_lock(328290156475937670)[0m
  [1m[36mActiveRecord::SchemaMigration Pluck (102.8ms)[0m  [1m[34mSELECT "schema_migrations"."version" FROM "schema_migrations" ORDER BY "schema_migrations"."version" ASC[0m
Migrating to CreateBuses (20231021192615)
  [1m[36mTRANSACTION (91.4ms)[0m  [1m[35mBEGIN[0m
  [1m[35m (122.4ms)[0m  [1m[35mCREATE TABLE "buses" ("bus_uid" character varying NOT NULL PRIMARY KEY, "company_uid" character varying, "string" character varying, "license_plate" character varying, "brand" character varying, "manufacturing_year" integer, "capacity" integer, "road_tax" timestamp(6), "insurance" timestamp(6), "technical_exam" timestamp(6), "created_at" timestamp(6) NOT NULL, "updated_at" timestamp(6) NOT NULL)[0m
  [1m[36mActiveRecord::SchemaMigration Create (95.3ms)[0m  [1m[32mINSERT INTO "schema_migrations" ("version") VALUES ($1) RETURNING "version"[0m  [["version", "20231021192615"]]
  [1m[36mTRANSACTION (93.5ms)[0m  [1m[35mCOMMIT[0m
Migrating to CreateStations (20231021193021)
  [1m[36mTRANSACTION (97.4ms)[0m  [1m[35mBEGIN[0m
  [1m[35m (114.1ms)[0m  [1m[35mCREATE TABLE "stations" ("station_uid" character varying NOT NULL PRIMARY KEY, "name" character varying, "longitude" decimal, "latitude" decimal, "address" character varying, "created_at" timestamp(6) NOT NULL, "updated_at" timestamp(6) NOT NULL)[0m
  [1m[36mActiveRecord::SchemaMigration Create (100.1ms)[0m  [1m[32mINSERT INTO "schema_migrations" ("version") VALUES ($1) RETURNING "version"[0m  [["version", "20231021193021"]]
  [1m[36mTRANSACTION (94.6ms)[0m  [1m[35mCOMMIT[0m
Migrating to CreateRoutes (20231021193116)
  [1m[36mTRANSACTION (95.3ms)[0m  [1m[35mBEGIN[0m
  [1m[35m (138.3ms)[0m  [1m[35mCREATE TABLE "routes" ("route_uid" character varying, "name" character varying, "created_at" timestamp(6) NOT NULL, "updated_at" timestamp(6) NOT NULL)[0m
  [1m[36mActiveRecord::SchemaMigration Create (105.6ms)[0m  [1m[32mINSERT INTO "schema_migrations" ("version") VALUES ($1) RETURNING "version"[0m  [["version", "20231021193116"]]
  [1m[36mTRANSACTION (95.4ms)[0m  [1m[35mCOMMIT[0m
Migrating to CreateRouteStations (20231022145618)
  [1m[36mTRANSACTION (97.5ms)[0m  [1m[35mBEGIN[0m
  [1m[35m (111.3ms)[0m  [1m[35mCREATE TABLE "route_stations" ("route_station_uid" character varying NOT NULL PRIMARY KEY, "bus_uid" character varying, "station_uid" character varying, "route_uid" character varying, "departure_time" timestamp(6), "created_at" timestamp(6) NOT NULL, "updated_at" timestamp(6) NOT NULL)[0m
  [1m[36mActiveRecord::SchemaMigration Create (115.8ms)[0m  [1m[32mINSERT INTO "schema_migrations" ("version") VALUES ($1) RETURNING "version"[0m  [["version", "20231022145618"]]
  [1m[36mTRANSACTION (91.0ms)[0m  [1m[35mCOMMIT[0m
Migrating to CreateTickets (20231022145725)
  [1m[36mTRANSACTION (97.7ms)[0m  [1m[35mBEGIN[0m
  [1m[35m (123.1ms)[0m  [1m[35mCREATE TABLE "tickets" ("ticket_uid" character varying NOT NULL PRIMARY KEY, "company_uid" character varying, "type" character varying, "price_uid" character varying, "created_at" timestamp(6) NOT NULL, "updated_at" timestamp(6) NOT NULL)[0m
  [1m[36mActiveRecord::SchemaMigration Create (114.2ms)[0m  [1m[32mINSERT INTO "schema_migrations" ("version") VALUES ($1) RETURNING "version"[0m  [["version", "20231022145725"]]
  [1m[36mTRANSACTION (99.0ms)[0m  [1m[35mCOMMIT[0m
Migrating to CreateBoughtTickets (20231022145853)
  [1m[36mTRANSACTION (106.7ms)[0m  [1m[35mBEGIN[0m
  [1m[35m (123.8ms)[0m  [1m[35mCREATE TABLE "bought_tickets" ("bought_ticket_uid" character varying NOT NULL PRIMARY KEY, "ticket_uid" character varying, "user_uid" character varying, "date_of_purchase" timestamp(6), "expiration_date" timestamp(6), "is_vaild" boolean, "created_at" timestamp(6) NOT NULL, "updated_at" timestamp(6) NOT NULL)[0m
  [1m[36mActiveRecord::SchemaMigration Create (102.4ms)[0m  [1m[32mINSERT INTO "schema_migrations" ("version") VALUES ($1) RETURNING "version"[0m  [["version", "20231022145853"]]
  [1m[36mTRANSACTION (102.9ms)[0m  [1m[35mCOMMIT[0m
Migrating to CreatePrices (20231022150338)
  [1m[36mTRANSACTION (99.0ms)[0m  [1m[35mBEGIN[0m
  [1m[35m (120.4ms)[0m  [1m[35mCREATE TABLE "prices" ("price_uid" character varying NOT NULL PRIMARY KEY, "company_uid" character varying, "route_uid" character varying, "from_station_uid" character varying, "to_station_uid" character varying, "ticket_price" decimal, "created_at" timestamp(6) NOT NULL, "updated_at" timestamp(6) NOT NULL)[0m
  [1m[36mActiveRecord::SchemaMigration Create (102.9ms)[0m  [1m[32mINSERT INTO "schema_migrations" ("version") VALUES ($1) RETURNING "version"[0m  [["version", "20231022150338"]]
  [1m[36mTRANSACTION (94.8ms)[0m  [1m[35mCOMMIT[0m
  [1m[36mActiveRecord::InternalMetadata Load (116.1ms)[0m  [1m[34mSELECT "ar_internal_metadata".* FROM "ar_internal_metadata" WHERE "ar_internal_metadata"."key" = $1 LIMIT $2[0m  [["key", "environment"], ["LIMIT", 1]]
  [1m[36mTRANSACTION (99.8ms)[0m  [1m[35mBEGIN[0m
  [1m[36mActiveRecord::InternalMetadata Create (112.6ms)[0m  [1m[32mINSERT INTO "ar_internal_metadata" ("key", "value", "created_at", "updated_at") VALUES ($1, $2, $3, $4) RETURNING "key"[0m  [["key", "environment"], ["value", "development"], ["created_at", "2023-10-22 15:42:24.443950"], ["updated_at", "2023-10-22 15:42:24.443950"]]
  [1m[36mTRANSACTION (94.6ms)[0m  [1m[35mCOMMIT[0m
  [1m[35m (102.3ms)[0m  [1m[34mSELECT pg_advisory_unlock(328290156475937670)[0m
  [1m[36mActiveRecord::SchemaMigration Pluck (98.6ms)[0m  [1m[34mSELECT "schema_migrations"."version" FROM "schema_migrations" ORDER BY "schema_migrations"."version" ASC[0m
  [1m[36mActiveRecord::SchemaMigration Pluck (103.6ms)[0m  [1m[34mSELECT "schema_migrations"."version" FROM "schema_migrations" ORDER BY "schema_migrations"."version" ASC[0m
  [1m[36mActiveRecord::SchemaMigration Pluck (99.3ms)[0m  [1m[34mSELECT "schema_migrations"."version" FROM "schema_migrations" ORDER BY "schema_migrations"."version" ASC[0m
  [1m[36mActiveRecord::SchemaMigration Pluck (100.1ms)[0m  [1m[34mSELECT "schema_migrations"."version" FROM "schema_migrations" ORDER BY "schema_migrations"."version" ASC[0m
  [1m[35m (89.9ms)[0m  [1m[34mSELECT pg_try_advisory_lock(328290156475937670)[0m
  [1m[36mActiveRecord::SchemaMigration Pluck (97.9ms)[0m  [1m[34mSELECT "schema_migrations"."version" FROM "schema_migrations" ORDER BY "schema_migrations"."version" ASC[0m
  [1m[35m (99.1ms)[0m  [1m[34mSELECT pg_advisory_unlock(328290156475937670)[0m
  [1m[36mActiveRecord::SchemaMigration Pluck (99.2ms)[0m  [1m[34mSELECT "schema_migrations"."version" FROM "schema_migrations" ORDER BY "schema_migrations"."version" ASC[0m
  [1m[36mActiveRecord::SchemaMigration Pluck (108.3ms)[0m  [1m[34mSELECT "schema_migrations"."version" FROM "schema_migrations" ORDER BY "schema_migrations"."version" ASC[0m
  [1m[36mActiveRecord::SchemaMigration Pluck (102.1ms)[0m  [1m[34mSELECT "schema_migrations"."version" FROM "schema_migrations" ORDER BY "schema_migrations"."version" ASC[0m
  [1m[36mActiveRecord::SchemaMigration Pluck (101.2ms)[0m  [1m[34mSELECT "schema_migrations"."version" FROM "schema_migrations" ORDER BY "schema_migrations"."version" ASC[0m
  [1m[35m (92.1ms)[0m  [1m[34mSELECT pg_try_advisory_lock(328290156475937670)[0m
  [1m[36mActiveRecord::SchemaMigration Pluck (116.8ms)[0m  [1m[34mSELECT "schema_migrations"."version" FROM "schema_migrations" ORDER BY "schema_migrations"."version" ASC[0m
Migrating to CreatePrices (20231022150338)
  [1m[36mTRANSACTION (86.9ms)[0m  [1m[35mBEGIN[0m
  [1m[35m (100.0ms)[0m  [1m[35mDROP TABLE "prices"[0m
  [1m[36mActiveRecord::SchemaMigration Delete All (105.4ms)[0m  [1m[31mDELETE FROM "schema_migrations" WHERE "schema_migrations"."version" = $1[0m  [["version", "20231022150338"]]
  [1m[36mTRANSACTION (92.4ms)[0m  [1m[35mCOMMIT[0m
  [1m[35m (96.7ms)[0m  [1m[34mSELECT pg_advisory_unlock(328290156475937670)[0m
  [1m[36mActiveRecord::SchemaMigration Pluck (101.8ms)[0m  [1m[34mSELECT "schema_migrations"."version" FROM "schema_migrations" ORDER BY "schema_migrations"."version" ASC[0m
  [1m[36mActiveRecord::SchemaMigration Pluck (111.3ms)[0m  [1m[34mSELECT "schema_migrations"."version" FROM "schema_migrations" ORDER BY "schema_migrations"."version" ASC[0m
  [1m[36mActiveRecord::SchemaMigration Pluck (112.6ms)[0m  [1m[34mSELECT "schema_migrations"."version" FROM "schema_migrations" ORDER BY "schema_migrations"."version" ASC[0m
  [1m[36mActiveRecord::SchemaMigration Pluck (107.7ms)[0m  [1m[34mSELECT "schema_migrations"."version" FROM "schema_migrations" ORDER BY "schema_migrations"."version" ASC[0m
  [1m[35m (106.0ms)[0m  [1m[34mSELECT pg_try_advisory_lock(328290156475937670)[0m
  [1m[36mActiveRecord::SchemaMigration Pluck (101.5ms)[0m  [1m[34mSELECT "schema_migrations"."version" FROM "schema_migrations" ORDER BY "schema_migrations"."version" ASC[0m
Migrating to CreateBoughtTickets (20231022145853)
  [1m[36mTRANSACTION (94.6ms)[0m  [1m[35mBEGIN[0m
  [1m[35m (89.9ms)[0m  [1m[35mDROP TABLE "bought_tickets"[0m
  [1m[36mActiveRecord::SchemaMigration Delete All (105.9ms)[0m  [1m[31mDELETE FROM "schema_migrations" WHERE "schema_migrations"."version" = $1[0m  [["version", "20231022145853"]]
  [1m[36mTRANSACTION (110.4ms)[0m  [1m[35mCOMMIT[0m
Migrating to CreateTickets (20231022145725)
  [1m[36mTRANSACTION (88.4ms)[0m  [1m[35mBEGIN[0m
  [1m[35m (90.0ms)[0m  [1m[35mDROP TABLE "tickets"[0m
  [1m[36mActiveRecord::SchemaMigration Delete All (117.1ms)[0m  [1m[31mDELETE FROM "schema_migrations" WHERE "schema_migrations"."version" = $1[0m  [["version", "20231022145725"]]
  [1m[36mTRANSACTION (97.3ms)[0m  [1m[35mCOMMIT[0m
Migrating to CreateRouteStations (20231022145618)
  [1m[36mTRANSACTION (95.1ms)[0m  [1m[35mBEGIN[0m
  [1m[35m (101.2ms)[0m  [1m[35mDROP TABLE "route_stations"[0m
  [1m[36mActiveRecord::SchemaMigration Delete All (103.8ms)[0m  [1m[31mDELETE FROM "schema_migrations" WHERE "schema_migrations"."version" = $1[0m  [["version", "20231022145618"]]
  [1m[36mTRANSACTION (93.7ms)[0m  [1m[35mCOMMIT[0m
Migrating to CreateRoutes (20231021193116)
  [1m[36mTRANSACTION (102.8ms)[0m  [1m[35mBEGIN[0m
  [1m[35m (91.2ms)[0m  [1m[35mDROP TABLE "routes"[0m
  [1m[36mActiveRecord::SchemaMigration Delete All (107.9ms)[0m  [1m[31mDELETE FROM "schema_migrations" WHERE "schema_migrations"."version" = $1[0m  [["version", "20231021193116"]]
  [1m[36mTRANSACTION (93.1ms)[0m  [1m[35mCOMMIT[0m
Migrating to CreateStations (20231021193021)
  [1m[36mTRANSACTION (95.4ms)[0m  [1m[35mBEGIN[0m
  [1m[35m (93.9ms)[0m  [1m[35mDROP TABLE "stations"[0m
  [1m[36mActiveRecord::SchemaMigration Delete All (102.6ms)[0m  [1m[31mDELETE FROM "schema_migrations" WHERE "schema_migrations"."version" = $1[0m  [["version", "20231021193021"]]
  [1m[36mTRANSACTION (94.1ms)[0m  [1m[35mCOMMIT[0m
Migrating to CreateBuses (20231021192615)
  [1m[36mTRANSACTION (95.0ms)[0m  [1m[35mBEGIN[0m
  [1m[35m (90.6ms)[0m  [1m[35mDROP TABLE "buses"[0m
  [1m[36mActiveRecord::SchemaMigration Delete All (113.1ms)[0m  [1m[31mDELETE FROM "schema_migrations" WHERE "schema_migrations"."version" = $1[0m  [["version", "20231021192615"]]
  [1m[36mTRANSACTION (96.5ms)[0m  [1m[35mCOMMIT[0m
Migrating to CreateCompanies (20231021192149)
  [1m[36mTRANSACTION (96.2ms)[0m  [1m[35mBEGIN[0m
  [1m[35m (108.3ms)[0m  [1m[35mDROP TABLE "companies"[0m
  [1m[36mActiveRecord::SchemaMigration Delete All (97.7ms)[0m  [1m[31mDELETE FROM "schema_migrations" WHERE "schema_migrations"."version" = $1[0m  [["version", "20231021192149"]]
  [1m[36mTRANSACTION (95.0ms)[0m  [1m[35mCOMMIT[0m
Migrating to DeviseTokenAuthCreateAdmins (20231012150243)
  [1m[36mTRANSACTION (93.5ms)[0m  [1m[35mBEGIN[0m
  [1m[35m (93.4ms)[0m  [1m[35mDROP INDEX  "index_admins_on_confirmation_token"[0m
  [1m[35m (99.8ms)[0m  [1m[35mDROP INDEX  "index_admins_on_reset_password_token"[0m
  [1m[35m (99.8ms)[0m  [1m[35mDROP INDEX  "index_admins_on_admin_uid_and_provider"[0m
  [1m[35m (93.1ms)[0m  [1m[35mDROP INDEX  "index_admins_on_email"[0m
  [1m[35m (98.8ms)[0m  [1m[35mDROP TABLE "admins"[0m
  [1m[36mActiveRecord::SchemaMigration Delete All (114.2ms)[0m  [1m[31mDELETE FROM "schema_migrations" WHERE "schema_migrations"."version" = $1[0m  [["version", "20231012150243"]]
  [1m[36mTRANSACTION (105.5ms)[0m  [1m[35mCOMMIT[0m
Migrating to DeviseTokenAuthCreateUsers (20231012145933)
  [1m[36mTRANSACTION (95.6ms)[0m  [1m[35mBEGIN[0m
  [1m[35m (94.8ms)[0m  [1m[35mDROP INDEX  "index_users_on_confirmation_token"[0m
  [1m[35m (99.8ms)[0m  [1m[35mDROP INDEX  "index_users_on_reset_password_token"[0m
  [1m[35m (94.6ms)[0m  [1m[35mDROP INDEX  "index_users_on_user_uid_and_provider"[0m
  [1m[35m (96.0ms)[0m  [1m[35mDROP INDEX  "index_users_on_email"[0m
  [1m[35m (99.3ms)[0m  [1m[35mDROP TABLE "users"[0m
  [1m[36mActiveRecord::SchemaMigration Delete All (105.6ms)[0m  [1m[31mDELETE FROM "schema_migrations" WHERE "schema_migrations"."version" = $1[0m  [["version", "20231012145933"]]
  [1m[36mTRANSACTION (94.4ms)[0m  [1m[35mCOMMIT[0m
  [1m[35m (97.2ms)[0m  [1m[34mSELECT pg_advisory_unlock(328290156475937670)[0m
  [1m[36mActiveRecord::SchemaMigration Pluck (106.5ms)[0m  [1m[34mSELECT "schema_migrations"."version" FROM "schema_migrations" ORDER BY "schema_migrations"."version" ASC[0m
  [1m[35m (91.1ms)[0m  [1m[34mSELECT pg_try_advisory_lock(328290156475937670)[0m
  [1m[36mActiveRecord::SchemaMigration Pluck (93.5ms)[0m  [1m[34mSELECT "schema_migrations"."version" FROM "schema_migrations" ORDER BY "schema_migrations"."version" ASC[0m
Migrating to DeviseTokenAuthCreateUsers (20231012145933)
  [1m[36mTRANSACTION (93.7ms)[0m  [1m[35mBEGIN[0m
  [1m[35m (111.8ms)[0m  [1m[35mCREATE TABLE "users" ("provider" character varying DEFAULT 'email' NOT NULL, "user_uid" character varying DEFAULT '' NOT NULL, "encrypted_password" character varying DEFAULT '' NOT NULL, "reset_password_token" character varying, "reset_password_sent_at" timestamp(6), "allow_password_change" boolean DEFAULT FALSE, "remember_created_at" timestamp(6), "confirmation_token" character varying, "confirmed_at" timestamp(6), "confirmation_sent_at" timestamp(6), "unconfirmed_email" character varying, "firstname" character varying, "lastname" character varying, "email" character varying, "phone_number" character varying, "language" character varying, "tokens" json, "created_at" timestamp(6) NOT NULL, "updated_at" timestamp(6) NOT NULL)[0m
  [1m[35m (102.6ms)[0m  [1m[35mCREATE UNIQUE INDEX "index_users_on_email" ON "users" ("email")[0m
  [1m[35m (95.0ms)[0m  [1m[35mCREATE UNIQUE INDEX "index_users_on_user_uid_and_provider" ON "users" ("user_uid", "provider")[0m
  [1m[35m (94.3ms)[0m  [1m[35mCREATE UNIQUE INDEX "index_users_on_reset_password_token" ON "users" ("reset_password_token")[0m
  [1m[35m (113.3ms)[0m  [1m[35mCREATE UNIQUE INDEX "index_users_on_confirmation_token" ON "users" ("confirmation_token")[0m
  [1m[36mActiveRecord::SchemaMigration Create (93.1ms)[0m  [1m[32mINSERT INTO "schema_migrations" ("version") VALUES ($1) RETURNING "version"[0m  [["version", "20231012145933"]]
  [1m[36mTRANSACTION (91.4ms)[0m  [1m[35mCOMMIT[0m
Migrating to DeviseTokenAuthCreateAdmins (20231012150243)
  [1m[36mTRANSACTION (85.7ms)[0m  [1m[35mBEGIN[0m
  [1m[35m (177.8ms)[0m  [1m[35mCREATE TABLE "admins" ("provider" character varying DEFAULT 'email' NOT NULL, "admin_uid" character varying DEFAULT '' NOT NULL, "encrypted_password" character varying DEFAULT '' NOT NULL, "reset_password_token" character varying, "reset_password_sent_at" timestamp(6), "allow_password_change" boolean DEFAULT FALSE, "remember_created_at" timestamp(6), "confirmation_token" character varying, "confirmed_at" timestamp(6), "confirmation_sent_at" timestamp(6), "unconfirmed_email" character varying, "email" character varying, "firstname" character varying, "lastname" character varying, "nickname" character varying, "role" character varying, "phone_number" character varying, "address" character varying, "tokens" json, "created_at" timestamp(6) NOT NULL, "updated_at" timestamp(6) NOT NULL)[0m
  [1m[35m (97.3ms)[0m  [1m[35mCREATE UNIQUE INDEX "index_admins_on_email" ON "admins" ("email")[0m
  [1m[35m (101.0ms)[0m  [1m[35mCREATE UNIQUE INDEX "index_admins_on_admin_uid_and_provider" ON "admins" ("admin_uid", "provider")[0m
  [1m[35m (101.6ms)[0m  [1m[35mCREATE UNIQUE INDEX "index_admins_on_reset_password_token" ON "admins" ("reset_password_token")[0m
  [1m[35m (99.7ms)[0m  [1m[35mCREATE UNIQUE INDEX "index_admins_on_confirmation_token" ON "admins" ("confirmation_token")[0m
  [1m[36mActiveRecord::SchemaMigration Create (96.5ms)[0m  [1m[32mINSERT INTO "schema_migrations" ("version") VALUES ($1) RETURNING "version"[0m  [["version", "20231012150243"]]
  [1m[36mTRANSACTION (90.2ms)[0m  [1m[35mCOMMIT[0m
Migrating to CreateCompanies (20231022154945)
  [1m[36mTRANSACTION (98.5ms)[0m  [1m[35mBEGIN[0m
  [1m[35m (217.6ms)[0m  [1m[35mCREATE TABLE "companies" ("company_uid" character varying NOT NULL PRIMARY KEY, "name" character varying, "email" character varying, "phone_number" character varying, "tax_number" character varying, "office_address" character varying, "created_at" timestamp(6) NOT NULL, "updated_at" timestamp(6) NOT NULL)[0m
  [1m[36mActiveRecord::SchemaMigration Create (95.7ms)[0m  [1m[32mINSERT INTO "schema_migrations" ("version") VALUES ($1) RETURNING "version"[0m  [["version", "20231022154945"]]
  [1m[36mTRANSACTION (88.6ms)[0m  [1m[35mCOMMIT[0m
Migrating to CreateBuses (20231022155022)
  [1m[36mTRANSACTION (93.9ms)[0m  [1m[35mBEGIN[0m
  [1m[35m (219.9ms)[0m  [1m[35mCREATE TABLE "buses" ("bus_uid" character varying NOT NULL PRIMARY KEY, "company_uid" character varying, "string" character varying, "license_plate" character varying, "brand" character varying, "manufacturing_year" integer, "capacity" integer, "road_tax" timestamp(6), "insurance" timestamp(6), "technical_exam" timestamp(6), "created_at" timestamp(6) NOT NULL, "updated_at" timestamp(6) NOT NULL)[0m
  [1m[36mActiveRecord::SchemaMigration Create (94.6ms)[0m  [1m[32mINSERT INTO "schema_migrations" ("version") VALUES ($1) RETURNING "version"[0m  [["version", "20231022155022"]]
  [1m[36mTRANSACTION (92.5ms)[0m  [1m[35mCOMMIT[0m
Migrating to CreateStations (20231022155044)
  [1m[36mTRANSACTION (88.8ms)[0m  [1m[35mBEGIN[0m
  [1m[35m (119.8ms)[0m  [1m[35mCREATE TABLE "stations" ("station_uid" character varying NOT NULL PRIMARY KEY, "name" character varying, "longitude" decimal, "latitude" decimal, "address" character varying, "created_at" timestamp(6) NOT NULL, "updated_at" timestamp(6) NOT NULL)[0m
  [1m[36mActiveRecord::SchemaMigration Create (95.2ms)[0m  [1m[32mINSERT INTO "schema_migrations" ("version") VALUES ($1) RETURNING "version"[0m  [["version", "20231022155044"]]
  [1m[36mTRANSACTION (89.7ms)[0m  [1m[35mCOMMIT[0m
Migrating to CreateRoutes (20231022155105)
  [1m[36mTRANSACTION (86.6ms)[0m  [1m[35mBEGIN[0m
  [1m[35m (100.7ms)[0m  [1m[35mCREATE TABLE "routes" ("route_uid" character varying, "name" character varying, "created_at" timestamp(6) NOT NULL, "updated_at" timestamp(6) NOT NULL)[0m
  [1m[36mActiveRecord::SchemaMigration Create (93.0ms)[0m  [1m[32mINSERT INTO "schema_migrations" ("version") VALUES ($1) RETURNING "version"[0m  [["version", "20231022155105"]]
  [1m[36mTRANSACTION (89.7ms)[0m  [1m[35mCOMMIT[0m
Migrating to CreateRouteStations (20231022155131)
  [1m[36mTRANSACTION (98.4ms)[0m  [1m[35mBEGIN[0m
  [1m[35m (140.6ms)[0m  [1m[35mCREATE TABLE "route_stations" ("route_station_uid" character varying NOT NULL PRIMARY KEY, "bus_uid" character varying, "station_uid" character varying, "route_uid" character varying, "departure_time" timestamp(6), "created_at" timestamp(6) NOT NULL, "updated_at" timestamp(6) NOT NULL)[0m
  [1m[36mActiveRecord::SchemaMigration Create (95.2ms)[0m  [1m[32mINSERT INTO "schema_migrations" ("version") VALUES ($1) RETURNING "version"[0m  [["version", "20231022155131"]]
  [1m[36mTRANSACTION (87.9ms)[0m  [1m[35mCOMMIT[0m
Migrating to CreateTickets (20231022155206)
  [1m[36mTRANSACTION (85.7ms)[0m  [1m[35mBEGIN[0m
  [1m[35m (138.6ms)[0m  [1m[35mCREATE TABLE "tickets" ("ticket_uid" character varying NOT NULL PRIMARY KEY, "company_uid" character varying, "type" character varying, "price_uid" character varying, "created_at" timestamp(6) NOT NULL, "updated_at" timestamp(6) NOT NULL)[0m
  [1m[36mActiveRecord::SchemaMigration Create (91.7ms)[0m  [1m[32mINSERT INTO "schema_migrations" ("version") VALUES ($1) RETURNING "version"[0m  [["version", "20231022155206"]]
  [1m[36mTRANSACTION (94.3ms)[0m  [1m[35mCOMMIT[0m
Migrating to CreateBoughtTickets (20231022155234)
  [1m[36mTRANSACTION (89.2ms)[0m  [1m[35mBEGIN[0m
  [1m[35m (214.2ms)[0m  [1m[35mCREATE TABLE "bought_tickets" ("bought_ticket_uid" character varying NOT NULL PRIMARY KEY, "ticket_uid" character varying, "user_uid" character varying, "date_of_purchase" timestamp(6), "expiration_date" timestamp(6), "is_vaild" boolean, "created_at" timestamp(6) NOT NULL, "updated_at" timestamp(6) NOT NULL)[0m
  [1m[36mActiveRecord::SchemaMigration Create (90.6ms)[0m  [1m[32mINSERT INTO "schema_migrations" ("version") VALUES ($1) RETURNING "version"[0m  [["version", "20231022155234"]]
  [1m[36mTRANSACTION (92.7ms)[0m  [1m[35mCOMMIT[0m
Migrating to CreatePrices (20231022155344)
  [1m[36mTRANSACTION (89.8ms)[0m  [1m[35mBEGIN[0m
  [1m[35m (124.0ms)[0m  [1m[35mCREATE TABLE "prices" ("price_uid" character varying NOT NULL PRIMARY KEY, "company_uid" character varying, "route_uid" character varying, "from_station_uid" character varying, "to_station_uid" character varying, "ticket_price" decimal, "created_at" timestamp(6) NOT NULL, "updated_at" timestamp(6) NOT NULL)[0m
  [1m[36mActiveRecord::SchemaMigration Create (95.8ms)[0m  [1m[32mINSERT INTO "schema_migrations" ("version") VALUES ($1) RETURNING "version"[0m  [["version", "20231022155344"]]
  [1m[36mTRANSACTION (90.2ms)[0m  [1m[35mCOMMIT[0m
  [1m[36mActiveRecord::InternalMetadata Load (89.9ms)[0m  [1m[34mSELECT "ar_internal_metadata".* FROM "ar_internal_metadata" WHERE "ar_internal_metadata"."key" = $1 LIMIT $2[0m  [["key", "environment"], ["LIMIT", 1]]
  [1m[35m (91.6ms)[0m  [1m[34mSELECT pg_advisory_unlock(328290156475937670)[0m
  [1m[36mActiveRecord::SchemaMigration Pluck (94.3ms)[0m  [1m[34mSELECT "schema_migrations"."version" FROM "schema_migrations" ORDER BY "schema_migrations"."version" ASC[0m
  [1m[35m (87.9ms)[0m  [1m[34mSELECT pg_try_advisory_lock(328290156475937670)[0m
  [1m[36mActiveRecord::SchemaMigration Pluck (97.3ms)[0m  [1m[34mSELECT "schema_migrations"."version" FROM "schema_migrations" ORDER BY "schema_migrations"."version" ASC[0m
Migrating to AddCityToCompanies (20231022172940)
  [1m[36mTRANSACTION (89.0ms)[0m  [1m[35mBEGIN[0m
  [1m[35m (92.2ms)[0m  [1m[35mALTER TABLE "companies" ADD "city" character varying[0m
  [1m[36mActiveRecord::SchemaMigration Create (99.5ms)[0m  [1m[32mINSERT INTO "schema_migrations" ("version") VALUES ($1) RETURNING "version"[0m  [["version", "20231022172940"]]
  [1m[36mTRANSACTION (90.0ms)[0m  [1m[35mCOMMIT[0m
  [1m[36mActiveRecord::InternalMetadata Load (89.7ms)[0m  [1m[34mSELECT "ar_internal_metadata".* FROM "ar_internal_metadata" WHERE "ar_internal_metadata"."key" = $1 LIMIT $2[0m  [["key", "environment"], ["LIMIT", 1]]
  [1m[35m (92.5ms)[0m  [1m[34mSELECT pg_advisory_unlock(328290156475937670)[0m
  [1m[36mActiveRecord::SchemaMigration Pluck (96.2ms)[0m  [1m[34mSELECT "schema_migrations"."version" FROM "schema_migrations" ORDER BY "schema_migrations"."version" ASC[0m
  [1m[36mActiveRecord::SchemaMigration Pluck (105.3ms)[0m  [1m[34mSELECT "schema_migrations"."version" FROM "schema_migrations" ORDER BY "schema_migrations"."version" ASC[0m
  [1m[36mTRANSACTION (107.9ms)[0m  [1m[35mBEGIN[0m
  [1m[36mCompany Create (99.2ms)[0m  [1m[32mINSERT INTO "companies" ("company_uid", "name", "email", "phone_number", "tax_number", "office_address", "created_at", "updated_at", "city") VALUES ($1, $2, $3, $4, $5, $6, $7, $8, $9) RETURNING "company_uid"[0m  [["company_uid", "CPY_JPMY3"], ["name", "VANDOR TRANS TOURS SRL"], ["email", "office@vandortrans.ro"], ["phone_number", "0762883716"], ["tax_number", "49281782"], ["office_address", "Str. Kossuth Lajos nr. 91"], ["created_at", "2023-10-22 18:33:41.937289"], ["updated_at", "2023-10-22 18:33:41.937289"], ["city", "Gheorgheni"]]
  [1m[36mTRANSACTION (97.9ms)[0m  [1m[35mCOMMIT[0m
  [1m[36mTRANSACTION (102.7ms)[0m  [1m[35mBEGIN[0m
  [1m[36mCompany Create (109.6ms)[0m  [1m[32mINSERT INTO "companies" ("company_uid", "name", "email", "phone_number", "tax_number", "office_address", "created_at", "updated_at", "city") VALUES ($1, $2, $3, $4, $5, $6, $7, $8, $9) RETURNING "company_uid"[0m  [["company_uid", "CPY_IVT00"], ["name", "PANORAMA TURIST SRL"], ["email", "panorama@gmail.com"], ["phone_number", "0755197688"], ["tax_number", "74112365"], ["office_address", "Str. Dealul frumos 73/A"], ["created_at", "2023-10-22 18:33:42.254160"], ["updated_at", "2023-10-22 18:33:42.254160"], ["city", "Ditrau"]]
  [1m[36mTRANSACTION (112.9ms)[0m  [1m[35mCOMMIT[0m
  [1m[36mTRANSACTION (97.8ms)[0m  [1m[35mBEGIN[0m
  [1m[36mCompany Create (108.7ms)[0m  [1m[32mINSERT INTO "companies" ("company_uid", "name", "email", "phone_number", "tax_number", "office_address", "created_at", "updated_at", "city") VALUES ($1, $2, $3, $4, $5, $6, $7, $8, $9) RETURNING "company_uid"[0m  [["company_uid", "CPY_2YWY3"], ["name", "BALINT TRANS SRL"], ["email", "balinttrans@yahoo.com"], ["phone_number", "0723763998"], ["tax_number", "41549877"], ["office_address", "Str. Bega nr. 9"], ["created_at", "2023-10-22 18:33:42.583572"], ["updated_at", "2023-10-22 18:33:42.583572"], ["city", "Targu Mures"]]
  [1m[36mTRANSACTION (98.2ms)[0m  [1m[35mCOMMIT[0m
  [1m[36mTRANSACTION (90.5ms)[0m  [1m[35mBEGIN[0m
  [1m[36mCompany Create (122.3ms)[0m  [1m[32mINSERT INTO "companies" ("company_uid", "name", "email", "phone_number", "tax_number", "office_address", "created_at", "updated_at", "city") VALUES ($1, $2, $3, $4, $5, $6, $7, $8, $9) RETURNING "company_uid"[0m  [["company_uid", "CPY_GE3VR"], ["name", "TRANSPORT LOCAL SA"], ["email", "office@vandortrans.ro"], ["phone_number", "0763777716"], ["tax_number", "87654782"], ["office_address", "Str. Bega nr. 2"], ["created_at", "2023-10-22 18:33:42.896851"], ["updated_at", "2023-10-22 18:33:42.896851"], ["city", "Targu Mures"]]
  [1m[36mTRANSACTION (92.4ms)[0m  [1m[35mCOMMIT[0m
  [1m[36mCompany Load (102.8ms)[0m  [1m[34mSELECT "companies".* FROM "companies" WHERE "companies"."name" = $1 LIMIT $2[0m  [["name", "VANDOR TRANS TOURS SRL"], ["LIMIT", 1]]
  [1m[36mTRANSACTION (100.5ms)[0m  [1m[35mBEGIN[0m
  [1m[36mCompany Load (103.4ms)[0m  [1m[34mSELECT "companies".* FROM "companies" WHERE "companies"."company_uid" = $1 LIMIT $2[0m  [["company_uid", "CPY_JPMY3"], ["LIMIT", 1]]
  [1m[36mBus Create (111.1ms)[0m  [1m[32mINSERT INTO "buses" ("bus_uid", "company_uid", "string", "license_plate", "brand", "manufacturing_year", "capacity", "road_tax", "insurance", "technical_exam", "created_at", "updated_at") VALUES ($1, $2, $3, $4, $5, $6, $7, $8, $9, $10, $11, $12) RETURNING "bus_uid"[0m  [["bus_uid", "BUS_NM89H"], ["company_uid", "CPY_JPMY3"], ["string", nil], ["license_plate", "HR49VTT"], ["brand", "Mercedes Integro"], ["manufacturing_year", 2003], ["capacity", 73], ["road_tax", "2023-12-10 00:00:00"], ["insurance", "2023-12-22 00:00:00"], ["technical_exam", "2023-10-10 00:00:00"], ["created_at", "2023-10-22 18:33:44.116481"], ["updated_at", "2023-10-22 18:33:44.116481"]]
  [1m[36mTRANSACTION (100.1ms)[0m  [1m[35mCOMMIT[0m
  [1m[36mTRANSACTION (93.6ms)[0m  [1m[35mBEGIN[0m
  [1m[36mCompany Load (112.8ms)[0m  [1m[34mSELECT "companies".* FROM "companies" WHERE "companies"."company_uid" = $1 LIMIT $2[0m  [["company_uid", "CPY_JPMY3"], ["LIMIT", 1]]
  [1m[36mBus Create (114.3ms)[0m  [1m[32mINSERT INTO "buses" ("bus_uid", "company_uid", "string", "license_plate", "brand", "manufacturing_year", "capacity", "road_tax", "insurance", "technical_exam", "created_at", "updated_at") VALUES ($1, $2, $3, $4, $5, $6, $7, $8, $9, $10, $11, $12) RETURNING "bus_uid"[0m  [["bus_uid", "BUS_APE0O"], ["company_uid", "CPY_JPMY3"], ["string", nil], ["license_plate", "HR22VTT"], ["brand", "Setra S516"], ["manufacturing_year", 2009], ["capacity", 57], ["road_tax", "2024-04-28 00:00:00"], ["insurance", "2024-12-02 00:00:00"], ["technical_exam", "2024-03-03 00:00:00"], ["created_at", "2023-10-22 18:33:44.554876"], ["updated_at", "2023-10-22 18:33:44.554876"]]
  [1m[36mTRANSACTION (95.4ms)[0m  [1m[35mCOMMIT[0m
  [1m[36mTRANSACTION (96.6ms)[0m  [1m[35mBEGIN[0m
  [1m[36mCompany Load (114.5ms)[0m  [1m[34mSELECT "companies".* FROM "companies" WHERE "companies"."company_uid" = $1 LIMIT $2[0m  [["company_uid", "CPY_JPMY3"], ["LIMIT", 1]]
  [1m[36mBus Create (105.5ms)[0m  [1m[32mINSERT INTO "buses" ("bus_uid", "company_uid", "string", "license_plate", "brand", "manufacturing_year", "capacity", "road_tax", "insurance", "technical_exam", "created_at", "updated_at") VALUES ($1, $2, $3, $4, $5, $6, $7, $8, $9, $10, $11, $12) RETURNING "bus_uid"[0m  [["bus_uid", "BUS_7J1B7"], ["company_uid", "CPY_JPMY3"], ["string", nil], ["license_plate", "HR56VTT"], ["brand", "Mercedes Vario"], ["manufacturing_year", 2019], ["capacity", 45], ["road_tax", "2024-05-21 00:00:00"], ["insurance", "2023-10-22 00:00:00"], ["technical_exam", "2024-11-08 00:00:00"], ["created_at", "2023-10-22 18:33:44.993894"], ["updated_at", "2023-10-22 18:33:44.993894"]]
  [1m[36mTRANSACTION (96.6ms)[0m  [1m[35mCOMMIT[0m
  [1m[36mTRANSACTION (93.6ms)[0m  [1m[35mBEGIN[0m
  [1m[36mCompany Load (106.0ms)[0m  [1m[34mSELECT "companies".* FROM "companies" WHERE "companies"."company_uid" = $1 LIMIT $2[0m  [["company_uid", "CPY_JPMY3"], ["LIMIT", 1]]
  [1m[36mBus Create (123.0ms)[0m  [1m[32mINSERT INTO "buses" ("bus_uid", "company_uid", "string", "license_plate", "brand", "manufacturing_year", "capacity", "road_tax", "insurance", "technical_exam", "created_at", "updated_at") VALUES ($1, $2, $3, $4, $5, $6, $7, $8, $9, $10, $11, $12) RETURNING "bus_uid"[0m  [["bus_uid", "BUS_VMGX4"], ["company_uid", "CPY_JPMY3"], ["string", nil], ["license_plate", "HR67VTT"], ["brand", "Mercedes Vito"], ["manufacturing_year", 2011], ["capacity", 24], ["road_tax", "2024-06-29 00:00:00"], ["insurance", "2024-01-28 00:00:00"], ["technical_exam", "2024-06-11 00:00:00"], ["created_at", "2023-10-22 18:33:45.414214"], ["updated_at", "2023-10-22 18:33:45.414214"]]
  [1m[36mTRANSACTION (97.8ms)[0m  [1m[35mCOMMIT[0m
  [1m[36mTRANSACTION (95.9ms)[0m  [1m[35mBEGIN[0m
  [1m[36mCompany Load (107.4ms)[0m  [1m[34mSELECT "companies".* FROM "companies" WHERE "companies"."company_uid" = $1 LIMIT $2[0m  [["company_uid", "CPY_JPMY3"], ["LIMIT", 1]]
  [1m[36mBus Create (107.0ms)[0m  [1m[32mINSERT INTO "buses" ("bus_uid", "company_uid", "string", "license_plate", "brand", "manufacturing_year", "capacity", "road_tax", "insurance", "technical_exam", "created_at", "updated_at") VALUES ($1, $2, $3, $4, $5, $6, $7, $8, $9, $10, $11, $12) RETURNING "bus_uid"[0m  [["bus_uid", "BUS_3S476"], ["company_uid", "CPY_JPMY3"], ["string", nil], ["license_plate", "HR12VTT"], ["brand", "Otokar Sultan"], ["manufacturing_year", 2011], ["capacity", 24], ["road_tax", "2024-06-29 00:00:00"], ["insurance", "2024-01-25 00:00:00"], ["technical_exam", "2024-06-11 00:00:00"], ["created_at", "2023-10-22 18:33:45.857591"], ["updated_at", "2023-10-22 18:33:45.857591"]]
  [1m[36mTRANSACTION (91.3ms)[0m  [1m[35mCOMMIT[0m
  [1m[36mTRANSACTION (93.2ms)[0m  [1m[35mBEGIN[0m
  [1m[36mCompany Load (97.9ms)[0m  [1m[34mSELECT "companies".* FROM "companies" WHERE "companies"."company_uid" = $1 LIMIT $2[0m  [["company_uid", "CPY_JPMY3"], ["LIMIT", 1]]
  [1m[36mBus Create (107.5ms)[0m  [1m[32mINSERT INTO "buses" ("bus_uid", "company_uid", "string", "license_plate", "brand", "manufacturing_year", "capacity", "road_tax", "insurance", "technical_exam", "created_at", "updated_at") VALUES ($1, $2, $3, $4, $5, $6, $7, $8, $9, $10, $11, $12) RETURNING "bus_uid"[0m  [["bus_uid", "BUS_MV8PT"], ["company_uid", "CPY_JPMY3"], ["string", nil], ["license_plate", "HR23VTT"], ["brand", "Mercedes Sprinter"], ["manufacturing_year", 2011], ["capacity", 24], ["road_tax", "2024-06-11 00:00:00"], ["insurance", "2024-06-21 00:00:00"], ["technical_exam", "2023-10-11 00:00:00"], ["created_at", "2023-10-22 18:33:46.266197"], ["updated_at", "2023-10-22 18:33:46.266197"]]
  [1m[36mTRANSACTION (90.7ms)[0m  [1m[35mCOMMIT[0m
  [1m[36mTRANSACTION (103.0ms)[0m  [1m[35mBEGIN[0m
  [1m[36mCompany Load (97.7ms)[0m  [1m[34mSELECT "companies".* FROM "companies" WHERE "companies"."company_uid" = $1 LIMIT $2[0m  [["company_uid", "CPY_JPMY3"], ["LIMIT", 1]]
  [1m[36mBus Create (113.4ms)[0m  [1m[32mINSERT INTO "buses" ("bus_uid", "company_uid", "string", "license_plate", "brand", "manufacturing_year", "capacity", "road_tax", "insurance", "technical_exam", "created_at", "updated_at") VALUES ($1, $2, $3, $4, $5, $6, $7, $8, $9, $10, $11, $12) RETURNING "bus_uid"[0m  [["bus_uid", "BUS_830OP"], ["company_uid", "CPY_JPMY3"], ["string", nil], ["license_plate", "HR01VTT"], ["brand", "Mercedes Sprinter"], ["manufacturing_year", 2020], ["capacity", 28], ["road_tax", "2024-04-21 00:00:00"], ["insurance", "2024-01-22 00:00:00"], ["technical_exam", "2024-01-23 00:00:00"], ["created_at", "2023-10-22 18:33:46.684418"], ["updated_at", "2023-10-22 18:33:46.684418"]]
  [1m[36mTRANSACTION (88.4ms)[0m  [1m[35mCOMMIT[0m
  [1m[36mCompany Load (113.7ms)[0m  [1m[34mSELECT "companies".* FROM "companies" WHERE "companies"."name" = $1 LIMIT $2[0m  [["name", "PANORAMA TURIST SRL"], ["LIMIT", 1]]
  [1m[36mTRANSACTION (107.5ms)[0m  [1m[35mBEGIN[0m
  [1m[36mCompany Load (106.1ms)[0m  [1m[34mSELECT "companies".* FROM "companies" WHERE "companies"."company_uid" = $1 LIMIT $2[0m  [["company_uid", "CPY_IVT00"], ["LIMIT", 1]]
  [1m[36mBus Create (110.1ms)[0m  [1m[32mINSERT INTO "buses" ("bus_uid", "company_uid", "string", "license_plate", "brand", "manufacturing_year", "capacity", "road_tax", "insurance", "technical_exam", "created_at", "updated_at") VALUES ($1, $2, $3, $4, $5, $6, $7, $8, $9, $10, $11, $12) RETURNING "bus_uid"[0m  [["bus_uid", "BUS_KB61X"], ["company_uid", "CPY_IVT00"], ["string", nil], ["license_plate", "HR34ERT"], ["brand", "Mercedes Sprinter"], ["manufacturing_year", 2010], ["capacity", 50], ["road_tax", "2024-01-15 00:00:00"], ["insurance", "2024-01-25 00:00:00"], ["technical_exam", "2024-01-05 00:00:00"], ["created_at", "2023-10-22 18:33:47.234540"], ["updated_at", "2023-10-22 18:33:47.234540"]]
  [1m[36mTRANSACTION (91.2ms)[0m  [1m[35mCOMMIT[0m
  [1m[36mTRANSACTION (94.6ms)[0m  [1m[35mBEGIN[0m
  [1m[36mCompany Load (113.0ms)[0m  [1m[34mSELECT "companies".* FROM "companies" WHERE "companies"."company_uid" = $1 LIMIT $2[0m  [["company_uid", "CPY_IVT00"], ["LIMIT", 1]]
  [1m[36mBus Create (111.2ms)[0m  [1m[32mINSERT INTO "buses" ("bus_uid", "company_uid", "string", "license_plate", "brand", "manufacturing_year", "capacity", "road_tax", "insurance", "technical_exam", "created_at", "updated_at") VALUES ($1, $2, $3, $4, $5, $6, $7, $8, $9, $10, $11, $12) RETURNING "bus_uid"[0m  [["bus_uid", "BUS_PJJW5"], ["company_uid", "CPY_IVT00"], ["string", nil], ["license_plate", "HR75RGB"], ["brand", "Mercedes Vario"], ["manufacturing_year", 2012], ["capacity", 55], ["road_tax", "2024-02-15 00:00:00"], ["insurance", "2024-02-25 00:00:00"], ["technical_exam", "2024-02-05 00:00:00"], ["created_at", "2023-10-22 18:33:47.662427"], ["updated_at", "2023-10-22 18:33:47.662427"]]
  [1m[36mTRANSACTION (100.2ms)[0m  [1m[35mCOMMIT[0m
  [1m[36mTRANSACTION (98.9ms)[0m  [1m[35mBEGIN[0m
  [1m[36mCompany Load (104.4ms)[0m  [1m[34mSELECT "companies".* FROM "companies" WHERE "companies"."company_uid" = $1 LIMIT $2[0m  [["company_uid", "CPY_IVT00"], ["LIMIT", 1]]
  [1m[36mBus Create (117.2ms)[0m  [1m[32mINSERT INTO "buses" ("bus_uid", "company_uid", "string", "license_plate", "brand", "manufacturing_year", "capacity", "road_tax", "insurance", "technical_exam", "created_at", "updated_at") VALUES ($1, $2, $3, $4, $5, $6, $7, $8, $9, $10, $11, $12) RETURNING "bus_uid"[0m  [["bus_uid", "BUS_S9CU7"], ["company_uid", "CPY_IVT00"], ["string", nil], ["license_plate", "HR23UZI"], ["brand", "Mercedes Vario"], ["manufacturing_year", 2015], ["capacity", 60], ["road_tax", "2024-03-15 00:00:00"], ["insurance", "2024-03-25 00:00:00"], ["technical_exam", "2024-03-05 00:00:00"], ["created_at", "2023-10-22 18:33:48.095068"], ["updated_at", "2023-10-22 18:33:48.095068"]]
  [1m[36mTRANSACTION (95.2ms)[0m  [1m[35mCOMMIT[0m
  [1m[36mTRANSACTION (100.2ms)[0m  [1m[35mBEGIN[0m
  [1m[36mCompany Load (114.9ms)[0m  [1m[34mSELECT "companies".* FROM "companies" WHERE "companies"."company_uid" = $1 LIMIT $2[0m  [["company_uid", "CPY_IVT00"], ["LIMIT", 1]]
  [1m[36mBus Create (110.1ms)[0m  [1m[32mINSERT INTO "buses" ("bus_uid", "company_uid", "string", "license_plate", "brand", "manufacturing_year", "capacity", "road_tax", "insurance", "technical_exam", "created_at", "updated_at") VALUES ($1, $2, $3, $4, $5, $6, $7, $8, $9, $10, $11, $12) RETURNING "bus_uid"[0m  [["bus_uid", "BUS_LKVJ0"], ["company_uid", "CPY_IVT00"], ["string", nil], ["license_plate", "HR98GHD"], ["brand", "Setra ComfortClass 500"], ["manufacturing_year", 2018], ["capacity", 65], ["road_tax", "2024-04-15 00:00:00"], ["insurance", "2024-04-25 00:00:00"], ["technical_exam", "2024-04-05 00:00:00"], ["created_at", "2023-10-22 18:33:48.543936"], ["updated_at", "2023-10-22 18:33:48.543936"]]
  [1m[36mTRANSACTION (94.4ms)[0m  [1m[35mCOMMIT[0m
  [1m[36mTRANSACTION (124.8ms)[0m  [1m[35mBEGIN[0m
  [1m[36mCompany Load (111.4ms)[0m  [1m[34mSELECT "companies".* FROM "companies" WHERE "companies"."company_uid" = $1 LIMIT $2[0m  [["company_uid", "CPY_IVT00"], ["LIMIT", 1]]
  [1m[36mBus Create (105.4ms)[0m  [1m[32mINSERT INTO "buses" ("bus_uid", "company_uid", "string", "license_plate", "brand", "manufacturing_year", "capacity", "road_tax", "insurance", "technical_exam", "created_at", "updated_at") VALUES ($1, $2, $3, $4, $5, $6, $7, $8, $9, $10, $11, $12) RETURNING "bus_uid"[0m  [["bus_uid", "BUS_5725C"], ["company_uid", "CPY_IVT00"], ["string", nil], ["license_plate", "HR56LSA"], ["brand", "Volvo B12B"], ["manufacturing_year", 2014], ["capacity", 70], ["road_tax", "2024-05-15 00:00:00"], ["insurance", "2024-05-25 00:00:00"], ["technical_exam", "2024-05-05 00:00:00"], ["created_at", "2023-10-22 18:33:49.003206"], ["updated_at", "2023-10-22 18:33:49.003206"]]
  [1m[36mTRANSACTION (98.7ms)[0m  [1m[35mCOMMIT[0m
  [1m[36mTRANSACTION (96.5ms)[0m  [1m[35mBEGIN[0m
  [1m[36mCompany Load (113.3ms)[0m  [1m[34mSELECT "companies".* FROM "companies" WHERE "companies"."company_uid" = $1 LIMIT $2[0m  [["company_uid", "CPY_IVT00"], ["LIMIT", 1]]
  [1m[36mBus Create (110.0ms)[0m  [1m[32mINSERT INTO "buses" ("bus_uid", "company_uid", "string", "license_plate", "brand", "manufacturing_year", "capacity", "road_tax", "insurance", "technical_exam", "created_at", "updated_at") VALUES ($1, $2, $3, $4, $5, $6, $7, $8, $9, $10, $11, $12) RETURNING "bus_uid"[0m  [["bus_uid", "BUS_4UU06"], ["company_uid", "CPY_IVT00"], ["string", nil], ["license_plate", "HR11PAN"], ["brand", "Mercedes Tourismo"], ["manufacturing_year", 2017], ["capacity", 75], ["road_tax", "2024-06-15 00:00:00"], ["insurance", "2024-06-25 00:00:00"], ["technical_exam", "2024-06-05 00:00:00"], ["created_at", "2023-10-22 18:33:49.435539"], ["updated_at", "2023-10-22 18:33:49.435539"]]
  [1m[36mTRANSACTION (106.7ms)[0m  [1m[35mCOMMIT[0m
  [1m[36mTRANSACTION (96.2ms)[0m  [1m[35mBEGIN[0m
  [1m[36mCompany Load (102.2ms)[0m  [1m[34mSELECT "companies".* FROM "companies" WHERE "companies"."company_uid" = $1 LIMIT $2[0m  [["company_uid", "CPY_IVT00"], ["LIMIT", 1]]
  [1m[36mBus Create (102.9ms)[0m  [1m[32mINSERT INTO "buses" ("bus_uid", "company_uid", "string", "license_plate", "brand", "manufacturing_year", "capacity", "road_tax", "insurance", "technical_exam", "created_at", "updated_at") VALUES ($1, $2, $3, $4, $5, $6, $7, $8, $9, $10, $11, $12) RETURNING "bus_uid"[0m  [["bus_uid", "BUS_WYL1B"], ["company_uid", "CPY_IVT00"], ["string", nil], ["license_plate", "HR14PAN"], ["brand", "Neoplan Starliner"], ["manufacturing_year", 2000], ["capacity", 80], ["road_tax", "2024-07-15 00:00:00"], ["insurance", "2024-07-25 00:00:00"], ["technical_exam", "2024-07-05 00:00:00"], ["created_at", "2023-10-22 18:33:49.871542"], ["updated_at", "2023-10-22 18:33:49.871542"]]
  [1m[36mTRANSACTION (91.0ms)[0m  [1m[35mCOMMIT[0m
  [1m[36mCompany Load (102.8ms)[0m  [1m[34mSELECT "companies".* FROM "companies" WHERE "companies"."name" = $1 LIMIT $2[0m  [["name", "BALINT TRANS SRL"], ["LIMIT", 1]]
  [1m[36mTRANSACTION (95.1ms)[0m  [1m[35mBEGIN[0m
  [1m[36mCompany Load (103.9ms)[0m  [1m[34mSELECT "companies".* FROM "companies" WHERE "companies"."company_uid" = $1 LIMIT $2[0m  [["company_uid", "CPY_2YWY3"], ["LIMIT", 1]]
  [1m[36mBus Create (104.0ms)[0m  [1m[32mINSERT INTO "buses" ("bus_uid", "company_uid", "string", "license_plate", "brand", "manufacturing_year", "capacity", "road_tax", "insurance", "technical_exam", "created_at", "updated_at") VALUES ($1, $2, $3, $4, $5, $6, $7, $8, $9, $10, $11, $12) RETURNING "bus_uid"[0m  [["bus_uid", "BUS_0F7A0"], ["company_uid", "CPY_2YWY3"], ["string", nil], ["license_plate", "MS01CD"], ["brand", "Volvo 9700"], ["manufacturing_year", 2011], ["capacity", 50], ["road_tax", "2024-01-15 00:00:00"], ["insurance", "2024-01-25 00:00:00"], ["technical_exam", "2024-01-05 00:00:00"], ["created_at", "2023-10-22 18:33:50.393534"], ["updated_at", "2023-10-22 18:33:50.393534"]]
  [1m[36mTRANSACTION (97.6ms)[0m  [1m[35mCOMMIT[0m
  [1m[36mTRANSACTION (91.9ms)[0m  [1m[35mBEGIN[0m
  [1m[36mCompany Load (116.3ms)[0m  [1m[34mSELECT "companies".* FROM "companies" WHERE "companies"."company_uid" = $1 LIMIT $2[0m  [["company_uid", "CPY_2YWY3"], ["LIMIT", 1]]
  [1m[36mBus Create (110.7ms)[0m  [1m[32mINSERT INTO "buses" ("bus_uid", "company_uid", "string", "license_plate", "brand", "manufacturing_year", "capacity", "road_tax", "insurance", "technical_exam", "created_at", "updated_at") VALUES ($1, $2, $3, $4, $5, $6, $7, $8, $9, $10, $11, $12) RETURNING "bus_uid"[0m  [["bus_uid", "BUS_AJY3A"], ["company_uid", "CPY_2YWY3"], ["string", nil], ["license_plate", "MS23OUP"], ["brand", "MAN Lion's Intercity"], ["manufacturing_year", 2013], ["capacity", 55], ["road_tax", "2024-02-15 00:00:00"], ["insurance", "2024-02-25 00:00:00"], ["technical_exam", "2024-02-05 00:00:00"], ["created_at", "2023-10-22 18:33:50.823882"], ["updated_at", "2023-10-22 18:33:50.823882"]]
  [1m[36mTRANSACTION (89.2ms)[0m  [1m[35mCOMMIT[0m
  [1m[36mTRANSACTION (93.9ms)[0m  [1m[35mBEGIN[0m
  [1m[36mCompany Load (113.5ms)[0m  [1m[34mSELECT "companies".* FROM "companies" WHERE "companies"."company_uid" = $1 LIMIT $2[0m  [["company_uid", "CPY_2YWY3"], ["LIMIT", 1]]
  [1m[36mBus Create (113.8ms)[0m  [1m[32mINSERT INTO "buses" ("bus_uid", "company_uid", "string", "license_plate", "brand", "manufacturing_year", "capacity", "road_tax", "insurance", "technical_exam", "created_at", "updated_at") VALUES ($1, $2, $3, $4, $5, $6, $7, $8, $9, $10, $11, $12) RETURNING "bus_uid"[0m  [["bus_uid", "BUS_T53GQ"], ["company_uid", "CPY_2YWY3"], ["string", nil], ["license_plate", "MS65BTS"], ["brand", "Scania Touring"], ["manufacturing_year", 2006], ["capacity", 60], ["road_tax", "2024-03-15 00:00:00"], ["insurance", "2024-03-25 00:00:00"], ["technical_exam", "2024-03-05 00:00:00"], ["created_at", "2023-10-22 18:33:51.252628"], ["updated_at", "2023-10-22 18:33:51.252628"]]
  [1m[36mTRANSACTION (98.4ms)[0m  [1m[35mCOMMIT[0m
  [1m[36mTRANSACTION (95.1ms)[0m  [1m[35mBEGIN[0m
  [1m[36mCompany Load (105.9ms)[0m  [1m[34mSELECT "companies".* FROM "companies" WHERE "companies"."company_uid" = $1 LIMIT $2[0m  [["company_uid", "CPY_2YWY3"], ["LIMIT", 1]]
  [1m[36mBus Create (113.6ms)[0m  [1m[32mINSERT INTO "buses" ("bus_uid", "company_uid", "string", "license_plate", "brand", "manufacturing_year", "capacity", "road_tax", "insurance", "technical_exam", "created_at", "updated_at") VALUES ($1, $2, $3, $4, $5, $6, $7, $8, $9, $10, $11, $12) RETURNING "bus_uid"[0m  [["bus_uid", "BUS_MR5A4"], ["company_uid", "CPY_2YWY3"], ["string", nil], ["license_plate", "MS74BTS"], ["brand", "Volvo B12B"], ["manufacturing_year", 2009], ["capacity", 65], ["road_tax", "2024-04-15 00:00:00"], ["insurance", "2024-04-25 00:00:00"], ["technical_exam", "2024-04-05 00:00:00"], ["created_at", "2023-10-22 18:33:51.684994"], ["updated_at", "2023-10-22 18:33:51.684994"]]
  [1m[36mTRANSACTION (103.8ms)[0m  [1m[35mCOMMIT[0m
  [1m[36mTRANSACTION (99.1ms)[0m  [1m[35mBEGIN[0m
  [1m[36mCompany Load (112.6ms)[0m  [1m[34mSELECT "companies".* FROM "companies" WHERE "companies"."company_uid" = $1 LIMIT $2[0m  [["company_uid", "CPY_2YWY3"], ["LIMIT", 1]]
  [1m[36mBus Create (111.9ms)[0m  [1m[32mINSERT INTO "buses" ("bus_uid", "company_uid", "string", "license_plate", "brand", "manufacturing_year", "capacity", "road_tax", "insurance", "technical_exam", "created_at", "updated_at") VALUES ($1, $2, $3, $4, $5, $6, $7, $8, $9, $10, $11, $12) RETURNING "bus_uid"[0m  [["bus_uid", "BUS_XEVFF"], ["company_uid", "CPY_2YWY3"], ["string", nil], ["license_plate", "MS99WEQ"], ["brand", "Volvo B12B"], ["manufacturing_year", 2014], ["capacity", 70], ["road_tax", "2024-05-15 00:00:00"], ["insurance", "2024-05-25 00:00:00"], ["technical_exam", "2024-05-05 00:00:00"], ["created_at", "2023-10-22 18:33:52.134416"], ["updated_at", "2023-10-22 18:33:52.134416"]]
  [1m[36mTRANSACTION (94.1ms)[0m  [1m[35mCOMMIT[0m
  [1m[36mTRANSACTION (90.6ms)[0m  [1m[35mBEGIN[0m
  [1m[36mCompany Load (107.8ms)[0m  [1m[34mSELECT "companies".* FROM "companies" WHERE "companies"."company_uid" = $1 LIMIT $2[0m  [["company_uid", "CPY_2YWY3"], ["LIMIT", 1]]
  [1m[36mBus Create (106.8ms)[0m  [1m[32mINSERT INTO "buses" ("bus_uid", "company_uid", "string", "license_plate", "brand", "manufacturing_year", "capacity", "road_tax", "insurance", "technical_exam", "created_at", "updated_at") VALUES ($1, $2, $3, $4, $5, $6, $7, $8, $9, $10, $11, $12) RETURNING "bus_uid"[0m  [["bus_uid", "BUS_QD8JK"], ["company_uid", "CPY_2YWY3"], ["string", nil], ["license_plate", "MS34ALM"], ["brand", "Mercedes Tourismo"], ["manufacturing_year", 2000], ["capacity", 75], ["road_tax", "2024-06-15 00:00:00"], ["insurance", "2024-06-25 00:00:00"], ["technical_exam", "2024-06-05 00:00:00"], ["created_at", "2023-10-22 18:33:52.556766"], ["updated_at", "2023-10-22 18:33:52.556766"]]
  [1m[36mTRANSACTION (91.4ms)[0m  [1m[35mCOMMIT[0m
  [1m[36mTRANSACTION (93.3ms)[0m  [1m[35mBEGIN[0m
  [1m[36mCompany Load (105.5ms)[0m  [1m[34mSELECT "companies".* FROM "companies" WHERE "companies"."company_uid" = $1 LIMIT $2[0m  [["company_uid", "CPY_2YWY3"], ["LIMIT", 1]]
  [1m[36mBus Create (110.7ms)[0m  [1m[32mINSERT INTO "buses" ("bus_uid", "company_uid", "string", "license_plate", "brand", "manufacturing_year", "capacity", "road_tax", "insurance", "technical_exam", "created_at", "updated_at") VALUES ($1, $2, $3, $4, $5, $6, $7, $8, $9, $10, $11, $12) RETURNING "bus_uid"[0m  [["bus_uid", "BUS_JIOWM"], ["company_uid", "CPY_2YWY3"], ["string", nil], ["license_plate", "MS66ALMROM"], ["brand", "Mercedes Tourismo"], ["manufacturing_year", 2019], ["capacity", 80], ["road_tax", "2024-07-15 00:00:00"], ["insurance", "2024-07-25 00:00:00"], ["technical_exam", "2024-07-05 00:00:00"], ["created_at", "2023-10-22 18:33:52.974929"], ["updated_at", "2023-10-22 18:33:52.974929"]]
  [1m[36mTRANSACTION (91.9ms)[0m  [1m[35mCOMMIT[0m
  [1m[36mCompany Load (106.8ms)[0m  [1m[34mSELECT "companies".* FROM "companies" WHERE "companies"."name" = $1 LIMIT $2[0m  [["name", "TRANSPORT LOCAL SA"], ["LIMIT", 1]]
  [1m[36mTRANSACTION (94.4ms)[0m  [1m[35mBEGIN[0m
  [1m[36mCompany Load (95.7ms)[0m  [1m[34mSELECT "companies".* FROM "companies" WHERE "companies"."company_uid" = $1 LIMIT $2[0m  [["company_uid", "CPY_GE3VR"], ["LIMIT", 1]]
  [1m[36mBus Create (98.0ms)[0m  [1m[32mINSERT INTO "buses" ("bus_uid", "company_uid", "string", "license_plate", "brand", "manufacturing_year", "capacity", "road_tax", "insurance", "technical_exam", "created_at", "updated_at") VALUES ($1, $2, $3, $4, $5, $6, $7, $8, $9, $10, $11, $12) RETURNING "bus_uid"[0m  [["bus_uid", "BUS_0CJZB"], ["company_uid", "CPY_GE3VR"], ["string", nil], ["license_plate", "MS23TGM"], ["brand", "Volvo 9700"], ["manufacturing_year", 2010], ["capacity", 50], ["road_tax", "2024-01-15 00:00:00"], ["insurance", "2024-01-25 00:00:00"], ["technical_exam", "2024-01-05 00:00:00"], ["created_at", "2023-10-22 18:33:53.496961"], ["updated_at", "2023-10-22 18:33:53.496961"]]
  [1m[36mTRANSACTION (93.0ms)[0m  [1m[35mCOMMIT[0m
  [1m[36mTRANSACTION (89.3ms)[0m  [1m[35mBEGIN[0m
  [1m[36mCompany Load (131.3ms)[0m  [1m[34mSELECT "companies".* FROM "companies" WHERE "companies"."company_uid" = $1 LIMIT $2[0m  [["company_uid", "CPY_GE3VR"], ["LIMIT", 1]]
  [1m[36mBus Create (111.2ms)[0m  [1m[32mINSERT INTO "buses" ("bus_uid", "company_uid", "string", "license_plate", "brand", "manufacturing_year", "capacity", "road_tax", "insurance", "technical_exam", "created_at", "updated_at") VALUES ($1, $2, $3, $4, $5, $6, $7, $8, $9, $10, $11, $12) RETURNING "bus_uid"[0m  [["bus_uid", "BUS_R9GKD"], ["company_uid", "CPY_GE3VR"], ["string", nil], ["license_plate", "MS34TGM"], ["brand", "MAN Lion's Intercity"], ["manufacturing_year", 2012], ["capacity", 55], ["road_tax", "2024-02-15 00:00:00"], ["insurance", "2024-02-25 00:00:00"], ["technical_exam", "2024-02-05 00:00:00"], ["created_at", "2023-10-22 18:33:53.930826"], ["updated_at", "2023-10-22 18:33:53.930826"]]
  [1m[36mTRANSACTION (93.4ms)[0m  [1m[35mCOMMIT[0m
  [1m[36mTRANSACTION (91.0ms)[0m  [1m[35mBEGIN[0m
  [1m[36mCompany Load (96.0ms)[0m  [1m[34mSELECT "companies".* FROM "companies" WHERE "companies"."company_uid" = $1 LIMIT $2[0m  [["company_uid", "CPY_GE3VR"], ["LIMIT", 1]]
  [1m[36mBus Create (103.1ms)[0m  [1m[32mINSERT INTO "buses" ("bus_uid", "company_uid", "string", "license_plate", "brand", "manufacturing_year", "capacity", "road_tax", "insurance", "technical_exam", "created_at", "updated_at") VALUES ($1, $2, $3, $4, $5, $6, $7, $8, $9, $10, $11, $12) RETURNING "bus_uid"[0m  [["bus_uid", "BUS_7SJ7W"], ["company_uid", "CPY_GE3VR"], ["string", nil], ["license_plate", "MS98TGM"], ["brand", "Mercedes Integro"], ["manufacturing_year", 2015], ["capacity", 60], ["road_tax", "2024-03-15 00:00:00"], ["insurance", "2024-03-25 00:00:00"], ["technical_exam", "2024-03-05 00:00:00"], ["created_at", "2023-10-22 18:33:54.346322"], ["updated_at", "2023-10-22 18:33:54.346322"]]
  [1m[36mTRANSACTION (97.1ms)[0m  [1m[35mCOMMIT[0m
  [1m[36mTRANSACTION (91.3ms)[0m  [1m[35mBEGIN[0m
  [1m[36mCompany Load (105.1ms)[0m  [1m[34mSELECT "companies".* FROM "companies" WHERE "companies"."company_uid" = $1 LIMIT $2[0m  [["company_uid", "CPY_GE3VR"], ["LIMIT", 1]]
  [1m[36mBus Create (120.9ms)[0m  [1m[32mINSERT INTO "buses" ("bus_uid", "company_uid", "string", "license_plate", "brand", "manufacturing_year", "capacity", "road_tax", "insurance", "technical_exam", "created_at", "updated_at") VALUES ($1, $2, $3, $4, $5, $6, $7, $8, $9, $10, $11, $12) RETURNING "bus_uid"[0m  [["bus_uid", "BUS_LW2V4"], ["company_uid", "CPY_GE3VR"], ["string", nil], ["license_plate", "MS12TGM"], ["brand", "Mercedes Integro"], ["manufacturing_year", 2011], ["capacity", 65], ["road_tax", "2024-04-15 00:00:00"], ["insurance", "2024-04-25 00:00:00"], ["technical_exam", "2024-04-05 00:00:00"], ["created_at", "2023-10-22 18:33:54.763318"], ["updated_at", "2023-10-22 18:33:54.763318"]]
  [1m[36mTRANSACTION (92.0ms)[0m  [1m[35mCOMMIT[0m
  [1m[36mTRANSACTION (105.1ms)[0m  [1m[35mBEGIN[0m
  [1m[36mCompany Load (105.9ms)[0m  [1m[34mSELECT "companies".* FROM "companies" WHERE "companies"."company_uid" = $1 LIMIT $2[0m  [["company_uid", "CPY_GE3VR"], ["LIMIT", 1]]
  [1m[36mBus Create (100.6ms)[0m  [1m[32mINSERT INTO "buses" ("bus_uid", "company_uid", "string", "license_plate", "brand", "manufacturing_year", "capacity", "road_tax", "insurance", "technical_exam", "created_at", "updated_at") VALUES ($1, $2, $3, $4, $5, $6, $7, $8, $9, $10, $11, $12) RETURNING "bus_uid"[0m  [["bus_uid", "BUS_X5KJK"], ["company_uid", "CPY_GE3VR"], ["string", nil], ["license_plate", "MS23MUI"], ["brand", "Volvo B12B"], ["manufacturing_year", 2011], ["capacity", 70], ["road_tax", "2024-05-15 00:00:00"], ["insurance", "2024-05-25 00:00:00"], ["technical_exam", "2024-05-05 00:00:00"], ["created_at", "2023-10-22 18:33:55.207652"], ["updated_at", "2023-10-22 18:33:55.207652"]]
  [1m[36mTRANSACTION (103.8ms)[0m  [1m[35mCOMMIT[0m
  [1m[36mTRANSACTION (87.8ms)[0m  [1m[35mBEGIN[0m
  [1m[36mCompany Load (98.2ms)[0m  [1m[34mSELECT "companies".* FROM "companies" WHERE "companies"."company_uid" = $1 LIMIT $2[0m  [["company_uid", "CPY_GE3VR"], ["LIMIT", 1]]
  [1m[36mBus Create (98.6ms)[0m  [1m[32mINSERT INTO "buses" ("bus_uid", "company_uid", "string", "license_plate", "brand", "manufacturing_year", "capacity", "road_tax", "insurance", "technical_exam", "created_at", "updated_at") VALUES ($1, $2, $3, $4, $5, $6, $7, $8, $9, $10, $11, $12) RETURNING "bus_uid"[0m  [["bus_uid", "BUS_41R0E"], ["company_uid", "CPY_GE3VR"], ["string", nil], ["license_plate", "MS22UZI"], ["brand", "Mercedes Tourismo"], ["manufacturing_year", 2017], ["capacity", 75], ["road_tax", "2024-06-15 00:00:00"], ["insurance", "2024-06-25 00:00:00"], ["technical_exam", "2024-06-05 00:00:00"], ["created_at", "2023-10-22 18:33:55.616760"], ["updated_at", "2023-10-22 18:33:55.616760"]]
  [1m[36mTRANSACTION (104.0ms)[0m  [1m[35mCOMMIT[0m
  [1m[36mTRANSACTION (87.3ms)[0m  [1m[35mBEGIN[0m
  [1m[36mCompany Load (106.1ms)[0m  [1m[34mSELECT "companies".* FROM "companies" WHERE "companies"."company_uid" = $1 LIMIT $2[0m  [["company_uid", "CPY_GE3VR"], ["LIMIT", 1]]
  [1m[36mBus Create (115.5ms)[0m  [1m[32mINSERT INTO "buses" ("bus_uid", "company_uid", "string", "license_plate", "brand", "manufacturing_year", "capacity", "road_tax", "insurance", "technical_exam", "created_at", "updated_at") VALUES ($1, $2, $3, $4, $5, $6, $7, $8, $9, $10, $11, $12) RETURNING "bus_uid"[0m  [["bus_uid", "BUS_73J6H"], ["company_uid", "CPY_GE3VR"], ["string", nil], ["license_plate", "MS33ALS"], ["brand", "Neoplan Starliner"], ["manufacturing_year", 2019], ["capacity", 80], ["road_tax", "2024-01-15 00:00:00"], ["insurance", "2024-07-25 00:00:00"], ["technical_exam", "2024-07-05 00:00:00"], ["created_at", "2023-10-22 18:33:56.033281"], ["updated_at", "2023-10-22 18:33:56.033281"]]
  [1m[36mTRANSACTION (100.5ms)[0m  [1m[35mCOMMIT[0m
  [1m[36mActiveRecord::SchemaMigration Pluck (197.7ms)[0m  [1m[34mSELECT "schema_migrations"."version" FROM "schema_migrations" ORDER BY "schema_migrations"."version" ASC[0m
  [1m[36mActiveRecord::InternalMetadata Pluck (99.6ms)[0m  [1m[34mSELECT "ar_internal_metadata"."value" FROM "ar_internal_metadata" WHERE "ar_internal_metadata"."key" = $1 LIMIT $2[0m  [["key", "environment"], ["LIMIT", 1]]
  [1m[36mActiveRecord::SchemaMigration Pluck (205.6ms)[0m  [1m[34mSELECT "schema_migrations"."version" FROM "schema_migrations" ORDER BY "schema_migrations"."version" ASC[0m
  [1m[36mActiveRecord::InternalMetadata Pluck (201.3ms)[0m  [1m[34mSELECT "ar_internal_metadata"."value" FROM "ar_internal_metadata" WHERE "ar_internal_metadata"."key" = $1 LIMIT $2[0m  [["key", "environment"], ["LIMIT", 1]]
  [1m[36mActiveRecord::SchemaMigration Pluck (100.2ms)[0m  [1m[34mSELECT "schema_migrations"."version" FROM "schema_migrations" ORDER BY "schema_migrations"."version" ASC[0m
  [1m[36mActiveRecord::InternalMetadata Pluck (97.3ms)[0m  [1m[34mSELECT "ar_internal_metadata"."value" FROM "ar_internal_metadata" WHERE "ar_internal_metadata"."key" = $1 LIMIT $2[0m  [["key", "environment"], ["LIMIT", 1]]
  [1m[35m (174.6ms)[0m  [1m[35mDROP DATABASE IF EXISTS "bus4u_db"[0m
  [1m[35m (17.5ms)[0m  [1m[35mDROP DATABASE IF EXISTS "API_test"[0m
  [1m[35m (407.6ms)[0m  [1m[35mCREATE DATABASE "bus4u_db" ENCODING = 'unicode'[0m
  [1m[35m (115.5ms)[0m  [1m[35mCREATE DATABASE "API_test" ENCODING = 'unicode'[0m
  [1m[35m (130.2ms)[0m  [1m[35mCREATE TABLE "schema_migrations" ("version" character varying NOT NULL PRIMARY KEY)[0m
  [1m[35m (117.7ms)[0m  [1m[35mCREATE TABLE "ar_internal_metadata" ("key" character varying NOT NULL PRIMARY KEY, "value" character varying, "created_at" timestamp(6) NOT NULL, "updated_at" timestamp(6) NOT NULL)[0m
  [1m[35m (96.7ms)[0m  [1m[34mSELECT pg_try_advisory_lock(328290156475937670)[0m
  [1m[36mActiveRecord::SchemaMigration Pluck (113.1ms)[0m  [1m[34mSELECT "schema_migrations"."version" FROM "schema_migrations" ORDER BY "schema_migrations"."version" ASC[0m
Migrating to DeviseTokenAuthCreateUsers (20231012145933)
  [1m[36mTRANSACTION (100.2ms)[0m  [1m[35mBEGIN[0m
  [1m[35m (214.4ms)[0m  [1m[35mCREATE TABLE "users" ("provider" character varying DEFAULT 'email' NOT NULL, "user_uid" character varying DEFAULT '' NOT NULL, "encrypted_password" character varying DEFAULT '' NOT NULL, "reset_password_token" character varying, "reset_password_sent_at" timestamp(6), "allow_password_change" boolean DEFAULT FALSE, "remember_created_at" timestamp(6), "confirmation_token" character varying, "confirmed_at" timestamp(6), "confirmation_sent_at" timestamp(6), "unconfirmed_email" character varying, "firstname" character varying, "lastname" character varying, "email" character varying, "phone_number" character varying, "language" character varying, "tokens" json, "created_at" timestamp(6) NOT NULL, "updated_at" timestamp(6) NOT NULL)[0m
  [1m[35m (103.1ms)[0m  [1m[35mCREATE UNIQUE INDEX "index_users_on_email" ON "users" ("email")[0m
  [1m[35m (115.4ms)[0m  [1m[35mCREATE UNIQUE INDEX "index_users_on_user_uid_and_provider" ON "users" ("user_uid", "provider")[0m
  [1m[35m (182.8ms)[0m  [1m[35mCREATE UNIQUE INDEX "index_users_on_reset_password_token" ON "users" ("reset_password_token")[0m
  [1m[35m (203.4ms)[0m  [1m[35mCREATE UNIQUE INDEX "index_users_on_confirmation_token" ON "users" ("confirmation_token")[0m
  [1m[36mActiveRecord::SchemaMigration Create (162.1ms)[0m  [1m[32mINSERT INTO "schema_migrations" ("version") VALUES ($1) RETURNING "version"[0m  [["version", "20231012145933"]]
  [1m[36mTRANSACTION (96.8ms)[0m  [1m[35mCOMMIT[0m
Migrating to DeviseTokenAuthCreateAdmins (20231012150243)
  [1m[36mTRANSACTION (91.5ms)[0m  [1m[35mBEGIN[0m
  [1m[35m (118.6ms)[0m  [1m[35mCREATE TABLE "admins" ("provider" character varying DEFAULT 'email' NOT NULL, "admin_uid" character varying DEFAULT '' NOT NULL, "encrypted_password" character varying DEFAULT '' NOT NULL, "reset_password_token" character varying, "reset_password_sent_at" timestamp(6), "allow_password_change" boolean DEFAULT FALSE, "remember_created_at" timestamp(6), "confirmation_token" character varying, "confirmed_at" timestamp(6), "confirmation_sent_at" timestamp(6), "unconfirmed_email" character varying, "email" character varying, "firstname" character varying, "lastname" character varying, "nickname" character varying, "role" character varying, "phone_number" character varying, "address" character varying, "company_uid" character varying, "tokens" json, "created_at" timestamp(6) NOT NULL, "updated_at" timestamp(6) NOT NULL)[0m
  [1m[35m (99.3ms)[0m  [1m[35mCREATE UNIQUE INDEX "index_admins_on_email" ON "admins" ("email")[0m
  [1m[35m (107.3ms)[0m  [1m[35mCREATE UNIQUE INDEX "index_admins_on_admin_uid_and_provider" ON "admins" ("admin_uid", "provider")[0m
  [1m[35m (110.2ms)[0m  [1m[35mCREATE UNIQUE INDEX "index_admins_on_reset_password_token" ON "admins" ("reset_password_token")[0m
  [1m[35m (108.0ms)[0m  [1m[35mCREATE UNIQUE INDEX "index_admins_on_confirmation_token" ON "admins" ("confirmation_token")[0m
  [1m[36mActiveRecord::SchemaMigration Create (108.1ms)[0m  [1m[32mINSERT INTO "schema_migrations" ("version") VALUES ($1) RETURNING "version"[0m  [["version", "20231012150243"]]
  [1m[36mTRANSACTION (93.3ms)[0m  [1m[35mCOMMIT[0m
Migrating to CreateCompanies (20231022154945)
  [1m[36mTRANSACTION (96.1ms)[0m  [1m[35mBEGIN[0m
  [1m[35m (183.1ms)[0m  [1m[35mCREATE TABLE "companies" ("company_uid" character varying NOT NULL PRIMARY KEY, "name" character varying, "email" character varying, "phone_number" character varying, "tax_number" character varying, "city" character varying, "office_address" character varying, "created_at" timestamp(6) NOT NULL, "updated_at" timestamp(6) NOT NULL)[0m
  [1m[36mActiveRecord::SchemaMigration Create (185.4ms)[0m  [1m[32mINSERT INTO "schema_migrations" ("version") VALUES ($1) RETURNING "version"[0m  [["version", "20231022154945"]]
  [1m[36mTRANSACTION (98.2ms)[0m  [1m[35mCOMMIT[0m
Migrating to CreateBuses (20231022155022)
  [1m[36mTRANSACTION (92.5ms)[0m  [1m[35mBEGIN[0m
  [1m[35m (129.1ms)[0m  [1m[35mCREATE TABLE "buses" ("bus_uid" character varying NOT NULL PRIMARY KEY, "company_uid" character varying, "string" character varying, "license_plate" character varying, "brand" character varying, "manufacturing_year" integer, "capacity" integer, "road_tax" timestamp(6), "insurance" timestamp(6), "technical_exam" timestamp(6), "created_at" timestamp(6) NOT NULL, "updated_at" timestamp(6) NOT NULL)[0m
  [1m[36mActiveRecord::SchemaMigration Create (103.0ms)[0m  [1m[32mINSERT INTO "schema_migrations" ("version") VALUES ($1) RETURNING "version"[0m  [["version", "20231022155022"]]
  [1m[36mTRANSACTION (188.3ms)[0m  [1m[35mCOMMIT[0m
Migrating to CreateStations (20231022155044)
  [1m[36mTRANSACTION (96.5ms)[0m  [1m[35mBEGIN[0m
  [1m[35m (204.2ms)[0m  [1m[35mCREATE TABLE "stations" ("station_uid" character varying NOT NULL PRIMARY KEY, "name" character varying, "longitude" decimal, "latitude" decimal, "address" character varying, "created_at" timestamp(6) NOT NULL, "updated_at" timestamp(6) NOT NULL)[0m
  [1m[36mActiveRecord::SchemaMigration Create (200.8ms)[0m  [1m[32mINSERT INTO "schema_migrations" ("version") VALUES ($1) RETURNING "version"[0m  [["version", "20231022155044"]]
  [1m[36mTRANSACTION (99.0ms)[0m  [1m[35mCOMMIT[0m
Migrating to CreateRoutes (20231022155105)
  [1m[36mTRANSACTION (95.3ms)[0m  [1m[35mBEGIN[0m
  [1m[35m (111.1ms)[0m  [1m[35mCREATE TABLE "routes" ("route_uid" character varying, "name" character varying, "created_at" timestamp(6) NOT NULL, "updated_at" timestamp(6) NOT NULL)[0m
  [1m[36mActiveRecord::SchemaMigration Create (100.3ms)[0m  [1m[32mINSERT INTO "schema_migrations" ("version") VALUES ($1) RETURNING "version"[0m  [["version", "20231022155105"]]
  [1m[36mTRANSACTION (93.0ms)[0m  [1m[35mCOMMIT[0m
Migrating to CreateRouteStations (20231022155131)
  [1m[36mTRANSACTION (97.0ms)[0m  [1m[35mBEGIN[0m
  [1m[35m (293.4ms)[0m  [1m[35mCREATE TABLE "route_stations" ("route_station_uid" character varying NOT NULL PRIMARY KEY, "bus_uid" character varying, "station_uid" character varying, "route_uid" character varying, "departure_time" timestamp(6), "created_at" timestamp(6) NOT NULL, "updated_at" timestamp(6) NOT NULL)[0m
  [1m[36mActiveRecord::SchemaMigration Create (96.3ms)[0m  [1m[32mINSERT INTO "schema_migrations" ("version") VALUES ($1) RETURNING "version"[0m  [["version", "20231022155131"]]
  [1m[36mTRANSACTION (94.3ms)[0m  [1m[35mCOMMIT[0m
Migrating to CreateTickets (20231022155206)
  [1m[36mTRANSACTION (95.3ms)[0m  [1m[35mBEGIN[0m
  [1m[35m (117.2ms)[0m  [1m[35mCREATE TABLE "tickets" ("ticket_uid" character varying NOT NULL PRIMARY KEY, "company_uid" character varying, "type" character varying, "price_uid" character varying, "created_at" timestamp(6) NOT NULL, "updated_at" timestamp(6) NOT NULL)[0m
  [1m[36mActiveRecord::SchemaMigration Create (107.7ms)[0m  [1m[32mINSERT INTO "schema_migrations" ("version") VALUES ($1) RETURNING "version"[0m  [["version", "20231022155206"]]
  [1m[36mTRANSACTION (204.8ms)[0m  [1m[35mCOMMIT[0m
Migrating to CreateBoughtTickets (20231022155234)
  [1m[36mTRANSACTION (96.5ms)[0m  [1m[35mBEGIN[0m
  [1m[35m (204.6ms)[0m  [1m[35mCREATE TABLE "bought_tickets" ("bought_ticket_uid" character varying NOT NULL PRIMARY KEY, "ticket_uid" character varying, "user_uid" character varying, "date_of_purchase" timestamp(6), "expiration_date" timestamp(6), "is_vaild" boolean, "created_at" timestamp(6) NOT NULL, "updated_at" timestamp(6) NOT NULL)[0m
  [1m[36mActiveRecord::SchemaMigration Create (168.9ms)[0m  [1m[32mINSERT INTO "schema_migrations" ("version") VALUES ($1) RETURNING "version"[0m  [["version", "20231022155234"]]
  [1m[36mTRANSACTION (92.1ms)[0m  [1m[35mCOMMIT[0m
Migrating to CreatePrices (20231022155344)
  [1m[36mTRANSACTION (90.6ms)[0m  [1m[35mBEGIN[0m
  [1m[35m (152.1ms)[0m  [1m[35mCREATE TABLE "prices" ("price_uid" character varying NOT NULL PRIMARY KEY, "company_uid" character varying, "route_uid" character varying, "from_station_uid" character varying, "to_station_uid" character varying, "ticket_price" decimal, "created_at" timestamp(6) NOT NULL, "updated_at" timestamp(6) NOT NULL)[0m
  [1m[36mActiveRecord::SchemaMigration Create (299.9ms)[0m  [1m[32mINSERT INTO "schema_migrations" ("version") VALUES ($1) RETURNING "version"[0m  [["version", "20231022155344"]]
  [1m[36mTRANSACTION (189.5ms)[0m  [1m[35mCOMMIT[0m
  [1m[36mActiveRecord::InternalMetadata Load (202.9ms)[0m  [1m[34mSELECT "ar_internal_metadata".* FROM "ar_internal_metadata" WHERE "ar_internal_metadata"."key" = $1 LIMIT $2[0m  [["key", "environment"], ["LIMIT", 1]]
  [1m[36mTRANSACTION (93.1ms)[0m  [1m[35mBEGIN[0m
  [1m[36mActiveRecord::InternalMetadata Create (189.7ms)[0m  [1m[32mINSERT INTO "ar_internal_metadata" ("key", "value", "created_at", "updated_at") VALUES ($1, $2, $3, $4) RETURNING "key"[0m  [["key", "environment"], ["value", "development"], ["created_at", "2023-10-22 18:44:11.298650"], ["updated_at", "2023-10-22 18:44:11.298650"]]
  [1m[36mTRANSACTION (97.7ms)[0m  [1m[35mCOMMIT[0m
  [1m[35m (91.8ms)[0m  [1m[34mSELECT pg_advisory_unlock(328290156475937670)[0m
  [1m[36mActiveRecord::SchemaMigration Pluck (96.4ms)[0m  [1m[34mSELECT "schema_migrations"."version" FROM "schema_migrations" ORDER BY "schema_migrations"."version" ASC[0m
  [1m[36mActiveRecord::SchemaMigration Pluck (107.2ms)[0m  [1m[34mSELECT "schema_migrations"."version" FROM "schema_migrations" ORDER BY "schema_migrations"."version" ASC[0m
  [1m[36mTRANSACTION (174.5ms)[0m  [1m[35mBEGIN[0m
  [1m[36mCompany Create (460.4ms)[0m  [1m[32mINSERT INTO "companies" ("company_uid", "name", "email", "phone_number", "tax_number", "city", "office_address", "created_at", "updated_at") VALUES ($1, $2, $3, $4, $5, $6, $7, $8, $9) RETURNING "company_uid"[0m  [["company_uid", "CPY_OEVK3"], ["name", "VANDOR TRANS TOURS SRL"], ["email", "office@vandortrans.ro"], ["phone_number", "0762883716"], ["tax_number", "49281782"], ["city", "Gheorgheni"], ["office_address", "Str. Kossuth Lajos nr. 91"], ["created_at", "2023-10-22 18:44:46.125366"], ["updated_at", "2023-10-22 18:44:46.125366"]]
  [1m[36mTRANSACTION (110.9ms)[0m  [1m[35mCOMMIT[0m
  [1m[36mTRANSACTION (101.4ms)[0m  [1m[35mBEGIN[0m
  [1m[36mCompany Create (99.9ms)[0m  [1m[32mINSERT INTO "companies" ("company_uid", "name", "email", "phone_number", "tax_number", "city", "office_address", "created_at", "updated_at") VALUES ($1, $2, $3, $4, $5, $6, $7, $8, $9) RETURNING "company_uid"[0m  [["company_uid", "CPY_2BJ0D"], ["name", "PANORAMA TURIST SRL"], ["email", "panorama@gmail.com"], ["phone_number", "0755197688"], ["tax_number", "74112365"], ["city", "Ditrau"], ["office_address", "Str. Dealul frumos 73/A"], ["created_at", "2023-10-22 18:44:46.885463"], ["updated_at", "2023-10-22 18:44:46.885463"]]
  [1m[36mTRANSACTION (88.2ms)[0m  [1m[35mCOMMIT[0m
  [1m[36mTRANSACTION (95.1ms)[0m  [1m[35mBEGIN[0m
  [1m[36mCompany Create (110.5ms)[0m  [1m[32mINSERT INTO "companies" ("company_uid", "name", "email", "phone_number", "tax_number", "city", "office_address", "created_at", "updated_at") VALUES ($1, $2, $3, $4, $5, $6, $7, $8, $9) RETURNING "company_uid"[0m  [["company_uid", "CPY_33Q3D"], ["name", "BALINT TRANS SRL"], ["email", "balinttrans@yahoo.com"], ["phone_number", "0723763998"], ["tax_number", "41549877"], ["city", "Targu Mures"], ["office_address", "Str. Bega nr. 9"], ["created_at", "2023-10-22 18:44:47.187381"], ["updated_at", "2023-10-22 18:44:47.187381"]]
  [1m[36mTRANSACTION (93.0ms)[0m  [1m[35mCOMMIT[0m
  [1m[36mTRANSACTION (95.6ms)[0m  [1m[35mBEGIN[0m
  [1m[36mCompany Create (101.2ms)[0m  [1m[32mINSERT INTO "companies" ("company_uid", "name", "email", "phone_number", "tax_number", "city", "office_address", "created_at", "updated_at") VALUES ($1, $2, $3, $4, $5, $6, $7, $8, $9) RETURNING "company_uid"[0m  [["company_uid", "CPY_884M0"], ["name", "TRANSPORT LOCAL SA"], ["email", "office@vandortrans.ro"], ["phone_number", "0763777716"], ["tax_number", "87654782"], ["city", "Targu Mures"], ["office_address", "Str. Bega nr. 2"], ["created_at", "2023-10-22 18:44:47.498637"], ["updated_at", "2023-10-22 18:44:47.498637"]]
  [1m[36mTRANSACTION (98.6ms)[0m  [1m[35mCOMMIT[0m
  [1m[36mCompany Load (108.2ms)[0m  [1m[34mSELECT "companies".* FROM "companies" WHERE "companies"."name" = $1 LIMIT $2[0m  [["name", "VANDOR TRANS TOURS SRL"], ["LIMIT", 1]]
  [1m[36mTRANSACTION (102.3ms)[0m  [1m[35mBEGIN[0m
  [1m[36mCompany Load (165.0ms)[0m  [1m[34mSELECT "companies".* FROM "companies" WHERE "companies"."company_uid" = $1 LIMIT $2[0m  [["company_uid", "CPY_OEVK3"], ["LIMIT", 1]]
  [1m[36mBus Create (439.2ms)[0m  [1m[32mINSERT INTO "buses" ("bus_uid", "company_uid", "string", "license_plate", "brand", "manufacturing_year", "capacity", "road_tax", "insurance", "technical_exam", "created_at", "updated_at") VALUES ($1, $2, $3, $4, $5, $6, $7, $8, $9, $10, $11, $12) RETURNING "bus_uid"[0m  [["bus_uid", "BUS_0GWSO"], ["company_uid", "CPY_OEVK3"], ["string", nil], ["license_plate", "HR49VTT"], ["brand", "Mercedes Integro"], ["manufacturing_year", 2003], ["capacity", 73], ["road_tax", "2023-12-10 00:00:00"], ["insurance", "2023-12-22 00:00:00"], ["technical_exam", "2023-10-10 00:00:00"], ["created_at", "2023-10-22 18:44:49.070556"], ["updated_at", "2023-10-22 18:44:49.070556"]]
  [1m[36mTRANSACTION (101.2ms)[0m  [1m[35mCOMMIT[0m
  [1m[36mTRANSACTION (118.4ms)[0m  [1m[35mBEGIN[0m
  [1m[36mCompany Load (141.6ms)[0m  [1m[34mSELECT "companies".* FROM "companies" WHERE "companies"."company_uid" = $1 LIMIT $2[0m  [["company_uid", "CPY_OEVK3"], ["LIMIT", 1]]
  [1m[36mBus Create (112.4ms)[0m  [1m[32mINSERT INTO "buses" ("bus_uid", "company_uid", "string", "license_plate", "brand", "manufacturing_year", "capacity", "road_tax", "insurance", "technical_exam", "created_at", "updated_at") VALUES ($1, $2, $3, $4, $5, $6, $7, $8, $9, $10, $11, $12) RETURNING "bus_uid"[0m  [["bus_uid", "BUS_PWKZ3"], ["company_uid", "CPY_OEVK3"], ["string", nil], ["license_plate", "HR22VTT"], ["brand", "Setra S516"], ["manufacturing_year", 2009], ["capacity", 57], ["road_tax", "2024-04-28 00:00:00"], ["insurance", "2024-12-02 00:00:00"], ["technical_exam", "2024-03-03 00:00:00"], ["created_at", "2023-10-22 18:44:49.889997"], ["updated_at", "2023-10-22 18:44:49.889997"]]
  [1m[36mTRANSACTION (104.8ms)[0m  [1m[35mCOMMIT[0m
  [1m[36mTRANSACTION (98.8ms)[0m  [1m[35mBEGIN[0m
  [1m[36mCompany Load (101.7ms)[0m  [1m[34mSELECT "companies".* FROM "companies" WHERE "companies"."company_uid" = $1 LIMIT $2[0m  [["company_uid", "CPY_OEVK3"], ["LIMIT", 1]]
  [1m[36mBus Create (171.9ms)[0m  [1m[32mINSERT INTO "buses" ("bus_uid", "company_uid", "string", "license_plate", "brand", "manufacturing_year", "capacity", "road_tax", "insurance", "technical_exam", "created_at", "updated_at") VALUES ($1, $2, $3, $4, $5, $6, $7, $8, $9, $10, $11, $12) RETURNING "bus_uid"[0m  [["bus_uid", "BUS_ILR2B"], ["company_uid", "CPY_OEVK3"], ["string", nil], ["license_plate", "HR56VTT"], ["brand", "Mercedes Vario"], ["manufacturing_year", 2019], ["capacity", 45], ["road_tax", "2024-05-21 00:00:00"], ["insurance", "2023-10-22 00:00:00"], ["technical_exam", "2024-11-08 00:00:00"], ["created_at", "2023-10-22 18:44:50.325941"], ["updated_at", "2023-10-22 18:44:50.325941"]]
  [1m[36mTRANSACTION (201.3ms)[0m  [1m[35mCOMMIT[0m
  [1m[36mTRANSACTION (99.4ms)[0m  [1m[35mBEGIN[0m
  [1m[36mCompany Load (98.1ms)[0m  [1m[34mSELECT "companies".* FROM "companies" WHERE "companies"."company_uid" = $1 LIMIT $2[0m  [["company_uid", "CPY_OEVK3"], ["LIMIT", 1]]
  [1m[36mBus Create (100.1ms)[0m  [1m[32mINSERT INTO "buses" ("bus_uid", "company_uid", "string", "license_plate", "brand", "manufacturing_year", "capacity", "road_tax", "insurance", "technical_exam", "created_at", "updated_at") VALUES ($1, $2, $3, $4, $5, $6, $7, $8, $9, $10, $11, $12) RETURNING "bus_uid"[0m  [["bus_uid", "BUS_MV75G"], ["company_uid", "CPY_OEVK3"], ["string", nil], ["license_plate", "HR67VTT"], ["brand", "Mercedes Vito"], ["manufacturing_year", 2011], ["capacity", 24], ["road_tax", "2024-06-29 00:00:00"], ["insurance", "2024-01-28 00:00:00"], ["technical_exam", "2024-06-11 00:00:00"], ["created_at", "2023-10-22 18:44:50.914211"], ["updated_at", "2023-10-22 18:44:50.914211"]]
  [1m[36mTRANSACTION (94.7ms)[0m  [1m[35mCOMMIT[0m
  [1m[36mTRANSACTION (100.7ms)[0m  [1m[35mBEGIN[0m
  [1m[36mCompany Load (199.3ms)[0m  [1m[34mSELECT "companies".* FROM "companies" WHERE "companies"."company_uid" = $1 LIMIT $2[0m  [["company_uid", "CPY_OEVK3"], ["LIMIT", 1]]
  [1m[36mBus Create (124.7ms)[0m  [1m[32mINSERT INTO "buses" ("bus_uid", "company_uid", "string", "license_plate", "brand", "manufacturing_year", "capacity", "road_tax", "insurance", "technical_exam", "created_at", "updated_at") VALUES ($1, $2, $3, $4, $5, $6, $7, $8, $9, $10, $11, $12) RETURNING "bus_uid"[0m  [["bus_uid", "BUS_5MTGP"], ["company_uid", "CPY_OEVK3"], ["string", nil], ["license_plate", "HR12VTT"], ["brand", "Otokar Sultan"], ["manufacturing_year", 2011], ["capacity", 24], ["road_tax", "2024-06-29 00:00:00"], ["insurance", "2024-01-25 00:00:00"], ["technical_exam", "2024-06-11 00:00:00"], ["created_at", "2023-10-22 18:44:51.426085"], ["updated_at", "2023-10-22 18:44:51.426085"]]
  [1m[36mTRANSACTION (116.6ms)[0m  [1m[35mCOMMIT[0m
  [1m[36mTRANSACTION (95.0ms)[0m  [1m[35mBEGIN[0m
  [1m[36mCompany Load (113.1ms)[0m  [1m[34mSELECT "companies".* FROM "companies" WHERE "companies"."company_uid" = $1 LIMIT $2[0m  [["company_uid", "CPY_OEVK3"], ["LIMIT", 1]]
  [1m[36mBus Create (138.9ms)[0m  [1m[32mINSERT INTO "buses" ("bus_uid", "company_uid", "string", "license_plate", "brand", "manufacturing_year", "capacity", "road_tax", "insurance", "technical_exam", "created_at", "updated_at") VALUES ($1, $2, $3, $4, $5, $6, $7, $8, $9, $10, $11, $12) RETURNING "bus_uid"[0m  [["bus_uid", "BUS_D6VAE"], ["company_uid", "CPY_OEVK3"], ["string", nil], ["license_plate", "HR23VTT"], ["brand", "Mercedes Sprinter"], ["manufacturing_year", 2011], ["capacity", 24], ["road_tax", "2024-06-11 00:00:00"], ["insurance", "2024-06-21 00:00:00"], ["technical_exam", "2023-10-11 00:00:00"], ["created_at", "2023-10-22 18:44:51.894075"], ["updated_at", "2023-10-22 18:44:51.894075"]]
  [1m[36mTRANSACTION (98.0ms)[0m  [1m[35mCOMMIT[0m
  [1m[36mTRANSACTION (89.4ms)[0m  [1m[35mBEGIN[0m
  [1m[36mCompany Load (209.4ms)[0m  [1m[34mSELECT "companies".* FROM "companies" WHERE "companies"."company_uid" = $1 LIMIT $2[0m  [["company_uid", "CPY_OEVK3"], ["LIMIT", 1]]
  [1m[36mBus Create (198.2ms)[0m  [1m[32mINSERT INTO "buses" ("bus_uid", "company_uid", "string", "license_plate", "brand", "manufacturing_year", "capacity", "road_tax", "insurance", "technical_exam", "created_at", "updated_at") VALUES ($1, $2, $3, $4, $5, $6, $7, $8, $9, $10, $11, $12) RETURNING "bus_uid"[0m  [["bus_uid", "BUS_4R4B8"], ["company_uid", "CPY_OEVK3"], ["string", nil], ["license_plate", "HR01VTT"], ["brand", "Mercedes Sprinter"], ["manufacturing_year", 2020], ["capacity", 28], ["road_tax", "2024-04-21 00:00:00"], ["insurance", "2024-01-22 00:00:00"], ["technical_exam", "2024-01-23 00:00:00"], ["created_at", "2023-10-22 18:44:52.449372"], ["updated_at", "2023-10-22 18:44:52.449372"]]
  [1m[36mTRANSACTION (115.9ms)[0m  [1m[35mCOMMIT[0m
  [1m[36mCompany Load (101.5ms)[0m  [1m[34mSELECT "companies".* FROM "companies" WHERE "companies"."name" = $1 LIMIT $2[0m  [["name", "PANORAMA TURIST SRL"], ["LIMIT", 1]]
  [1m[36mTRANSACTION (92.9ms)[0m  [1m[35mBEGIN[0m
  [1m[36mCompany Load (185.8ms)[0m  [1m[34mSELECT "companies".* FROM "companies" WHERE "companies"."company_uid" = $1 LIMIT $2[0m  [["company_uid", "CPY_2BJ0D"], ["LIMIT", 1]]
  [1m[36mBus Create (204.0ms)[0m  [1m[32mINSERT INTO "buses" ("bus_uid", "company_uid", "string", "license_plate", "brand", "manufacturing_year", "capacity", "road_tax", "insurance", "technical_exam", "created_at", "updated_at") VALUES ($1, $2, $3, $4, $5, $6, $7, $8, $9, $10, $11, $12) RETURNING "bus_uid"[0m  [["bus_uid", "BUS_GDN2Z"], ["company_uid", "CPY_2BJ0D"], ["string", nil], ["license_plate", "HR34ERT"], ["brand", "Mercedes Sprinter"], ["manufacturing_year", 2010], ["capacity", 50], ["road_tax", "2024-01-15 00:00:00"], ["insurance", "2024-01-25 00:00:00"], ["technical_exam", "2024-01-05 00:00:00"], ["created_at", "2023-10-22 18:44:53.165992"], ["updated_at", "2023-10-22 18:44:53.165992"]]
  [1m[36mTRANSACTION (183.7ms)[0m  [1m[35mCOMMIT[0m
  [1m[36mTRANSACTION (100.6ms)[0m  [1m[35mBEGIN[0m
  [1m[36mCompany Load (97.8ms)[0m  [1m[34mSELECT "companies".* FROM "companies" WHERE "companies"."company_uid" = $1 LIMIT $2[0m  [["company_uid", "CPY_2BJ0D"], ["LIMIT", 1]]
  [1m[36mBus Create (104.0ms)[0m  [1m[32mINSERT INTO "buses" ("bus_uid", "company_uid", "string", "license_plate", "brand", "manufacturing_year", "capacity", "road_tax", "insurance", "technical_exam", "created_at", "updated_at") VALUES ($1, $2, $3, $4, $5, $6, $7, $8, $9, $10, $11, $12) RETURNING "bus_uid"[0m  [["bus_uid", "BUS_GDSYV"], ["company_uid", "CPY_2BJ0D"], ["string", nil], ["license_plate", "HR75RGB"], ["brand", "Mercedes Vario"], ["manufacturing_year", 2012], ["capacity", 55], ["road_tax", "2024-02-15 00:00:00"], ["insurance", "2024-02-25 00:00:00"], ["technical_exam", "2024-02-05 00:00:00"], ["created_at", "2023-10-22 18:44:53.768854"], ["updated_at", "2023-10-22 18:44:53.768854"]]
  [1m[36mTRANSACTION (98.7ms)[0m  [1m[35mCOMMIT[0m
  [1m[36mTRANSACTION (99.2ms)[0m  [1m[35mBEGIN[0m
  [1m[36mCompany Load (201.7ms)[0m  [1m[34mSELECT "companies".* FROM "companies" WHERE "companies"."company_uid" = $1 LIMIT $2[0m  [["company_uid", "CPY_2BJ0D"], ["LIMIT", 1]]
  [1m[36mBus Create (122.7ms)[0m  [1m[32mINSERT INTO "buses" ("bus_uid", "company_uid", "string", "license_plate", "brand", "manufacturing_year", "capacity", "road_tax", "insurance", "technical_exam", "created_at", "updated_at") VALUES ($1, $2, $3, $4, $5, $6, $7, $8, $9, $10, $11, $12) RETURNING "bus_uid"[0m  [["bus_uid", "BUS_7IDJR"], ["company_uid", "CPY_2BJ0D"], ["string", nil], ["license_plate", "HR23UZI"], ["brand", "Mercedes Vario"], ["manufacturing_year", 2015], ["capacity", 60], ["road_tax", "2024-03-15 00:00:00"], ["insurance", "2024-03-25 00:00:00"], ["technical_exam", "2024-03-05 00:00:00"], ["created_at", "2023-10-22 18:44:54.292656"], ["updated_at", "2023-10-22 18:44:54.292656"]]
  [1m[36mTRANSACTION (93.8ms)[0m  [1m[35mCOMMIT[0m
  [1m[36mTRANSACTION (91.8ms)[0m  [1m[35mBEGIN[0m
  [1m[36mCompany Load (134.7ms)[0m  [1m[34mSELECT "companies".* FROM "companies" WHERE "companies"."company_uid" = $1 LIMIT $2[0m  [["company_uid", "CPY_2BJ0D"], ["LIMIT", 1]]
  [1m[36mBus Create (146.9ms)[0m  [1m[32mINSERT INTO "buses" ("bus_uid", "company_uid", "string", "license_plate", "brand", "manufacturing_year", "capacity", "road_tax", "insurance", "technical_exam", "created_at", "updated_at") VALUES ($1, $2, $3, $4, $5, $6, $7, $8, $9, $10, $11, $12) RETURNING "bus_uid"[0m  [["bus_uid", "BUS_B2077"], ["company_uid", "CPY_2BJ0D"], ["string", nil], ["license_plate", "HR98GHD"], ["brand", "Setra ComfortClass 500"], ["manufacturing_year", 2018], ["capacity", 65], ["road_tax", "2024-04-15 00:00:00"], ["insurance", "2024-04-25 00:00:00"], ["technical_exam", "2024-04-05 00:00:00"], ["created_at", "2023-10-22 18:44:54.753641"], ["updated_at", "2023-10-22 18:44:54.753641"]]
  [1m[36mTRANSACTION (200.0ms)[0m  [1m[35mCOMMIT[0m
  [1m[36mTRANSACTION (99.8ms)[0m  [1m[35mBEGIN[0m
  [1m[36mCompany Load (104.1ms)[0m  [1m[34mSELECT "companies".* FROM "companies" WHERE "companies"."company_uid" = $1 LIMIT $2[0m  [["company_uid", "CPY_2BJ0D"], ["LIMIT", 1]]
  [1m[36mBus Create (189.6ms)[0m  [1m[32mINSERT INTO "buses" ("bus_uid", "company_uid", "string", "license_plate", "brand", "manufacturing_year", "capacity", "road_tax", "insurance", "technical_exam", "created_at", "updated_at") VALUES ($1, $2, $3, $4, $5, $6, $7, $8, $9, $10, $11, $12) RETURNING "bus_uid"[0m  [["bus_uid", "BUS_21RYB"], ["company_uid", "CPY_2BJ0D"], ["string", nil], ["license_plate", "HR56LSA"], ["brand", "Volvo B12B"], ["manufacturing_year", 2014], ["capacity", 70], ["road_tax", "2024-05-15 00:00:00"], ["insurance", "2024-05-25 00:00:00"], ["technical_exam", "2024-05-05 00:00:00"], ["created_at", "2023-10-22 18:44:55.326175"], ["updated_at", "2023-10-22 18:44:55.326175"]]
  [1m[36mTRANSACTION (101.3ms)[0m  [1m[35mCOMMIT[0m
  [1m[36mTRANSACTION (97.2ms)[0m  [1m[35mBEGIN[0m
  [1m[36mCompany Load (101.0ms)[0m  [1m[34mSELECT "companies".* FROM "companies" WHERE "companies"."company_uid" = $1 LIMIT $2[0m  [["company_uid", "CPY_2BJ0D"], ["LIMIT", 1]]
  [1m[36mBus Create (106.3ms)[0m  [1m[32mINSERT INTO "buses" ("bus_uid", "company_uid", "string", "license_plate", "brand", "manufacturing_year", "capacity", "road_tax", "insurance", "technical_exam", "created_at", "updated_at") VALUES ($1, $2, $3, $4, $5, $6, $7, $8, $9, $10, $11, $12) RETURNING "bus_uid"[0m  [["bus_uid", "BUS_XF7DP"], ["company_uid", "CPY_2BJ0D"], ["string", nil], ["license_plate", "HR11PAN"], ["brand", "Mercedes Tourismo"], ["manufacturing_year", 2017], ["capacity", 75], ["road_tax", "2024-06-15 00:00:00"], ["insurance", "2024-06-25 00:00:00"], ["technical_exam", "2024-06-05 00:00:00"], ["created_at", "2023-10-22 18:44:55.835306"], ["updated_at", "2023-10-22 18:44:55.835306"]]
  [1m[36mTRANSACTION (109.8ms)[0m  [1m[35mCOMMIT[0m
  [1m[36mTRANSACTION (93.5ms)[0m  [1m[35mBEGIN[0m
  [1m[36mCompany Load (101.7ms)[0m  [1m[34mSELECT "companies".* FROM "companies" WHERE "companies"."company_uid" = $1 LIMIT $2[0m  [["company_uid", "CPY_2BJ0D"], ["LIMIT", 1]]
  [1m[36mBus Create (105.1ms)[0m  [1m[32mINSERT INTO "buses" ("bus_uid", "company_uid", "string", "license_plate", "brand", "manufacturing_year", "capacity", "road_tax", "insurance", "technical_exam", "created_at", "updated_at") VALUES ($1, $2, $3, $4, $5, $6, $7, $8, $9, $10, $11, $12) RETURNING "bus_uid"[0m  [["bus_uid", "BUS_2XP4W"], ["company_uid", "CPY_2BJ0D"], ["string", nil], ["license_plate", "HR14PAN"], ["brand", "Neoplan Starliner"], ["manufacturing_year", 2000], ["capacity", 80], ["road_tax", "2024-07-15 00:00:00"], ["insurance", "2024-07-25 00:00:00"], ["technical_exam", "2024-07-05 00:00:00"], ["created_at", "2023-10-22 18:44:56.277687"], ["updated_at", "2023-10-22 18:44:56.277687"]]
  [1m[36mTRANSACTION (257.0ms)[0m  [1m[35mCOMMIT[0m
  [1m[36mCompany Load (110.3ms)[0m  [1m[34mSELECT "companies".* FROM "companies" WHERE "companies"."name" = $1 LIMIT $2[0m  [["name", "BALINT TRANS SRL"], ["LIMIT", 1]]
  [1m[36mTRANSACTION (100.3ms)[0m  [1m[35mBEGIN[0m
  [1m[36mCompany Load (112.4ms)[0m  [1m[34mSELECT "companies".* FROM "companies" WHERE "companies"."company_uid" = $1 LIMIT $2[0m  [["company_uid", "CPY_33Q3D"], ["LIMIT", 1]]
  [1m[36mBus Create (182.6ms)[0m  [1m[32mINSERT INTO "buses" ("bus_uid", "company_uid", "string", "license_plate", "brand", "manufacturing_year", "capacity", "road_tax", "insurance", "technical_exam", "created_at", "updated_at") VALUES ($1, $2, $3, $4, $5, $6, $7, $8, $9, $10, $11, $12) RETURNING "bus_uid"[0m  [["bus_uid", "BUS_E3R64"], ["company_uid", "CPY_33Q3D"], ["string", nil], ["license_plate", "MS01CD"], ["brand", "Volvo 9700"], ["manufacturing_year", 2011], ["capacity", 50], ["road_tax", "2024-01-15 00:00:00"], ["insurance", "2024-01-25 00:00:00"], ["technical_exam", "2024-01-05 00:00:00"], ["created_at", "2023-10-22 18:44:56.991374"], ["updated_at", "2023-10-22 18:44:56.991374"]]
  [1m[36mTRANSACTION (102.6ms)[0m  [1m[35mCOMMIT[0m
  [1m[36mTRANSACTION (113.6ms)[0m  [1m[35mBEGIN[0m
  [1m[36mCompany Load (106.2ms)[0m  [1m[34mSELECT "companies".* FROM "companies" WHERE "companies"."company_uid" = $1 LIMIT $2[0m  [["company_uid", "CPY_33Q3D"], ["LIMIT", 1]]
  [1m[36mBus Create (134.7ms)[0m  [1m[32mINSERT INTO "buses" ("bus_uid", "company_uid", "string", "license_plate", "brand", "manufacturing_year", "capacity", "road_tax", "insurance", "technical_exam", "created_at", "updated_at") VALUES ($1, $2, $3, $4, $5, $6, $7, $8, $9, $10, $11, $12) RETURNING "bus_uid"[0m  [["bus_uid", "BUS_P83BB"], ["company_uid", "CPY_33Q3D"], ["string", nil], ["license_plate", "MS23OUP"], ["brand", "MAN Lion's Intercity"], ["manufacturing_year", 2013], ["capacity", 55], ["road_tax", "2024-02-15 00:00:00"], ["insurance", "2024-02-25 00:00:00"], ["technical_exam", "2024-02-05 00:00:00"], ["created_at", "2023-10-22 18:44:57.514205"], ["updated_at", "2023-10-22 18:44:57.514205"]]
  [1m[36mTRANSACTION (110.2ms)[0m  [1m[35mCOMMIT[0m
  [1m[36mTRANSACTION (97.5ms)[0m  [1m[35mBEGIN[0m
  [1m[36mCompany Load (98.7ms)[0m  [1m[34mSELECT "companies".* FROM "companies" WHERE "companies"."company_uid" = $1 LIMIT $2[0m  [["company_uid", "CPY_33Q3D"], ["LIMIT", 1]]
  [1m[36mBus Create (197.3ms)[0m  [1m[32mINSERT INTO "buses" ("bus_uid", "company_uid", "string", "license_plate", "brand", "manufacturing_year", "capacity", "road_tax", "insurance", "technical_exam", "created_at", "updated_at") VALUES ($1, $2, $3, $4, $5, $6, $7, $8, $9, $10, $11, $12) RETURNING "bus_uid"[0m  [["bus_uid", "BUS_G35OK"], ["company_uid", "CPY_33Q3D"], ["string", nil], ["license_plate", "MS65BTS"], ["brand", "Scania Touring"], ["manufacturing_year", 2006], ["capacity", 60], ["road_tax", "2024-03-15 00:00:00"], ["insurance", "2024-03-25 00:00:00"], ["technical_exam", "2024-03-05 00:00:00"], ["created_at", "2023-10-22 18:44:57.976845"], ["updated_at", "2023-10-22 18:44:57.976845"]]
  [1m[36mTRANSACTION (99.2ms)[0m  [1m[35mCOMMIT[0m
  [1m[36mTRANSACTION (119.0ms)[0m  [1m[35mBEGIN[0m
  [1m[36mCompany Load (741.1ms)[0m  [1m[34mSELECT "companies".* FROM "companies" WHERE "companies"."company_uid" = $1 LIMIT $2[0m  [["company_uid", "CPY_33Q3D"], ["LIMIT", 1]]
  [1m[36mBus Create (113.6ms)[0m  [1m[32mINSERT INTO "buses" ("bus_uid", "company_uid", "string", "license_plate", "brand", "manufacturing_year", "capacity", "road_tax", "insurance", "technical_exam", "created_at", "updated_at") VALUES ($1, $2, $3, $4, $5, $6, $7, $8, $9, $10, $11, $12) RETURNING "bus_uid"[0m  [["bus_uid", "BUS_H2ZVX"], ["company_uid", "CPY_33Q3D"], ["string", nil], ["license_plate", "MS74BTS"], ["brand", "Volvo B12B"], ["manufacturing_year", 2009], ["capacity", 65], ["road_tax", "2024-04-15 00:00:00"], ["insurance", "2024-04-25 00:00:00"], ["technical_exam", "2024-04-05 00:00:00"], ["created_at", "2023-10-22 18:44:59.153537"], ["updated_at", "2023-10-22 18:44:59.153537"]]
  [1m[36mTRANSACTION (101.8ms)[0m  [1m[35mCOMMIT[0m
  [1m[36mTRANSACTION (149.5ms)[0m  [1m[35mBEGIN[0m
  [1m[36mCompany Load (102.9ms)[0m  [1m[34mSELECT "companies".* FROM "companies" WHERE "companies"."company_uid" = $1 LIMIT $2[0m  [["company_uid", "CPY_33Q3D"], ["LIMIT", 1]]
  [1m[36mBus Create (109.7ms)[0m  [1m[32mINSERT INTO "buses" ("bus_uid", "company_uid", "string", "license_plate", "brand", "manufacturing_year", "capacity", "road_tax", "insurance", "technical_exam", "created_at", "updated_at") VALUES ($1, $2, $3, $4, $5, $6, $7, $8, $9, $10, $11, $12) RETURNING "bus_uid"[0m  [["bus_uid", "BUS_J8N0M"], ["company_uid", "CPY_33Q3D"], ["string", nil], ["license_plate", "MS99WEQ"], ["brand", "Volvo B12B"], ["manufacturing_year", 2014], ["capacity", 70], ["road_tax", "2024-05-15 00:00:00"], ["insurance", "2024-05-25 00:00:00"], ["technical_exam", "2024-05-05 00:00:00"], ["created_at", "2023-10-22 18:44:59.641367"], ["updated_at", "2023-10-22 18:44:59.641367"]]
  [1m[36mTRANSACTION (294.9ms)[0m  [1m[35mCOMMIT[0m
  [1m[36mTRANSACTION (112.6ms)[0m  [1m[35mBEGIN[0m
  [1m[36mCompany Load (111.9ms)[0m  [1m[34mSELECT "companies".* FROM "companies" WHERE "companies"."company_uid" = $1 LIMIT $2[0m  [["company_uid", "CPY_33Q3D"], ["LIMIT", 1]]
  [1m[36mBus Create (336.6ms)[0m  [1m[32mINSERT INTO "buses" ("bus_uid", "company_uid", "string", "license_plate", "brand", "manufacturing_year", "capacity", "road_tax", "insurance", "technical_exam", "created_at", "updated_at") VALUES ($1, $2, $3, $4, $5, $6, $7, $8, $9, $10, $11, $12) RETURNING "bus_uid"[0m  [["bus_uid", "BUS_O7SAZ"], ["company_uid", "CPY_33Q3D"], ["string", nil], ["license_plate", "MS34ALM"], ["brand", "Mercedes Tourismo"], ["manufacturing_year", 2000], ["capacity", 75], ["road_tax", "2024-06-15 00:00:00"], ["insurance", "2024-06-25 00:00:00"], ["technical_exam", "2024-06-05 00:00:00"], ["created_at", "2023-10-22 18:45:00.287564"], ["updated_at", "2023-10-22 18:45:00.287564"]]
  [1m[36mTRANSACTION (108.0ms)[0m  [1m[35mCOMMIT[0m
  [1m[36mTRANSACTION (305.5ms)[0m  [1m[35mBEGIN[0m
  [1m[36mCompany Load (125.2ms)[0m  [1m[34mSELECT "companies".* FROM "companies" WHERE "companies"."company_uid" = $1 LIMIT $2[0m  [["company_uid", "CPY_33Q3D"], ["LIMIT", 1]]
  [1m[36mBus Create (210.5ms)[0m  [1m[32mINSERT INTO "buses" ("bus_uid", "company_uid", "string", "license_plate", "brand", "manufacturing_year", "capacity", "road_tax", "insurance", "technical_exam", "created_at", "updated_at") VALUES ($1, $2, $3, $4, $5, $6, $7, $8, $9, $10, $11, $12) RETURNING "bus_uid"[0m  [["bus_uid", "BUS_7FYE0"], ["company_uid", "CPY_33Q3D"], ["string", nil], ["license_plate", "MS66ALMROM"], ["brand", "Mercedes Tourismo"], ["manufacturing_year", 2019], ["capacity", 80], ["road_tax", "2024-07-15 00:00:00"], ["insurance", "2024-07-25 00:00:00"], ["technical_exam", "2024-07-05 00:00:00"], ["created_at", "2023-10-22 18:45:01.181305"], ["updated_at", "2023-10-22 18:45:01.181305"]]
  [1m[36mTRANSACTION (107.2ms)[0m  [1m[35mCOMMIT[0m
  [1m[36mCompany Load (127.6ms)[0m  [1m[34mSELECT "companies".* FROM "companies" WHERE "companies"."name" = $1 LIMIT $2[0m  [["name", "TRANSPORT LOCAL SA"], ["LIMIT", 1]]
  [1m[36mTRANSACTION (331.0ms)[0m  [1m[35mBEGIN[0m
  [1m[36mCompany Load (114.3ms)[0m  [1m[34mSELECT "companies".* FROM "companies" WHERE "companies"."company_uid" = $1 LIMIT $2[0m  [["company_uid", "CPY_884M0"], ["LIMIT", 1]]
  [1m[36mBus Create (111.4ms)[0m  [1m[32mINSERT INTO "buses" ("bus_uid", "company_uid", "string", "license_plate", "brand", "manufacturing_year", "capacity", "road_tax", "insurance", "technical_exam", "created_at", "updated_at") VALUES ($1, $2, $3, $4, $5, $6, $7, $8, $9, $10, $11, $12) RETURNING "bus_uid"[0m  [["bus_uid", "BUS_YWVJM"], ["company_uid", "CPY_884M0"], ["string", nil], ["license_plate", "MS23TGM"], ["brand", "Volvo 9700"], ["manufacturing_year", 2010], ["capacity", 50], ["road_tax", "2024-01-15 00:00:00"], ["insurance", "2024-01-25 00:00:00"], ["technical_exam", "2024-01-05 00:00:00"], ["created_at", "2023-10-22 18:45:02.088317"], ["updated_at", "2023-10-22 18:45:02.088317"]]
  [1m[36mTRANSACTION (517.7ms)[0m  [1m[35mCOMMIT[0m
  [1m[36mTRANSACTION (133.7ms)[0m  [1m[35mBEGIN[0m
  [1m[36mCompany Load (100.2ms)[0m  [1m[34mSELECT "companies".* FROM "companies" WHERE "companies"."company_uid" = $1 LIMIT $2[0m  [["company_uid", "CPY_884M0"], ["LIMIT", 1]]
  [1m[36mBus Create (106.0ms)[0m  [1m[32mINSERT INTO "buses" ("bus_uid", "company_uid", "string", "license_plate", "brand", "manufacturing_year", "capacity", "road_tax", "insurance", "technical_exam", "created_at", "updated_at") VALUES ($1, $2, $3, $4, $5, $6, $7, $8, $9, $10, $11, $12) RETURNING "bus_uid"[0m  [["bus_uid", "BUS_3MJRT"], ["company_uid", "CPY_884M0"], ["string", nil], ["license_plate", "MS34TGM"], ["brand", "MAN Lion's Intercity"], ["manufacturing_year", 2012], ["capacity", 55], ["road_tax", "2024-02-15 00:00:00"], ["insurance", "2024-02-25 00:00:00"], ["technical_exam", "2024-02-05 00:00:00"], ["created_at", "2023-10-22 18:45:02.961940"], ["updated_at", "2023-10-22 18:45:02.961940"]]
  [1m[36mTRANSACTION (121.8ms)[0m  [1m[35mCOMMIT[0m
  [1m[36mTRANSACTION (153.0ms)[0m  [1m[35mBEGIN[0m
  [1m[36mCompany Load (104.3ms)[0m  [1m[34mSELECT "companies".* FROM "companies" WHERE "companies"."company_uid" = $1 LIMIT $2[0m  [["company_uid", "CPY_884M0"], ["LIMIT", 1]]
  [1m[36mBus Create (102.3ms)[0m  [1m[32mINSERT INTO "buses" ("bus_uid", "company_uid", "string", "license_plate", "brand", "manufacturing_year", "capacity", "road_tax", "insurance", "technical_exam", "created_at", "updated_at") VALUES ($1, $2, $3, $4, $5, $6, $7, $8, $9, $10, $11, $12) RETURNING "bus_uid"[0m  [["bus_uid", "BUS_D909M"], ["company_uid", "CPY_884M0"], ["string", nil], ["license_plate", "MS98TGM"], ["brand", "Mercedes Integro"], ["manufacturing_year", 2015], ["capacity", 60], ["road_tax", "2024-03-15 00:00:00"], ["insurance", "2024-03-25 00:00:00"], ["technical_exam", "2024-03-05 00:00:00"], ["created_at", "2023-10-22 18:45:03.459405"], ["updated_at", "2023-10-22 18:45:03.459405"]]
  [1m[36mTRANSACTION (141.7ms)[0m  [1m[35mCOMMIT[0m
  [1m[36mTRANSACTION (97.7ms)[0m  [1m[35mBEGIN[0m
  [1m[36mCompany Load (105.5ms)[0m  [1m[34mSELECT "companies".* FROM "companies" WHERE "companies"."company_uid" = $1 LIMIT $2[0m  [["company_uid", "CPY_884M0"], ["LIMIT", 1]]
  [1m[36mBus Create (109.8ms)[0m  [1m[32mINSERT INTO "buses" ("bus_uid", "company_uid", "string", "license_plate", "brand", "manufacturing_year", "capacity", "road_tax", "insurance", "technical_exam", "created_at", "updated_at") VALUES ($1, $2, $3, $4, $5, $6, $7, $8, $9, $10, $11, $12) RETURNING "bus_uid"[0m  [["bus_uid", "BUS_OK4CM"], ["company_uid", "CPY_884M0"], ["string", nil], ["license_plate", "MS12TGM"], ["brand", "Mercedes Integro"], ["manufacturing_year", 2011], ["capacity", 65], ["road_tax", "2024-04-15 00:00:00"], ["insurance", "2024-04-25 00:00:00"], ["technical_exam", "2024-04-05 00:00:00"], ["created_at", "2023-10-22 18:45:03.929089"], ["updated_at", "2023-10-22 18:45:03.929089"]]
  [1m[36mTRANSACTION (113.9ms)[0m  [1m[35mCOMMIT[0m
  [1m[36mTRANSACTION (101.4ms)[0m  [1m[35mBEGIN[0m
  [1m[36mCompany Load (105.9ms)[0m  [1m[34mSELECT "companies".* FROM "companies" WHERE "companies"."company_uid" = $1 LIMIT $2[0m  [["company_uid", "CPY_884M0"], ["LIMIT", 1]]
  [1m[36mBus Create (123.6ms)[0m  [1m[32mINSERT INTO "buses" ("bus_uid", "company_uid", "string", "license_plate", "brand", "manufacturing_year", "capacity", "road_tax", "insurance", "technical_exam", "created_at", "updated_at") VALUES ($1, $2, $3, $4, $5, $6, $7, $8, $9, $10, $11, $12) RETURNING "bus_uid"[0m  [["bus_uid", "BUS_C59SY"], ["company_uid", "CPY_884M0"], ["string", nil], ["license_plate", "MS23MUI"], ["brand", "Volvo B12B"], ["manufacturing_year", 2011], ["capacity", 70], ["road_tax", "2024-05-15 00:00:00"], ["insurance", "2024-05-25 00:00:00"], ["technical_exam", "2024-05-05 00:00:00"], ["created_at", "2023-10-22 18:45:04.380469"], ["updated_at", "2023-10-22 18:45:04.380469"]]
  [1m[36mTRANSACTION (96.9ms)[0m  [1m[35mCOMMIT[0m
  [1m[36mTRANSACTION (121.3ms)[0m  [1m[35mBEGIN[0m
  [1m[36mCompany Load (220.3ms)[0m  [1m[34mSELECT "companies".* FROM "companies" WHERE "companies"."company_uid" = $1 LIMIT $2[0m  [["company_uid", "CPY_884M0"], ["LIMIT", 1]]
  [1m[36mBus Create (285.2ms)[0m  [1m[32mINSERT INTO "buses" ("bus_uid", "company_uid", "string", "license_plate", "brand", "manufacturing_year", "capacity", "road_tax", "insurance", "technical_exam", "created_at", "updated_at") VALUES ($1, $2, $3, $4, $5, $6, $7, $8, $9, $10, $11, $12) RETURNING "bus_uid"[0m  [["bus_uid", "BUS_XQKRB"], ["company_uid", "CPY_884M0"], ["string", nil], ["license_plate", "MS22UZI"], ["brand", "Mercedes Tourismo"], ["manufacturing_year", 2017], ["capacity", 75], ["road_tax", "2024-06-15 00:00:00"], ["insurance", "2024-06-25 00:00:00"], ["technical_exam", "2024-06-05 00:00:00"], ["created_at", "2023-10-22 18:45:04.959002"], ["updated_at", "2023-10-22 18:45:04.959002"]]
  [1m[36mTRANSACTION (114.8ms)[0m  [1m[35mCOMMIT[0m
  [1m[36mTRANSACTION (98.1ms)[0m  [1m[35mBEGIN[0m
  [1m[36mCompany Load (109.5ms)[0m  [1m[34mSELECT "companies".* FROM "companies" WHERE "companies"."company_uid" = $1 LIMIT $2[0m  [["company_uid", "CPY_884M0"], ["LIMIT", 1]]
  [1m[36mBus Create (181.6ms)[0m  [1m[32mINSERT INTO "buses" ("bus_uid", "company_uid", "string", "license_plate", "brand", "manufacturing_year", "capacity", "road_tax", "insurance", "technical_exam", "created_at", "updated_at") VALUES ($1, $2, $3, $4, $5, $6, $7, $8, $9, $10, $11, $12) RETURNING "bus_uid"[0m  [["bus_uid", "BUS_GVK6U"], ["company_uid", "CPY_884M0"], ["string", nil], ["license_plate", "MS33ALS"], ["brand", "Neoplan Starliner"], ["manufacturing_year", 2019], ["capacity", 80], ["road_tax", "2024-01-15 00:00:00"], ["insurance", "2024-07-25 00:00:00"], ["technical_exam", "2024-07-05 00:00:00"], ["created_at", "2023-10-22 18:45:05.573847"], ["updated_at", "2023-10-22 18:45:05.573847"]]
  [1m[36mTRANSACTION (103.2ms)[0m  [1m[35mCOMMIT[0m
  [1m[36mTRANSACTION (99.3ms)[0m  [1m[35mBEGIN[0m
  [1m[36mCompany Load (130.2ms)[0m  [1m[34mSELECT "companies".* FROM "companies" WHERE "companies"."company_uid" = $1 LIMIT $2[0m  [["company_uid", "CPY_OEVK3"], ["LIMIT", 1]]
  [1m[36mAdmin Create (198.6ms)[0m  [1m[32mINSERT INTO "admins" ("provider", "admin_uid", "encrypted_password", "reset_password_token", "reset_password_sent_at", "allow_password_change", "remember_created_at", "confirmation_token", "confirmed_at", "confirmation_sent_at", "unconfirmed_email", "email", "firstname", "lastname", "nickname", "role", "phone_number", "address", "company_uid", "tokens", "created_at", "updated_at") VALUES ($1, $2, $3, $4, $5, $6, $7, $8, $9, $10, $11, $12, $13, $14, $15, $16, $17, $18, $19, $20, $21, $22)[0m  [["provider", "email"], ["admin_uid", "ADM_20IB0"], ["encrypted_password", "[FILTERED]"], ["reset_password_token", "[FILTERED]"], ["reset_password_sent_at", "[FILTERED]"], ["allow_password_change", "[FILTERED]"], ["remember_created_at", nil], ["confirmation_token", "[FILTERED]"], ["confirmed_at", nil], ["confirmation_sent_at", nil], ["unconfirmed_email", nil], ["email", "office@vandortrans.ro"], ["firstname", "Elemér"], ["lastname", "Kecskeméti"], ["nickname", nil], ["role", "boss"], ["phone_number", "0728493883"], ["address", "Com. Joseni str. Principala nr. 19"], ["company_uid", "CPY_OEVK3"], ["tokens", "[FILTERED]"], ["created_at", "2023-10-22 18:45:06.580412"], ["updated_at", "2023-10-22 18:45:06.580412"]]
  [1m[36mTRANSACTION (98.2ms)[0m  [1m[35mCOMMIT[0m
  [1m[36mTRANSACTION (98.8ms)[0m  [1m[35mBEGIN[0m
  [1m[36mCompany Load (186.7ms)[0m  [1m[34mSELECT "companies".* FROM "companies" WHERE "companies"."company_uid" = $1 LIMIT $2[0m  [["company_uid", "CPY_OEVK3"], ["LIMIT", 1]]
  [1m[36mAdmin Create (198.7ms)[0m  [1m[32mINSERT INTO "admins" ("provider", "admin_uid", "encrypted_password", "reset_password_token", "reset_password_sent_at", "allow_password_change", "remember_created_at", "confirmation_token", "confirmed_at", "confirmation_sent_at", "unconfirmed_email", "email", "firstname", "lastname", "nickname", "role", "phone_number", "address", "company_uid", "tokens", "created_at", "updated_at") VALUES ($1, $2, $3, $4, $5, $6, $7, $8, $9, $10, $11, $12, $13, $14, $15, $16, $17, $18, $19, $20, $21, $22)[0m  [["provider", "email"], ["admin_uid", "ADM_YV7CU"], ["encrypted_password", "[FILTERED]"], ["reset_password_token", "[FILTERED]"], ["reset_password_sent_at", "[FILTERED]"], ["allow_password_change", "[FILTERED]"], ["remember_created_at", nil], ["confirmation_token", "[FILTERED]"], ["confirmed_at", nil], ["confirmation_sent_at", nil], ["unconfirmed_email", nil], ["email", "hompoth.krisztian@gmail.com"], ["firstname", "Krisztián"], ["lastname", "Orsós"], ["nickname", nil], ["role", "manager"], ["phone_number", "0761837888"], ["address", "Com. Joseni str. Faluköze nr. 1"], ["company_uid", "CPY_OEVK3"], ["tokens", "[FILTERED]"], ["created_at", "2023-10-22 18:45:07.399303"], ["updated_at", "2023-10-22 18:45:07.399303"]]
  [1m[36mTRANSACTION (99.8ms)[0m  [1m[35mCOMMIT[0m
  [1m[36mTRANSACTION (97.0ms)[0m  [1m[35mBEGIN[0m
  [1m[36mCompany Load (169.4ms)[0m  [1m[34mSELECT "companies".* FROM "companies" WHERE "companies"."company_uid" = $1 LIMIT $2[0m  [["company_uid", "CPY_OEVK3"], ["LIMIT", 1]]
  [1m[36mAdmin Create (117.3ms)[0m  [1m[32mINSERT INTO "admins" ("provider", "admin_uid", "encrypted_password", "reset_password_token", "reset_password_sent_at", "allow_password_change", "remember_created_at", "confirmation_token", "confirmed_at", "confirmation_sent_at", "unconfirmed_email", "email", "firstname", "lastname", "nickname", "role", "phone_number", "address", "company_uid", "tokens", "created_at", "updated_at") VALUES ($1, $2, $3, $4, $5, $6, $7, $8, $9, $10, $11, $12, $13, $14, $15, $16, $17, $18, $19, $20, $21, $22)[0m  [["provider", "email"], ["admin_uid", "ADM_0IO19"], ["encrypted_password", "[FILTERED]"], ["reset_password_token", "[FILTERED]"], ["reset_password_sent_at", "[FILTERED]"], ["allow_password_change", "[FILTERED]"], ["remember_created_at", nil], ["confirmation_token", "[FILTERED]"], ["confirmed_at", nil], ["confirmation_sent_at", nil], ["unconfirmed_email", nil], ["email", "csatabela@gmail.com"], ["firstname", "Béla"], ["lastname", "Csata"], ["nickname", nil], ["role", "driver"], ["phone_number", "0752358475"], ["address", "Mun. Gheorgheni str. Ghindei nr. 1"], ["company_uid", "CPY_OEVK3"], ["tokens", "[FILTERED]"], ["created_at", "2023-10-22 18:45:08.218352"], ["updated_at", "2023-10-22 18:45:08.218352"]]
  [1m[36mTRANSACTION (92.1ms)[0m  [1m[35mCOMMIT[0m
  [1m[36mTRANSACTION (154.9ms)[0m  [1m[35mBEGIN[0m
  [1m[36mCompany Load (102.0ms)[0m  [1m[34mSELECT "companies".* FROM "companies" WHERE "companies"."company_uid" = $1 LIMIT $2[0m  [["company_uid", "CPY_OEVK3"], ["LIMIT", 1]]
  [1m[36mAdmin Create (124.9ms)[0m  [1m[32mINSERT INTO "admins" ("provider", "admin_uid", "encrypted_password", "reset_password_token", "reset_password_sent_at", "allow_password_change", "remember_created_at", "confirmation_token", "confirmed_at", "confirmation_sent_at", "unconfirmed_email", "email", "firstname", "lastname", "nickname", "role", "phone_number", "address", "company_uid", "tokens", "created_at", "updated_at") VALUES ($1, $2, $3, $4, $5, $6, $7, $8, $9, $10, $11, $12, $13, $14, $15, $16, $17, $18, $19, $20, $21, $22)[0m  [["provider", "email"], ["admin_uid", "ADM_AAB94"], ["encrypted_password", "[FILTERED]"], ["reset_password_token", "[FILTERED]"], ["reset_password_sent_at", "[FILTERED]"], ["allow_password_change", "[FILTERED]"], ["remember_created_at", nil], ["confirmation_token", "[FILTERED]"], ["confirmed_at", nil], ["confirmation_sent_at", nil], ["unconfirmed_email", nil], ["email", "magdi92@gmail.com"], ["firstname", "Magdolna"], ["lastname", "Kovács"], ["nickname", nil], ["role", "driver"], ["phone_number", "0739489586"], ["address", "Mun. Gheorgheni str. Stadionului nr. 4"], ["company_uid", "CPY_OEVK3"], ["tokens", "[FILTERED]"], ["created_at", "2023-10-22 18:45:08.957259"], ["updated_at", "2023-10-22 18:45:08.957259"]]
  [1m[36mTRANSACTION (101.8ms)[0m  [1m[35mCOMMIT[0m
  [1m[36mTRANSACTION (217.7ms)[0m  [1m[35mBEGIN[0m
  [1m[36mCompany Load (98.1ms)[0m  [1m[34mSELECT "companies".* FROM "companies" WHERE "companies"."company_uid" = $1 LIMIT $2[0m  [["company_uid", "CPY_OEVK3"], ["LIMIT", 1]]
  [1m[36mAdmin Create (165.7ms)[0m  [1m[32mINSERT INTO "admins" ("provider", "admin_uid", "encrypted_password", "reset_password_token", "reset_password_sent_at", "allow_password_change", "remember_created_at", "confirmation_token", "confirmed_at", "confirmation_sent_at", "unconfirmed_email", "email", "firstname", "lastname", "nickname", "role", "phone_number", "address", "company_uid", "tokens", "created_at", "updated_at") VALUES ($1, $2, $3, $4, $5, $6, $7, $8, $9, $10, $11, $12, $13, $14, $15, $16, $17, $18, $19, $20, $21, $22)[0m  [["provider", "email"], ["admin_uid", "ADM_ZLPJD"], ["encrypted_password", "[FILTERED]"], ["reset_password_token", "[FILTERED]"], ["reset_password_sent_at", "[FILTERED]"], ["allow_password_change", "[FILTERED]"], ["remember_created_at", nil], ["confirmation_token", "[FILTERED]"], ["confirmed_at", nil], ["confirmation_sent_at", nil], ["unconfirmed_email", nil], ["email", "orsospista11@gmail.com"], ["firstname", "István"], ["lastname", "Orsós"], ["nickname", nil], ["role", "driver"], ["phone_number", "0755928111"], ["address", "Com. Ciumani str. Inczelaka nr. 1398"], ["company_uid", "CPY_OEVK3"], ["tokens", "[FILTERED]"], ["created_at", "2023-10-22 18:45:09.755109"], ["updated_at", "2023-10-22 18:45:09.755109"]]
  [1m[36mTRANSACTION (105.5ms)[0m  [1m[35mCOMMIT[0m
  [1m[36mTRANSACTION (105.4ms)[0m  [1m[35mBEGIN[0m
  [1m[36mCompany Load (108.3ms)[0m  [1m[34mSELECT "companies".* FROM "companies" WHERE "companies"."company_uid" = $1 LIMIT $2[0m  [["company_uid", "CPY_OEVK3"], ["LIMIT", 1]]
  [1m[36mAdmin Create (102.1ms)[0m  [1m[32mINSERT INTO "admins" ("provider", "admin_uid", "encrypted_password", "reset_password_token", "reset_password_sent_at", "allow_password_change", "remember_created_at", "confirmation_token", "confirmed_at", "confirmation_sent_at", "unconfirmed_email", "email", "firstname", "lastname", "nickname", "role", "phone_number", "address", "company_uid", "tokens", "created_at", "updated_at") VALUES ($1, $2, $3, $4, $5, $6, $7, $8, $9, $10, $11, $12, $13, $14, $15, $16, $17, $18, $19, $20, $21, $22)[0m  [["provider", "email"], ["admin_uid", "ADM_IK5MN"], ["encrypted_password", "[FILTERED]"], ["reset_password_token", "[FILTERED]"], ["reset_password_sent_at", "[FILTERED]"], ["allow_password_change", "[FILTERED]"], ["remember_created_at", nil], ["confirmation_token", "[FILTERED]"], ["confirmed_at", nil], ["confirmation_sent_at", nil], ["unconfirmed_email", nil], ["email", "ninjanarch@yahoo.com"], ["firstname", "Iván"], ["lastname", "Elekes"], ["nickname", nil], ["role", "driver"], ["phone_number", "0724889734"], ["address", "Com. Ciumani str. Principala nr. 12"], ["company_uid", "CPY_OEVK3"], ["tokens", "[FILTERED]"], ["created_at", "2023-10-22 18:45:10.584211"], ["updated_at", "2023-10-22 18:45:10.584211"]]
  [1m[36mTRANSACTION (97.9ms)[0m  [1m[35mCOMMIT[0m
  [1m[36mTRANSACTION (147.3ms)[0m  [1m[35mBEGIN[0m
  [1m[36mCompany Load (101.2ms)[0m  [1m[34mSELECT "companies".* FROM "companies" WHERE "companies"."company_uid" = $1 LIMIT $2[0m  [["company_uid", "CPY_OEVK3"], ["LIMIT", 1]]
  [1m[36mAdmin Create (195.0ms)[0m  [1m[32mINSERT INTO "admins" ("provider", "admin_uid", "encrypted_password", "reset_password_token", "reset_password_sent_at", "allow_password_change", "remember_created_at", "confirmation_token", "confirmed_at", "confirmation_sent_at", "unconfirmed_email", "email", "firstname", "lastname", "nickname", "role", "phone_number", "address", "company_uid", "tokens", "created_at", "updated_at") VALUES ($1, $2, $3, $4, $5, $6, $7, $8, $9, $10, $11, $12, $13, $14, $15, $16, $17, $18, $19, $20, $21, $22)[0m  [["provider", "email"], ["admin_uid", "ADM_N33VT"], ["encrypted_password", "[FILTERED]"], ["reset_password_token", "[FILTERED]"], ["reset_password_sent_at", "[FILTERED]"], ["allow_password_change", "[FILTERED]"], ["remember_created_at", nil], ["confirmation_token", "[FILTERED]"], ["confirmed_at", nil], ["confirmation_sent_at", nil], ["unconfirmed_email", nil], ["email", "karoly_elekes@gmail.com"], ["firstname", "Károly"], ["lastname", "Elekes"], ["nickname", nil], ["role", "driver"], ["phone_number", "0745399324"], ["address", "Com. Suseni str. Kéthíd nr. 198"], ["company_uid", "CPY_OEVK3"], ["tokens", "[FILTERED]"], ["created_at", "2023-10-22 18:45:11.293910"], ["updated_at", "2023-10-22 18:45:11.293910"]]
  [1m[36mTRANSACTION (200.5ms)[0m  [1m[35mCOMMIT[0m
  [1m[36mActiveRecord::SchemaMigration Pluck (202.1ms)[0m  [1m[34mSELECT "schema_migrations"."version" FROM "schema_migrations" ORDER BY "schema_migrations"."version" ASC[0m
  [1m[36mActiveRecord::SchemaMigration Pluck (198.7ms)[0m  [1m[34mSELECT "schema_migrations"."version" FROM "schema_migrations" ORDER BY "schema_migrations"."version" ASC[0m
  [1m[36mActiveRecord::SchemaMigration Pluck (203.6ms)[0m  [1m[34mSELECT "schema_migrations"."version" FROM "schema_migrations" ORDER BY "schema_migrations"."version" ASC[0m
  [1m[35m (107.8ms)[0m  [1m[34mSELECT pg_try_advisory_lock(328290156475937670)[0m
  [1m[36mActiveRecord::SchemaMigration Pluck (103.5ms)[0m  [1m[34mSELECT "schema_migrations"."version" FROM "schema_migrations" ORDER BY "schema_migrations"."version" ASC[0m
Migrating to CreatePrices (20231022155344)
  [1m[36mTRANSACTION (101.7ms)[0m  [1m[35mBEGIN[0m
  [1m[35m (98.6ms)[0m  [1m[35mDROP TABLE "prices"[0m
  [1m[36mActiveRecord::SchemaMigration Delete All (161.3ms)[0m  [1m[31mDELETE FROM "schema_migrations" WHERE "schema_migrations"."version" = $1[0m  [["version", "20231022155344"]]
  [1m[36mTRANSACTION (99.0ms)[0m  [1m[35mCOMMIT[0m
Migrating to CreateBoughtTickets (20231022155234)
  [1m[36mTRANSACTION (99.8ms)[0m  [1m[35mBEGIN[0m
  [1m[35m (99.7ms)[0m  [1m[35mDROP TABLE "bought_tickets"[0m
  [1m[36mActiveRecord::SchemaMigration Delete All (104.2ms)[0m  [1m[31mDELETE FROM "schema_migrations" WHERE "schema_migrations"."version" = $1[0m  [["version", "20231022155234"]]
  [1m[36mTRANSACTION (95.6ms)[0m  [1m[35mCOMMIT[0m
Migrating to CreateTickets (20231022155206)
  [1m[36mTRANSACTION (89.6ms)[0m  [1m[35mBEGIN[0m
  [1m[35m (91.3ms)[0m  [1m[35mDROP TABLE "tickets"[0m
  [1m[36mActiveRecord::SchemaMigration Delete All (101.0ms)[0m  [1m[31mDELETE FROM "schema_migrations" WHERE "schema_migrations"."version" = $1[0m  [["version", "20231022155206"]]
  [1m[36mTRANSACTION (94.8ms)[0m  [1m[35mCOMMIT[0m
Migrating to CreateRouteStations (20231022155131)
  [1m[36mTRANSACTION (93.2ms)[0m  [1m[35mBEGIN[0m
  [1m[35m (99.6ms)[0m  [1m[35mDROP TABLE "route_stations"[0m
  [1m[36mActiveRecord::SchemaMigration Delete All (198.5ms)[0m  [1m[31mDELETE FROM "schema_migrations" WHERE "schema_migrations"."version" = $1[0m  [["version", "20231022155131"]]
  [1m[36mTRANSACTION (98.3ms)[0m  [1m[35mCOMMIT[0m
Migrating to CreateRoutes (20231022155105)
  [1m[36mTRANSACTION (91.4ms)[0m  [1m[35mBEGIN[0m
  [1m[35m (100.3ms)[0m  [1m[35mDROP TABLE "routes"[0m
  [1m[36mActiveRecord::SchemaMigration Delete All (208.8ms)[0m  [1m[31mDELETE FROM "schema_migrations" WHERE "schema_migrations"."version" = $1[0m  [["version", "20231022155105"]]
  [1m[36mTRANSACTION (200.9ms)[0m  [1m[35mCOMMIT[0m
Migrating to CreateStations (20231022155044)
  [1m[36mTRANSACTION (95.8ms)[0m  [1m[35mBEGIN[0m
  [1m[35m (101.4ms)[0m  [1m[35mDROP TABLE "stations"[0m
  [1m[36mActiveRecord::SchemaMigration Delete All (201.9ms)[0m  [1m[31mDELETE FROM "schema_migrations" WHERE "schema_migrations"."version" = $1[0m  [["version", "20231022155044"]]
  [1m[36mTRANSACTION (101.9ms)[0m  [1m[35mCOMMIT[0m
  [1m[35m (101.0ms)[0m  [1m[34mSELECT pg_advisory_unlock(328290156475937670)[0m
  [1m[36mActiveRecord::SchemaMigration Pluck (106.6ms)[0m  [1m[34mSELECT "schema_migrations"."version" FROM "schema_migrations" ORDER BY "schema_migrations"."version" ASC[0m
  [1m[35m (97.5ms)[0m  [1m[34mSELECT pg_try_advisory_lock(328290156475937670)[0m
  [1m[36mActiveRecord::SchemaMigration Pluck (193.1ms)[0m  [1m[34mSELECT "schema_migrations"."version" FROM "schema_migrations" ORDER BY "schema_migrations"."version" ASC[0m
Migrating to CreateStations (20231022155044)
  [1m[36mTRANSACTION (99.7ms)[0m  [1m[35mBEGIN[0m
  [1m[35m (198.3ms)[0m  [1m[35mCREATE TABLE "stations" ("station_uid" character varying NOT NULL PRIMARY KEY, "name" character varying, "longitude" decimal, "latitude" decimal, "city" character varying, "address" character varying, "created_at" timestamp(6) NOT NULL, "updated_at" timestamp(6) NOT NULL)[0m
  [1m[36mActiveRecord::SchemaMigration Create (100.3ms)[0m  [1m[32mINSERT INTO "schema_migrations" ("version") VALUES ($1) RETURNING "version"[0m  [["version", "20231022155044"]]
  [1m[36mTRANSACTION (280.6ms)[0m  [1m[35mCOMMIT[0m
Migrating to CreateRoutes (20231022155105)
  [1m[36mTRANSACTION (102.0ms)[0m  [1m[35mBEGIN[0m
  [1m[35m (184.1ms)[0m  [1m[35mCREATE TABLE "routes" ("route_uid" character varying, "name" character varying, "created_at" timestamp(6) NOT NULL, "updated_at" timestamp(6) NOT NULL)[0m
  [1m[36mActiveRecord::SchemaMigration Create (96.6ms)[0m  [1m[32mINSERT INTO "schema_migrations" ("version") VALUES ($1) RETURNING "version"[0m  [["version", "20231022155105"]]
  [1m[36mTRANSACTION (95.2ms)[0m  [1m[35mCOMMIT[0m
Migrating to CreateRouteStations (20231022155131)
  [1m[36mTRANSACTION (207.4ms)[0m  [1m[35mBEGIN[0m
  [1m[35m (308.0ms)[0m  [1m[35mCREATE TABLE "route_stations" ("route_station_uid" character varying NOT NULL PRIMARY KEY, "bus_uid" character varying, "station_uid" character varying, "route_uid" character varying, "departure_time" timestamp(6), "created_at" timestamp(6) NOT NULL, "updated_at" timestamp(6) NOT NULL)[0m
  [1m[36mActiveRecord::SchemaMigration Create (197.0ms)[0m  [1m[32mINSERT INTO "schema_migrations" ("version") VALUES ($1) RETURNING "version"[0m  [["version", "20231022155131"]]
  [1m[36mTRANSACTION (100.6ms)[0m  [1m[35mCOMMIT[0m
Migrating to CreateTickets (20231022155206)
  [1m[36mTRANSACTION (97.2ms)[0m  [1m[35mBEGIN[0m
  [1m[35m (204.7ms)[0m  [1m[35mCREATE TABLE "tickets" ("ticket_uid" character varying NOT NULL PRIMARY KEY, "company_uid" character varying, "type" character varying, "price_uid" character varying, "created_at" timestamp(6) NOT NULL, "updated_at" timestamp(6) NOT NULL)[0m
  [1m[36mActiveRecord::SchemaMigration Create (103.8ms)[0m  [1m[32mINSERT INTO "schema_migrations" ("version") VALUES ($1) RETURNING "version"[0m  [["version", "20231022155206"]]
  [1m[36mTRANSACTION (95.2ms)[0m  [1m[35mCOMMIT[0m
Migrating to CreateBoughtTickets (20231022155234)
  [1m[36mTRANSACTION (96.0ms)[0m  [1m[35mBEGIN[0m
  [1m[35m (204.6ms)[0m  [1m[35mCREATE TABLE "bought_tickets" ("bought_ticket_uid" character varying NOT NULL PRIMARY KEY, "ticket_uid" character varying, "user_uid" character varying, "date_of_purchase" timestamp(6), "expiration_date" timestamp(6), "is_vaild" boolean, "created_at" timestamp(6) NOT NULL, "updated_at" timestamp(6) NOT NULL)[0m
  [1m[36mActiveRecord::SchemaMigration Create (101.7ms)[0m  [1m[32mINSERT INTO "schema_migrations" ("version") VALUES ($1) RETURNING "version"[0m  [["version", "20231022155234"]]
  [1m[36mTRANSACTION (96.2ms)[0m  [1m[35mCOMMIT[0m
Migrating to CreatePrices (20231022155344)
  [1m[36mTRANSACTION (89.7ms)[0m  [1m[35mBEGIN[0m
  [1m[35m (212.1ms)[0m  [1m[35mCREATE TABLE "prices" ("price_uid" character varying NOT NULL PRIMARY KEY, "company_uid" character varying, "route_uid" character varying, "from_station_uid" character varying, "to_station_uid" character varying, "ticket_price" decimal, "created_at" timestamp(6) NOT NULL, "updated_at" timestamp(6) NOT NULL)[0m
  [1m[36mActiveRecord::SchemaMigration Create (99.9ms)[0m  [1m[32mINSERT INTO "schema_migrations" ("version") VALUES ($1) RETURNING "version"[0m  [["version", "20231022155344"]]
  [1m[36mTRANSACTION (93.5ms)[0m  [1m[35mCOMMIT[0m
  [1m[36mActiveRecord::InternalMetadata Load (101.8ms)[0m  [1m[34mSELECT "ar_internal_metadata".* FROM "ar_internal_metadata" WHERE "ar_internal_metadata"."key" = $1 LIMIT $2[0m  [["key", "environment"], ["LIMIT", 1]]
  [1m[35m (108.9ms)[0m  [1m[34mSELECT pg_advisory_unlock(328290156475937670)[0m
  [1m[36mActiveRecord::SchemaMigration Pluck (98.6ms)[0m  [1m[34mSELECT "schema_migrations"."version" FROM "schema_migrations" ORDER BY "schema_migrations"."version" ASC[0m
  [1m[35m (87.3ms)[0m  [1m[34mSELECT pg_try_advisory_lock(328290156475937670)[0m
  [1m[36mActiveRecord::SchemaMigration Pluck (99.7ms)[0m  [1m[34mSELECT "schema_migrations"."version" FROM "schema_migrations" ORDER BY "schema_migrations"."version" ASC[0m
Migrating to CreateCompanyStations (20231022191053)
  [1m[36mTRANSACTION (93.0ms)[0m  [1m[35mBEGIN[0m
  [1m[35m (210.8ms)[0m  [1m[35mCREATE TABLE "company_stations" ("company_station_uid" character varying NOT NULL PRIMARY KEY, "company_id" bigint NOT NULL, "station_id" bigint NOT NULL, "created_at" timestamp(6) NOT NULL, "updated_at" timestamp(6) NOT NULL, CONSTRAINT "fk_rails_e2ae1a9d45"
FOREIGN KEY ("company_id")
  REFERENCES "companies" ("id")
, CONSTRAINT "fk_rails_488c58960d"
FOREIGN KEY ("station_id")
  REFERENCES "stations" ("id")
)[0m
  [1m[36mTRANSACTION (92.8ms)[0m  [1m[31mROLLBACK[0m
  [1m[35m (92.8ms)[0m  [1m[34mSELECT pg_advisory_unlock(328290156475937670)[0m
  [1m[35m (92.3ms)[0m  [1m[34mSELECT pg_try_advisory_lock(328290156475937670)[0m
  [1m[36mActiveRecord::SchemaMigration Pluck (185.4ms)[0m  [1m[34mSELECT "schema_migrations"."version" FROM "schema_migrations" ORDER BY "schema_migrations"."version" ASC[0m
Migrating to CreateCompanyStations (20231022191053)
  [1m[36mTRANSACTION (86.4ms)[0m  [1m[35mBEGIN[0m
  [1m[35m (207.7ms)[0m  [1m[35mCREATE TABLE "company_stations" ("company_station_uid" character varying NOT NULL PRIMARY KEY, "created_at" timestamp(6) NOT NULL, "updated_at" timestamp(6) NOT NULL)[0m
  [1m[36mActiveRecord::SchemaMigration Create (96.6ms)[0m  [1m[32mINSERT INTO "schema_migrations" ("version") VALUES ($1) RETURNING "version"[0m  [["version", "20231022191053"]]
  [1m[36mTRANSACTION (93.0ms)[0m  [1m[35mCOMMIT[0m
  [1m[36mActiveRecord::InternalMetadata Load (92.6ms)[0m  [1m[34mSELECT "ar_internal_metadata".* FROM "ar_internal_metadata" WHERE "ar_internal_metadata"."key" = $1 LIMIT $2[0m  [["key", "environment"], ["LIMIT", 1]]
  [1m[35m (99.8ms)[0m  [1m[34mSELECT pg_advisory_unlock(328290156475937670)[0m
  [1m[36mActiveRecord::SchemaMigration Pluck (97.4ms)[0m  [1m[34mSELECT "schema_migrations"."version" FROM "schema_migrations" ORDER BY "schema_migrations"."version" ASC[0m
  [1m[36mStation Load (119.7ms)[0m  [1m[34mSELECT "stations".* FROM "stations"[0m
  [1m[36mAdmin Load (263.2ms)[0m  [1m[34mSELECT "admins".* FROM "admins"[0m
  [1m[36mActiveRecord::SchemaMigration Pluck (203.1ms)[0m  [1m[34mSELECT "schema_migrations"."version" FROM "schema_migrations" ORDER BY "schema_migrations"."version" ASC[0m
  [1m[36mActiveRecord::SchemaMigration Pluck (202.4ms)[0m  [1m[34mSELECT "schema_migrations"."version" FROM "schema_migrations" ORDER BY "schema_migrations"."version" ASC[0m
  [1m[36mActiveRecord::SchemaMigration Pluck (205.5ms)[0m  [1m[34mSELECT "schema_migrations"."version" FROM "schema_migrations" ORDER BY "schema_migrations"."version" ASC[0m
  [1m[35m (204.2ms)[0m  [1m[34mSELECT pg_try_advisory_lock(328290156475937670)[0m
  [1m[36mActiveRecord::SchemaMigration Pluck (117.4ms)[0m  [1m[34mSELECT "schema_migrations"."version" FROM "schema_migrations" ORDER BY "schema_migrations"."version" ASC[0m
Migrating to CreateCompanyStations (20231022191053)
  [1m[36mTRANSACTION (100.7ms)[0m  [1m[35mBEGIN[0m
  [1m[35m (153.3ms)[0m  [1m[35mDROP TABLE "company_stations"[0m
  [1m[36mActiveRecord::SchemaMigration Delete All (198.0ms)[0m  [1m[31mDELETE FROM "schema_migrations" WHERE "schema_migrations"."version" = $1[0m  [["version", "20231022191053"]]
  [1m[36mTRANSACTION (200.1ms)[0m  [1m[35mCOMMIT[0m
Migrating to CreatePrices (20231022155344)
  [1m[36mTRANSACTION (172.2ms)[0m  [1m[35mBEGIN[0m
  [1m[35m (202.2ms)[0m  [1m[35mDROP TABLE "prices"[0m
  [1m[36mActiveRecord::SchemaMigration Delete All (198.9ms)[0m  [1m[31mDELETE FROM "schema_migrations" WHERE "schema_migrations"."version" = $1[0m  [["version", "20231022155344"]]
  [1m[36mTRANSACTION (203.1ms)[0m  [1m[35mCOMMIT[0m
Migrating to CreateBoughtTickets (20231022155234)
  [1m[36mTRANSACTION (199.1ms)[0m  [1m[35mBEGIN[0m
  [1m[35m (202.7ms)[0m  [1m[35mDROP TABLE "bought_tickets"[0m
  [1m[36mActiveRecord::SchemaMigration Delete All (118.0ms)[0m  [1m[31mDELETE FROM "schema_migrations" WHERE "schema_migrations"."version" = $1[0m  [["version", "20231022155234"]]
  [1m[36mTRANSACTION (116.5ms)[0m  [1m[35mCOMMIT[0m
Migrating to CreateTickets (20231022155206)
  [1m[36mTRANSACTION (162.2ms)[0m  [1m[35mBEGIN[0m
  [1m[35m (201.7ms)[0m  [1m[35mDROP TABLE "tickets"[0m
  [1m[36mActiveRecord::SchemaMigration Delete All (201.0ms)[0m  [1m[31mDELETE FROM "schema_migrations" WHERE "schema_migrations"."version" = $1[0m  [["version", "20231022155206"]]
  [1m[36mTRANSACTION (203.5ms)[0m  [1m[35mCOMMIT[0m
Migrating to CreateRouteStations (20231022155131)
  [1m[36mTRANSACTION (197.4ms)[0m  [1m[35mBEGIN[0m
  [1m[35m (201.5ms)[0m  [1m[35mDROP TABLE "route_stations"[0m
  [1m[36mActiveRecord::SchemaMigration Delete All (201.1ms)[0m  [1m[31mDELETE FROM "schema_migrations" WHERE "schema_migrations"."version" = $1[0m  [["version", "20231022155131"]]
  [1m[36mTRANSACTION (201.7ms)[0m  [1m[35mCOMMIT[0m
Migrating to CreateRoutes (20231022155105)
  [1m[36mTRANSACTION (200.6ms)[0m  [1m[35mBEGIN[0m
  [1m[35m (203.9ms)[0m  [1m[35mDROP TABLE "routes"[0m
  [1m[36mActiveRecord::SchemaMigration Delete All (197.8ms)[0m  [1m[31mDELETE FROM "schema_migrations" WHERE "schema_migrations"."version" = $1[0m  [["version", "20231022155105"]]
  [1m[36mTRANSACTION (111.1ms)[0m  [1m[35mCOMMIT[0m
Migrating to CreateStations (20231022155044)
  [1m[36mTRANSACTION (188.9ms)[0m  [1m[35mBEGIN[0m
  [1m[35m (202.1ms)[0m  [1m[35mDROP TABLE "stations"[0m
  [1m[36mActiveRecord::SchemaMigration Delete All (201.0ms)[0m  [1m[31mDELETE FROM "schema_migrations" WHERE "schema_migrations"."version" = $1[0m  [["version", "20231022155044"]]
  [1m[36mTRANSACTION (203.1ms)[0m  [1m[35mCOMMIT[0m
Migrating to CreateBuses (20231022155022)
  [1m[36mTRANSACTION (199.4ms)[0m  [1m[35mBEGIN[0m
  [1m[35m (202.1ms)[0m  [1m[35mDROP TABLE "buses"[0m
  [1m[36mActiveRecord::SchemaMigration Delete All (199.3ms)[0m  [1m[31mDELETE FROM "schema_migrations" WHERE "schema_migrations"."version" = $1[0m  [["version", "20231022155022"]]
  [1m[36mTRANSACTION (203.2ms)[0m  [1m[35mCOMMIT[0m
Migrating to CreateCompanies (20231022154945)
  [1m[36mTRANSACTION (199.5ms)[0m  [1m[35mBEGIN[0m
  [1m[35m (201.2ms)[0m  [1m[35mDROP TABLE "companies"[0m
  [1m[36mActiveRecord::SchemaMigration Delete All (202.5ms)[0m  [1m[31mDELETE FROM "schema_migrations" WHERE "schema_migrations"."version" = $1[0m  [["version", "20231022154945"]]
  [1m[36mTRANSACTION (199.4ms)[0m  [1m[35mCOMMIT[0m
Migrating to DeviseTokenAuthCreateAdmins (20231012150243)
  [1m[36mTRANSACTION (199.9ms)[0m  [1m[35mBEGIN[0m
  [1m[35m (204.2ms)[0m  [1m[35mDROP INDEX  "index_admins_on_confirmation_token"[0m
  [1m[35m (204.7ms)[0m  [1m[35mDROP INDEX  "index_admins_on_reset_password_token"[0m
  [1m[35m (204.0ms)[0m  [1m[35mDROP INDEX  "index_admins_on_admin_uid_and_provider"[0m
  [1m[35m (204.1ms)[0m  [1m[35mDROP INDEX  "index_admins_on_email"[0m
  [1m[35m (200.8ms)[0m  [1m[35mDROP TABLE "admins"[0m
  [1m[36mActiveRecord::SchemaMigration Delete All (200.7ms)[0m  [1m[31mDELETE FROM "schema_migrations" WHERE "schema_migrations"."version" = $1[0m  [["version", "20231012150243"]]
  [1m[36mTRANSACTION (203.6ms)[0m  [1m[35mCOMMIT[0m
Migrating to DeviseTokenAuthCreateUsers (20231012145933)
  [1m[36mTRANSACTION (200.0ms)[0m  [1m[35mBEGIN[0m
  [1m[35m (204.6ms)[0m  [1m[35mDROP INDEX  "index_users_on_confirmation_token"[0m
  [1m[35m (204.4ms)[0m  [1m[35mDROP INDEX  "index_users_on_reset_password_token"[0m
  [1m[35m (212.0ms)[0m  [1m[35mDROP INDEX  "index_users_on_user_uid_and_provider"[0m
  [1m[35m (204.0ms)[0m  [1m[35mDROP INDEX  "index_users_on_email"[0m
  [1m[35m (202.4ms)[0m  [1m[35mDROP TABLE "users"[0m
  [1m[36mActiveRecord::SchemaMigration Delete All (201.1ms)[0m  [1m[31mDELETE FROM "schema_migrations" WHERE "schema_migrations"."version" = $1[0m  [["version", "20231012145933"]]
  [1m[36mTRANSACTION (202.7ms)[0m  [1m[35mCOMMIT[0m
  [1m[35m (109.7ms)[0m  [1m[34mSELECT pg_advisory_unlock(328290156475937670)[0m
  [1m[36mActiveRecord::SchemaMigration Pluck (98.9ms)[0m  [1m[34mSELECT "schema_migrations"."version" FROM "schema_migrations" ORDER BY "schema_migrations"."version" ASC[0m
  [1m[36mActiveRecord::SchemaMigration Pluck (205.5ms)[0m  [1m[34mSELECT "schema_migrations"."version" FROM "schema_migrations" ORDER BY "schema_migrations"."version" ASC[0m
  [1m[36mActiveRecord::SchemaMigration Pluck (203.6ms)[0m  [1m[34mSELECT "schema_migrations"."version" FROM "schema_migrations" ORDER BY "schema_migrations"."version" ASC[0m
  [1m[35m (205.4ms)[0m  [1m[34mSELECT pg_try_advisory_lock(328290156475937670)[0m
  [1m[36mActiveRecord::SchemaMigration Pluck (109.8ms)[0m  [1m[34mSELECT "schema_migrations"."version" FROM "schema_migrations" ORDER BY "schema_migrations"."version" ASC[0m
  [1m[35m (22.2ms)[0m  [1m[34mSELECT pg_advisory_unlock(328290156475937670)[0m
  [1m[35m (99.9ms)[0m  [1m[34mSELECT pg_try_advisory_lock(328290156475937670)[0m
  [1m[36mActiveRecord::SchemaMigration Pluck (186.6ms)[0m  [1m[34mSELECT "schema_migrations"."version" FROM "schema_migrations" ORDER BY "schema_migrations"."version" ASC[0m
Migrating to DeviseTokenAuthCreateUsers (20231012145933)
  [1m[36mTRANSACTION (196.6ms)[0m  [1m[35mBEGIN[0m
  [1m[35m (204.2ms)[0m  [1m[35mCREATE TABLE "users" ("provider" character varying DEFAULT 'email' NOT NULL, "user_uid" character varying DEFAULT '' NOT NULL, "encrypted_password" character varying DEFAULT '' NOT NULL, "reset_password_token" character varying, "reset_password_sent_at" timestamp(6), "allow_password_change" boolean DEFAULT FALSE, "remember_created_at" timestamp(6), "confirmation_token" character varying, "confirmed_at" timestamp(6), "confirmation_sent_at" timestamp(6), "unconfirmed_email" character varying, "firstname" character varying, "lastname" character varying, "email" character varying, "phone_number" character varying, "language" character varying, "tokens" json, "created_at" timestamp(6) NOT NULL, "updated_at" timestamp(6) NOT NULL)[0m
  [1m[35m (203.0ms)[0m  [1m[35mCREATE UNIQUE INDEX "index_users_on_email" ON "users" ("email")[0m
  [1m[35m (200.4ms)[0m  [1m[35mCREATE UNIQUE INDEX "index_users_on_user_uid_and_provider" ON "users" ("user_uid", "provider")[0m
  [1m[35m (206.2ms)[0m  [1m[35mCREATE UNIQUE INDEX "index_users_on_reset_password_token" ON "users" ("reset_password_token")[0m
  [1m[35m (196.5ms)[0m  [1m[35mCREATE UNIQUE INDEX "index_users_on_confirmation_token" ON "users" ("confirmation_token")[0m
  [1m[36mActiveRecord::SchemaMigration Create (189.4ms)[0m  [1m[32mINSERT INTO "schema_migrations" ("version") VALUES ($1) RETURNING "version"[0m  [["version", "20231012145933"]]
  [1m[36mTRANSACTION (171.9ms)[0m  [1m[35mCOMMIT[0m
Migrating to DeviseTokenAuthCreateAdmins (20231012150243)
  [1m[36mTRANSACTION (199.5ms)[0m  [1m[35mBEGIN[0m
  [1m[35m (206.5ms)[0m  [1m[35mCREATE TABLE "admins" ("provider" character varying DEFAULT 'email' NOT NULL, "admin_uid" character varying DEFAULT '' NOT NULL, "encrypted_password" character varying DEFAULT '' NOT NULL, "reset_password_token" character varying, "reset_password_sent_at" timestamp(6), "allow_password_change" boolean DEFAULT FALSE, "remember_created_at" timestamp(6), "confirmation_token" character varying, "confirmed_at" timestamp(6), "confirmation_sent_at" timestamp(6), "unconfirmed_email" character varying, "email" character varying, "firstname" character varying, "lastname" character varying, "nickname" character varying, "role" character varying, "phone_number" character varying, "address" character varying, "company_uid" character varying, "tokens" json, "created_at" timestamp(6) NOT NULL, "updated_at" timestamp(6) NOT NULL)[0m
  [1m[35m (202.6ms)[0m  [1m[35mCREATE UNIQUE INDEX "index_admins_on_email" ON "admins" ("email")[0m
  [1m[35m (200.6ms)[0m  [1m[35mCREATE UNIQUE INDEX "index_admins_on_admin_uid_and_provider" ON "admins" ("admin_uid", "provider")[0m
  [1m[35m (203.6ms)[0m  [1m[35mCREATE UNIQUE INDEX "index_admins_on_reset_password_token" ON "admins" ("reset_password_token")[0m
  [1m[35m (200.1ms)[0m  [1m[35mCREATE UNIQUE INDEX "index_admins_on_confirmation_token" ON "admins" ("confirmation_token")[0m
  [1m[36mActiveRecord::SchemaMigration Create (200.9ms)[0m  [1m[32mINSERT INTO "schema_migrations" ("version") VALUES ($1) RETURNING "version"[0m  [["version", "20231012150243"]]
  [1m[36mTRANSACTION (202.6ms)[0m  [1m[35mCOMMIT[0m
Migrating to CreateCompanies (20231022154945)
  [1m[36mTRANSACTION (198.9ms)[0m  [1m[35mBEGIN[0m
  [1m[35m (202.1ms)[0m  [1m[35mCREATE TABLE "companies" ("company_uid" character varying NOT NULL PRIMARY KEY, "name" character varying, "email" character varying, "phone_number" character varying, "tax_number" character varying, "city" character varying, "office_address" character varying, "created_at" timestamp(6) NOT NULL, "updated_at" timestamp(6) NOT NULL)[0m
  [1m[36mActiveRecord::SchemaMigration Create (201.1ms)[0m  [1m[32mINSERT INTO "schema_migrations" ("version") VALUES ($1) RETURNING "version"[0m  [["version", "20231022154945"]]
  [1m[36mTRANSACTION (203.5ms)[0m  [1m[35mCOMMIT[0m
Migrating to CreateBuses (20231022155022)
  [1m[36mTRANSACTION (104.2ms)[0m  [1m[35mBEGIN[0m
  [1m[35m (296.3ms)[0m  [1m[35mCREATE TABLE "buses" ("bus_uid" character varying NOT NULL PRIMARY KEY, "company_uid" character varying, "string" character varying, "license_plate" character varying, "brand" character varying, "manufacturing_year" integer, "capacity" integer, "road_tax" timestamp(6), "insurance" timestamp(6), "technical_exam" timestamp(6), "created_at" timestamp(6) NOT NULL, "updated_at" timestamp(6) NOT NULL)[0m
  [1m[36mActiveRecord::SchemaMigration Create (199.6ms)[0m  [1m[32mINSERT INTO "schema_migrations" ("version") VALUES ($1) RETURNING "version"[0m  [["version", "20231022155022"]]
  [1m[36mTRANSACTION (200.9ms)[0m  [1m[35mCOMMIT[0m
Migrating to CreateStations (20231022155044)
  [1m[36mTRANSACTION (128.0ms)[0m  [1m[35mBEGIN[0m
  [1m[35m (138.2ms)[0m  [1m[35mCREATE TABLE "stations" ("station_uid" character varying NOT NULL PRIMARY KEY, "name" character varying, "longitude" decimal, "latitude" decimal, "city" character varying, "address" character varying, "created_at" timestamp(6) NOT NULL, "updated_at" timestamp(6) NOT NULL)[0m
  [1m[36mActiveRecord::SchemaMigration Create (233.5ms)[0m  [1m[32mINSERT INTO "schema_migrations" ("version") VALUES ($1) RETURNING "version"[0m  [["version", "20231022155044"]]
  [1m[36mTRANSACTION (201.6ms)[0m  [1m[35mCOMMIT[0m
Migrating to CreateRoutes (20231022155105)
  [1m[36mTRANSACTION (199.0ms)[0m  [1m[35mBEGIN[0m
  [1m[35m (199.7ms)[0m  [1m[35mCREATE TABLE "routes" ("route_uid" character varying, "name" character varying, "created_at" timestamp(6) NOT NULL, "updated_at" timestamp(6) NOT NULL)[0m
  [1m[36mActiveRecord::SchemaMigration Create (201.2ms)[0m  [1m[32mINSERT INTO "schema_migrations" ("version") VALUES ($1) RETURNING "version"[0m  [["version", "20231022155105"]]
  [1m[36mTRANSACTION (200.5ms)[0m  [1m[35mCOMMIT[0m
Migrating to CreateRouteStations (20231022155131)
  [1m[36mTRANSACTION (198.8ms)[0m  [1m[35mBEGIN[0m
  [1m[35m (200.5ms)[0m  [1m[35mCREATE TABLE "route_stations" ("route_station_uid" character varying NOT NULL PRIMARY KEY, "station_uid" character varying, "route_uid" character varying, "departure_time" timestamp(6), "sequence" integer, "created_at" timestamp(6) NOT NULL, "updated_at" timestamp(6) NOT NULL)[0m
  [1m[36mActiveRecord::SchemaMigration Create (202.8ms)[0m  [1m[32mINSERT INTO "schema_migrations" ("version") VALUES ($1) RETURNING "version"[0m  [["version", "20231022155131"]]
  [1m[36mTRANSACTION (198.5ms)[0m  [1m[35mCOMMIT[0m
Migrating to CreateTickets (20231022155206)
  [1m[36mTRANSACTION (201.4ms)[0m  [1m[35mBEGIN[0m
  [1m[35m (131.8ms)[0m  [1m[35mCREATE TABLE "tickets" ("ticket_uid" character varying NOT NULL PRIMARY KEY, "company_uid" character varying, "type" character varying, "price_uid" character varying, "created_at" timestamp(6) NOT NULL, "updated_at" timestamp(6) NOT NULL)[0m
  [1m[36mActiveRecord::SchemaMigration Create (167.1ms)[0m  [1m[32mINSERT INTO "schema_migrations" ("version") VALUES ($1) RETURNING "version"[0m  [["version", "20231022155206"]]
  [1m[36mTRANSACTION (203.7ms)[0m  [1m[35mCOMMIT[0m
Migrating to CreateBoughtTickets (20231022155234)
  [1m[36mTRANSACTION (196.9ms)[0m  [1m[35mBEGIN[0m
  [1m[35m (200.9ms)[0m  [1m[35mCREATE TABLE "bought_tickets" ("bought_ticket_uid" character varying NOT NULL PRIMARY KEY, "ticket_uid" character varying, "user_uid" character varying, "date_of_purchase" timestamp(6), "expiration_date" timestamp(6), "is_vaild" boolean, "created_at" timestamp(6) NOT NULL, "updated_at" timestamp(6) NOT NULL)[0m
  [1m[36mActiveRecord::SchemaMigration Create (203.8ms)[0m  [1m[32mINSERT INTO "schema_migrations" ("version") VALUES ($1) RETURNING "version"[0m  [["version", "20231022155234"]]
  [1m[36mTRANSACTION (186.3ms)[0m  [1m[35mCOMMIT[0m
Migrating to CreatePrices (20231022155344)
  [1m[36mTRANSACTION (211.8ms)[0m  [1m[35mBEGIN[0m
  [1m[35m (201.2ms)[0m  [1m[35mCREATE TABLE "prices" ("price_uid" character varying NOT NULL PRIMARY KEY, "company_uid" character varying, "route_uid" character varying, "from_station_uid" character varying, "to_station_uid" character varying, "ticket_price" decimal, "created_at" timestamp(6) NOT NULL, "updated_at" timestamp(6) NOT NULL)[0m
  [1m[36mActiveRecord::SchemaMigration Create (200.8ms)[0m  [1m[32mINSERT INTO "schema_migrations" ("version") VALUES ($1) RETURNING "version"[0m  [["version", "20231022155344"]]
  [1m[36mTRANSACTION (202.1ms)[0m  [1m[35mCOMMIT[0m
Migrating to CreateCompanyStations (20231022191053)
  [1m[36mTRANSACTION (164.0ms)[0m  [1m[35mBEGIN[0m
  [1m[35m (232.5ms)[0m  [1m[35mCREATE TABLE "company_stations" ("company_station_uid" character varying NOT NULL PRIMARY KEY, "created_at" timestamp(6) NOT NULL, "updated_at" timestamp(6) NOT NULL)[0m
  [1m[36mActiveRecord::SchemaMigration Create (201.5ms)[0m  [1m[32mINSERT INTO "schema_migrations" ("version") VALUES ($1) RETURNING "version"[0m  [["version", "20231022191053"]]
  [1m[36mTRANSACTION (202.2ms)[0m  [1m[35mCOMMIT[0m
  [1m[36mActiveRecord::InternalMetadata Load (210.1ms)[0m  [1m[34mSELECT "ar_internal_metadata".* FROM "ar_internal_metadata" WHERE "ar_internal_metadata"."key" = $1 LIMIT $2[0m  [["key", "environment"], ["LIMIT", 1]]
  [1m[35m (103.2ms)[0m  [1m[34mSELECT pg_advisory_unlock(328290156475937670)[0m
  [1m[36mActiveRecord::SchemaMigration Pluck (108.4ms)[0m  [1m[34mSELECT "schema_migrations"."version" FROM "schema_migrations" ORDER BY "schema_migrations"."version" ASC[0m
  [1m[36mActiveRecord::SchemaMigration Pluck (200.6ms)[0m  [1m[34mSELECT "schema_migrations"."version" FROM "schema_migrations" ORDER BY "schema_migrations"."version" ASC[0m
  [1m[36mActiveRecord::SchemaMigration Pluck (200.4ms)[0m  [1m[34mSELECT "schema_migrations"."version" FROM "schema_migrations" ORDER BY "schema_migrations"."version" ASC[0m
  [1m[36mActiveRecord::SchemaMigration Pluck (99.0ms)[0m  [1m[34mSELECT "schema_migrations"."version" FROM "schema_migrations" ORDER BY "schema_migrations"."version" ASC[0m
  [1m[35m (204.8ms)[0m  [1m[34mSELECT pg_try_advisory_lock(328290156475937670)[0m
  [1m[36mActiveRecord::SchemaMigration Pluck (104.8ms)[0m  [1m[34mSELECT "schema_migrations"."version" FROM "schema_migrations" ORDER BY "schema_migrations"."version" ASC[0m
Migrating to CreateCompanyStations (20231022191053)
  [1m[36mTRANSACTION (96.2ms)[0m  [1m[35mBEGIN[0m
  [1m[35m (89.9ms)[0m  [1m[35mDROP TABLE "company_stations"[0m
  [1m[36mActiveRecord::SchemaMigration Delete All (187.7ms)[0m  [1m[31mDELETE FROM "schema_migrations" WHERE "schema_migrations"."version" = $1[0m  [["version", "20231022191053"]]
  [1m[36mTRANSACTION (96.8ms)[0m  [1m[35mCOMMIT[0m
Migrating to CreatePrices (20231022155344)
  [1m[36mTRANSACTION (95.3ms)[0m  [1m[35mBEGIN[0m
  [1m[35m (90.9ms)[0m  [1m[35mDROP TABLE "prices"[0m
  [1m[36mActiveRecord::SchemaMigration Delete All (188.7ms)[0m  [1m[31mDELETE FROM "schema_migrations" WHERE "schema_migrations"."version" = $1[0m  [["version", "20231022155344"]]
  [1m[36mTRANSACTION (97.7ms)[0m  [1m[35mCOMMIT[0m
Migrating to CreateBoughtTickets (20231022155234)
  [1m[36mTRANSACTION (90.4ms)[0m  [1m[35mBEGIN[0m
  [1m[35m (105.6ms)[0m  [1m[35mDROP TABLE "bought_tickets"[0m
  [1m[36mActiveRecord::SchemaMigration Delete All (203.0ms)[0m  [1m[31mDELETE FROM "schema_migrations" WHERE "schema_migrations"."version" = $1[0m  [["version", "20231022155234"]]
  [1m[36mTRANSACTION (205.9ms)[0m  [1m[35mCOMMIT[0m
Migrating to CreateTickets (20231022155206)
  [1m[36mTRANSACTION (99.8ms)[0m  [1m[35mBEGIN[0m
  [1m[35m (91.3ms)[0m  [1m[35mDROP TABLE "tickets"[0m
  [1m[36mActiveRecord::SchemaMigration Delete All (203.9ms)[0m  [1m[31mDELETE FROM "schema_migrations" WHERE "schema_migrations"."version" = $1[0m  [["version", "20231022155206"]]
  [1m[36mTRANSACTION (202.6ms)[0m  [1m[35mCOMMIT[0m
Migrating to CreateRouteStations (20231022155131)
  [1m[36mTRANSACTION (97.9ms)[0m  [1m[35mBEGIN[0m
  [1m[35m (88.4ms)[0m  [1m[35mDROP TABLE "route_stations"[0m
  [1m[36mActiveRecord::SchemaMigration Delete All (212.5ms)[0m  [1m[31mDELETE FROM "schema_migrations" WHERE "schema_migrations"."version" = $1[0m  [["version", "20231022155131"]]
  [1m[36mTRANSACTION (201.6ms)[0m  [1m[35mCOMMIT[0m
Migrating to CreateRoutes (20231022155105)
  [1m[36mTRANSACTION (95.5ms)[0m  [1m[35mBEGIN[0m
  [1m[35m (106.4ms)[0m  [1m[35mDROP TABLE "routes"[0m
  [1m[36mActiveRecord::SchemaMigration Delete All (195.1ms)[0m  [1m[31mDELETE FROM "schema_migrations" WHERE "schema_migrations"."version" = $1[0m  [["version", "20231022155105"]]
  [1m[36mTRANSACTION (101.8ms)[0m  [1m[35mCOMMIT[0m
  [1m[35m (107.5ms)[0m  [1m[34mSELECT pg_advisory_unlock(328290156475937670)[0m
  [1m[36mActiveRecord::SchemaMigration Pluck (203.5ms)[0m  [1m[34mSELECT "schema_migrations"."version" FROM "schema_migrations" ORDER BY "schema_migrations"."version" ASC[0m
  [1m[35m (96.9ms)[0m  [1m[34mSELECT pg_try_advisory_lock(328290156475937670)[0m
  [1m[36mActiveRecord::SchemaMigration Pluck (202.7ms)[0m  [1m[34mSELECT "schema_migrations"."version" FROM "schema_migrations" ORDER BY "schema_migrations"."version" ASC[0m
Migrating to CreateRoutes (20231022155105)
  [1m[36mTRANSACTION (103.1ms)[0m  [1m[35mBEGIN[0m
  [1m[35m (191.4ms)[0m  [1m[35mCREATE TABLE "routes" ("route_uid" character varying, "name" character varying, "created_at" timestamp(6) NOT NULL, "updated_at" timestamp(6) NOT NULL)[0m
  [1m[36mActiveRecord::SchemaMigration Create (189.6ms)[0m  [1m[32mINSERT INTO "schema_migrations" ("version") VALUES ($1) RETURNING "version"[0m  [["version", "20231022155105"]]
  [1m[36mTRANSACTION (200.4ms)[0m  [1m[35mCOMMIT[0m
Migrating to CreateRouteStations (20231022155131)
  [1m[36mTRANSACTION (200.1ms)[0m  [1m[35mBEGIN[0m
  [1m[35m (202.7ms)[0m  [1m[35mCREATE TABLE "route_stations" ("route_station_uid" character varying NOT NULL PRIMARY KEY, "station_uid" character varying, "route_uid" character varying, "departure_time" timestamp(6), "sequence" integer, "created_at" timestamp(6) NOT NULL, "updated_at" timestamp(6) NOT NULL)[0m
  [1m[36mActiveRecord::SchemaMigration Create (201.0ms)[0m  [1m[32mINSERT INTO "schema_migrations" ("version") VALUES ($1) RETURNING "version"[0m  [["version", "20231022155131"]]
  [1m[36mTRANSACTION (173.4ms)[0m  [1m[35mCOMMIT[0m
Migrating to CreateTickets (20231022155206)
  [1m[36mTRANSACTION (200.1ms)[0m  [1m[35mBEGIN[0m
  [1m[35m (202.6ms)[0m  [1m[35mCREATE TABLE "tickets" ("ticket_uid" character varying NOT NULL PRIMARY KEY, "company_uid" character varying, "type" character varying, "price_uid" character varying, "created_at" timestamp(6) NOT NULL, "updated_at" timestamp(6) NOT NULL)[0m
  [1m[36mActiveRecord::SchemaMigration Create (199.4ms)[0m  [1m[32mINSERT INTO "schema_migrations" ("version") VALUES ($1) RETURNING "version"[0m  [["version", "20231022155206"]]
  [1m[36mTRANSACTION (204.3ms)[0m  [1m[35mCOMMIT[0m
Migrating to CreateBoughtTickets (20231022155234)
  [1m[36mTRANSACTION (198.9ms)[0m  [1m[35mBEGIN[0m
  [1m[35m (201.6ms)[0m  [1m[35mCREATE TABLE "bought_tickets" ("bought_ticket_uid" character varying NOT NULL PRIMARY KEY, "ticket_uid" character varying, "user_uid" character varying, "date_of_purchase" timestamp(6), "expiration_date" timestamp(6), "is_vaild" boolean, "created_at" timestamp(6) NOT NULL, "updated_at" timestamp(6) NOT NULL)[0m
  [1m[36mActiveRecord::SchemaMigration Create (201.6ms)[0m  [1m[32mINSERT INTO "schema_migrations" ("version") VALUES ($1) RETURNING "version"[0m  [["version", "20231022155234"]]
  [1m[36mTRANSACTION (201.2ms)[0m  [1m[35mCOMMIT[0m
Migrating to CreatePrices (20231022155344)
  [1m[36mTRANSACTION (200.3ms)[0m  [1m[35mBEGIN[0m
  [1m[35m (202.0ms)[0m  [1m[35mCREATE TABLE "prices" ("price_uid" character varying NOT NULL PRIMARY KEY, "route_uid" character varying, "from_station_uid" character varying, "to_station_uid" character varying, "ticket_price" decimal, "created_at" timestamp(6) NOT NULL, "updated_at" timestamp(6) NOT NULL)[0m
  [1m[36mActiveRecord::SchemaMigration Create (200.5ms)[0m  [1m[32mINSERT INTO "schema_migrations" ("version") VALUES ($1) RETURNING "version"[0m  [["version", "20231022155344"]]
  [1m[36mTRANSACTION (201.9ms)[0m  [1m[35mCOMMIT[0m
Migrating to CreateCompanyStations (20231022191053)
  [1m[36mTRANSACTION (198.7ms)[0m  [1m[35mBEGIN[0m
  [1m[35m (202.7ms)[0m  [1m[35mCREATE TABLE "company_stations" ("company_station_uid" character varying NOT NULL PRIMARY KEY, "created_at" timestamp(6) NOT NULL, "updated_at" timestamp(6) NOT NULL)[0m
  [1m[36mActiveRecord::SchemaMigration Create (200.2ms)[0m  [1m[32mINSERT INTO "schema_migrations" ("version") VALUES ($1) RETURNING "version"[0m  [["version", "20231022191053"]]
  [1m[36mTRANSACTION (201.6ms)[0m  [1m[35mCOMMIT[0m
  [1m[36mActiveRecord::InternalMetadata Load (112.2ms)[0m  [1m[34mSELECT "ar_internal_metadata".* FROM "ar_internal_metadata" WHERE "ar_internal_metadata"."key" = $1 LIMIT $2[0m  [["key", "environment"], ["LIMIT", 1]]
  [1m[35m (106.7ms)[0m  [1m[34mSELECT pg_advisory_unlock(328290156475937670)[0m
  [1m[36mActiveRecord::SchemaMigration Pluck (203.7ms)[0m  [1m[34mSELECT "schema_migrations"."version" FROM "schema_migrations" ORDER BY "schema_migrations"."version" ASC[0m
  [1m[36mUser Load (115.3ms)[0m  [1m[34mSELECT "users".* FROM "users"[0m
  [1m[36mActiveRecord::SchemaMigration Pluck (119.5ms)[0m  [1m[34mSELECT "schema_migrations"."version" FROM "schema_migrations" ORDER BY "schema_migrations"."version" ASC[0m
  [1m[36mTRANSACTION (255.6ms)[0m  [1m[35mBEGIN[0m
  [1m[36mCompany Create (149.8ms)[0m  [1m[32mINSERT INTO "companies" ("company_uid", "name", "email", "phone_number", "tax_number", "city", "office_address", "created_at", "updated_at") VALUES ($1, $2, $3, $4, $5, $6, $7, $8, $9) RETURNING "company_uid"[0m  [["company_uid", "CPY_NXD83"], ["name", "VANDOR TRANS TOURS SRL"], ["email", "office@vandortrans.ro"], ["phone_number", "0762883716"], ["tax_number", "49281782"], ["city", "Gheorgheni"], ["office_address", "Str. Kossuth Lajos nr. 91"], ["created_at", "2023-10-23 07:40:08.849946"], ["updated_at", "2023-10-23 07:40:08.849946"]]
  [1m[36mTRANSACTION (107.4ms)[0m  [1m[35mCOMMIT[0m
  [1m[36mTRANSACTION (135.4ms)[0m  [1m[35mBEGIN[0m
  [1m[36mCompany Create (201.2ms)[0m  [1m[32mINSERT INTO "companies" ("company_uid", "name", "email", "phone_number", "tax_number", "city", "office_address", "created_at", "updated_at") VALUES ($1, $2, $3, $4, $5, $6, $7, $8, $9) RETURNING "company_uid"[0m  [["company_uid", "CPY_0IDCN"], ["name", "PANORAMA TURIST SRL"], ["email", "panorama@gmail.com"], ["phone_number", "0755197688"], ["tax_number", "74112365"], ["city", "Ditrau"], ["office_address", "Str. Dealul frumos 73/A"], ["created_at", "2023-10-23 07:40:09.377689"], ["updated_at", "2023-10-23 07:40:09.377689"]]
  [1m[36mTRANSACTION (119.6ms)[0m  [1m[35mCOMMIT[0m
  [1m[36mTRANSACTION (180.2ms)[0m  [1m[35mBEGIN[0m
  [1m[36mCompany Create (203.1ms)[0m  [1m[32mINSERT INTO "companies" ("company_uid", "name", "email", "phone_number", "tax_number", "city", "office_address", "created_at", "updated_at") VALUES ($1, $2, $3, $4, $5, $6, $7, $8, $9) RETURNING "company_uid"[0m  [["company_uid", "CPY_GP3GI"], ["name", "BALINT TRANS SRL"], ["email", "balinttrans@yahoo.com"], ["phone_number", "0723763998"], ["tax_number", "41549877"], ["city", "Targu Mures"], ["office_address", "Str. Bega nr. 9"], ["created_at", "2023-10-23 07:40:09.845192"], ["updated_at", "2023-10-23 07:40:09.845192"]]
  [1m[36mTRANSACTION (198.9ms)[0m  [1m[35mCOMMIT[0m
  [1m[36mTRANSACTION (201.7ms)[0m  [1m[35mBEGIN[0m
  [1m[36mCompany Create (161.9ms)[0m  [1m[32mINSERT INTO "companies" ("company_uid", "name", "email", "phone_number", "tax_number", "city", "office_address", "created_at", "updated_at") VALUES ($1, $2, $3, $4, $5, $6, $7, $8, $9) RETURNING "company_uid"[0m  [["company_uid", "CPY_EA68N"], ["name", "TRANSPORT LOCAL SA"], ["email", "office@vandortrans.ro"], ["phone_number", "0763777716"], ["tax_number", "87654782"], ["city", "Targu Mures"], ["office_address", "Str. Bega nr. 2"], ["created_at", "2023-10-23 07:40:10.440064"], ["updated_at", "2023-10-23 07:40:10.440064"]]
  [1m[36mTRANSACTION (111.9ms)[0m  [1m[35mCOMMIT[0m
  [1m[36mCompany Load (202.7ms)[0m  [1m[34mSELECT "companies".* FROM "companies" WHERE "companies"."name" = $1 LIMIT $2[0m  [["name", "VANDOR TRANS TOURS SRL"], ["LIMIT", 1]]
  [1m[36mTRANSACTION (107.5ms)[0m  [1m[35mBEGIN[0m
  [1m[36mCompany Load (113.1ms)[0m  [1m[34mSELECT "companies".* FROM "companies" WHERE "companies"."company_uid" = $1 LIMIT $2[0m  [["company_uid", "CPY_NXD83"], ["LIMIT", 1]]
  [1m[36mBus Create (127.7ms)[0m  [1m[32mINSERT INTO "buses" ("bus_uid", "company_uid", "string", "license_plate", "brand", "manufacturing_year", "capacity", "road_tax", "insurance", "technical_exam", "created_at", "updated_at") VALUES ($1, $2, $3, $4, $5, $6, $7, $8, $9, $10, $11, $12) RETURNING "bus_uid"[0m  [["bus_uid", "BUS_MHOGD"], ["company_uid", "CPY_NXD83"], ["string", nil], ["license_plate", "HR49VTT"], ["brand", "Mercedes Integro"], ["manufacturing_year", 2003], ["capacity", 73], ["road_tax", "2023-12-10 00:00:00"], ["insurance", "2023-12-22 00:00:00"], ["technical_exam", "2023-10-10 00:00:00"], ["created_at", "2023-10-23 07:40:12.147742"], ["updated_at", "2023-10-23 07:40:12.147742"]]
  [1m[36mTRANSACTION (124.7ms)[0m  [1m[35mCOMMIT[0m
  [1m[36mTRANSACTION (133.9ms)[0m  [1m[35mBEGIN[0m
  [1m[36mCompany Load (111.4ms)[0m  [1m[34mSELECT "companies".* FROM "companies" WHERE "companies"."company_uid" = $1 LIMIT $2[0m  [["company_uid", "CPY_NXD83"], ["LIMIT", 1]]
  [1m[36mBus Create (141.3ms)[0m  [1m[32mINSERT INTO "buses" ("bus_uid", "company_uid", "string", "license_plate", "brand", "manufacturing_year", "capacity", "road_tax", "insurance", "technical_exam", "created_at", "updated_at") VALUES ($1, $2, $3, $4, $5, $6, $7, $8, $9, $10, $11, $12) RETURNING "bus_uid"[0m  [["bus_uid", "BUS_YC8K1"], ["company_uid", "CPY_NXD83"], ["string", nil], ["license_plate", "HR22VTT"], ["brand", "Setra S516"], ["manufacturing_year", 2009], ["capacity", 57], ["road_tax", "2024-04-28 00:00:00"], ["insurance", "2024-12-02 00:00:00"], ["technical_exam", "2024-03-03 00:00:00"], ["created_at", "2023-10-23 07:40:12.663817"], ["updated_at", "2023-10-23 07:40:12.663817"]]
  [1m[36mTRANSACTION (186.1ms)[0m  [1m[35mCOMMIT[0m
  [1m[36mTRANSACTION (199.9ms)[0m  [1m[35mBEGIN[0m
  [1m[36mCompany Load (200.2ms)[0m  [1m[34mSELECT "companies".* FROM "companies" WHERE "companies"."company_uid" = $1 LIMIT $2[0m  [["company_uid", "CPY_NXD83"], ["LIMIT", 1]]
  [1m[36mBus Create (199.1ms)[0m  [1m[32mINSERT INTO "buses" ("bus_uid", "company_uid", "string", "license_plate", "brand", "manufacturing_year", "capacity", "road_tax", "insurance", "technical_exam", "created_at", "updated_at") VALUES ($1, $2, $3, $4, $5, $6, $7, $8, $9, $10, $11, $12) RETURNING "bus_uid"[0m  [["bus_uid", "BUS_8602Z"], ["company_uid", "CPY_NXD83"], ["string", nil], ["license_plate", "HR56VTT"], ["brand", "Mercedes Vario"], ["manufacturing_year", 2019], ["capacity", 45], ["road_tax", "2024-05-21 00:00:00"], ["insurance", "2023-10-22 00:00:00"], ["technical_exam", "2024-11-08 00:00:00"], ["created_at", "2023-10-23 07:40:13.408923"], ["updated_at", "2023-10-23 07:40:13.408923"]]
  [1m[36mTRANSACTION (201.8ms)[0m  [1m[35mCOMMIT[0m
  [1m[36mTRANSACTION (199.7ms)[0m  [1m[35mBEGIN[0m
  [1m[36mCompany Load (201.8ms)[0m  [1m[34mSELECT "companies".* FROM "companies" WHERE "companies"."company_uid" = $1 LIMIT $2[0m  [["company_uid", "CPY_NXD83"], ["LIMIT", 1]]
  [1m[36mBus Create (197.5ms)[0m  [1m[32mINSERT INTO "buses" ("bus_uid", "company_uid", "string", "license_plate", "brand", "manufacturing_year", "capacity", "road_tax", "insurance", "technical_exam", "created_at", "updated_at") VALUES ($1, $2, $3, $4, $5, $6, $7, $8, $9, $10, $11, $12) RETURNING "bus_uid"[0m  [["bus_uid", "BUS_PE9NV"], ["company_uid", "CPY_NXD83"], ["string", nil], ["license_plate", "HR67VTT"], ["brand", "Mercedes Vito"], ["manufacturing_year", 2011], ["capacity", 24], ["road_tax", "2024-06-29 00:00:00"], ["insurance", "2024-01-28 00:00:00"], ["technical_exam", "2024-06-11 00:00:00"], ["created_at", "2023-10-23 07:40:14.229296"], ["updated_at", "2023-10-23 07:40:14.229296"]]
  [1m[36mTRANSACTION (122.2ms)[0m  [1m[35mCOMMIT[0m
  [1m[36mTRANSACTION (111.9ms)[0m  [1m[35mBEGIN[0m
  [1m[36mCompany Load (119.4ms)[0m  [1m[34mSELECT "companies".* FROM "companies" WHERE "companies"."company_uid" = $1 LIMIT $2[0m  [["company_uid", "CPY_NXD83"], ["LIMIT", 1]]
  [1m[36mBus Create (158.7ms)[0m  [1m[32mINSERT INTO "buses" ("bus_uid", "company_uid", "string", "license_plate", "brand", "manufacturing_year", "capacity", "road_tax", "insurance", "technical_exam", "created_at", "updated_at") VALUES ($1, $2, $3, $4, $5, $6, $7, $8, $9, $10, $11, $12) RETURNING "bus_uid"[0m  [["bus_uid", "BUS_H83U9"], ["company_uid", "CPY_NXD83"], ["string", nil], ["license_plate", "HR12VTT"], ["brand", "Otokar Sultan"], ["manufacturing_year", 2011], ["capacity", 24], ["road_tax", "2024-06-29 00:00:00"], ["insurance", "2024-01-25 00:00:00"], ["technical_exam", "2024-06-11 00:00:00"], ["created_at", "2023-10-23 07:40:14.798665"], ["updated_at", "2023-10-23 07:40:14.798665"]]
  [1m[36mTRANSACTION (118.8ms)[0m  [1m[35mCOMMIT[0m
  [1m[36mTRANSACTION (102.3ms)[0m  [1m[35mBEGIN[0m
  [1m[36mCompany Load (116.0ms)[0m  [1m[34mSELECT "companies".* FROM "companies" WHERE "companies"."company_uid" = $1 LIMIT $2[0m  [["company_uid", "CPY_NXD83"], ["LIMIT", 1]]
  [1m[36mBus Create (114.1ms)[0m  [1m[32mINSERT INTO "buses" ("bus_uid", "company_uid", "string", "license_plate", "brand", "manufacturing_year", "capacity", "road_tax", "insurance", "technical_exam", "created_at", "updated_at") VALUES ($1, $2, $3, $4, $5, $6, $7, $8, $9, $10, $11, $12) RETURNING "bus_uid"[0m  [["bus_uid", "BUS_YV0N5"], ["company_uid", "CPY_NXD83"], ["string", nil], ["license_plate", "HR23VTT"], ["brand", "Mercedes Sprinter"], ["manufacturing_year", 2011], ["capacity", 24], ["road_tax", "2024-06-11 00:00:00"], ["insurance", "2024-06-21 00:00:00"], ["technical_exam", "2023-10-11 00:00:00"], ["created_at", "2023-10-23 07:40:15.314097"], ["updated_at", "2023-10-23 07:40:15.314097"]]
  [1m[36mTRANSACTION (121.9ms)[0m  [1m[35mCOMMIT[0m
  [1m[36mTRANSACTION (120.4ms)[0m  [1m[35mBEGIN[0m
  [1m[36mCompany Load (173.4ms)[0m  [1m[34mSELECT "companies".* FROM "companies" WHERE "companies"."company_uid" = $1 LIMIT $2[0m  [["company_uid", "CPY_NXD83"], ["LIMIT", 1]]
  [1m[36mBus Create (118.8ms)[0m  [1m[32mINSERT INTO "buses" ("bus_uid", "company_uid", "string", "license_plate", "brand", "manufacturing_year", "capacity", "road_tax", "insurance", "technical_exam", "created_at", "updated_at") VALUES ($1, $2, $3, $4, $5, $6, $7, $8, $9, $10, $11, $12) RETURNING "bus_uid"[0m  [["bus_uid", "BUS_IMYJO"], ["company_uid", "CPY_NXD83"], ["string", nil], ["license_plate", "HR01VTT"], ["brand", "Mercedes Sprinter"], ["manufacturing_year", 2020], ["capacity", 28], ["road_tax", "2024-04-21 00:00:00"], ["insurance", "2024-01-22 00:00:00"], ["technical_exam", "2024-01-23 00:00:00"], ["created_at", "2023-10-23 07:40:15.863982"], ["updated_at", "2023-10-23 07:40:15.863982"]]
  [1m[36mTRANSACTION (163.1ms)[0m  [1m[35mCOMMIT[0m
  [1m[36mCompany Load (116.2ms)[0m  [1m[34mSELECT "companies".* FROM "companies" WHERE "companies"."name" = $1 LIMIT $2[0m  [["name", "PANORAMA TURIST SRL"], ["LIMIT", 1]]
  [1m[36mTRANSACTION (201.6ms)[0m  [1m[35mBEGIN[0m
  [1m[36mCompany Load (161.9ms)[0m  [1m[34mSELECT "companies".* FROM "companies" WHERE "companies"."company_uid" = $1 LIMIT $2[0m  [["company_uid", "CPY_0IDCN"], ["LIMIT", 1]]
  [1m[36mBus Create (119.4ms)[0m  [1m[32mINSERT INTO "buses" ("bus_uid", "company_uid", "string", "license_plate", "brand", "manufacturing_year", "capacity", "road_tax", "insurance", "technical_exam", "created_at", "updated_at") VALUES ($1, $2, $3, $4, $5, $6, $7, $8, $9, $10, $11, $12) RETURNING "bus_uid"[0m  [["bus_uid", "BUS_PQZJK"], ["company_uid", "CPY_0IDCN"], ["string", nil], ["license_plate", "HR34ERT"], ["brand", "Mercedes Sprinter"], ["manufacturing_year", 2010], ["capacity", 50], ["road_tax", "2024-01-15 00:00:00"], ["insurance", "2024-01-25 00:00:00"], ["technical_exam", "2024-01-05 00:00:00"], ["created_at", "2023-10-23 07:40:16.645078"], ["updated_at", "2023-10-23 07:40:16.645078"]]
  [1m[36mTRANSACTION (100.9ms)[0m  [1m[35mCOMMIT[0m
  [1m[36mTRANSACTION (219.2ms)[0m  [1m[35mBEGIN[0m
  [1m[36mCompany Load (198.0ms)[0m  [1m[34mSELECT "companies".* FROM "companies" WHERE "companies"."company_uid" = $1 LIMIT $2[0m  [["company_uid", "CPY_0IDCN"], ["LIMIT", 1]]
  [1m[36mBus Create (198.2ms)[0m  [1m[32mINSERT INTO "buses" ("bus_uid", "company_uid", "string", "license_plate", "brand", "manufacturing_year", "capacity", "road_tax", "insurance", "technical_exam", "created_at", "updated_at") VALUES ($1, $2, $3, $4, $5, $6, $7, $8, $9, $10, $11, $12) RETURNING "bus_uid"[0m  [["bus_uid", "BUS_58MQ2"], ["company_uid", "CPY_0IDCN"], ["string", nil], ["license_plate", "HR75RGB"], ["brand", "Mercedes Vario"], ["manufacturing_year", 2012], ["capacity", 55], ["road_tax", "2024-02-15 00:00:00"], ["insurance", "2024-02-25 00:00:00"], ["technical_exam", "2024-02-05 00:00:00"], ["created_at", "2023-10-23 07:40:17.300244"], ["updated_at", "2023-10-23 07:40:17.300244"]]
  [1m[36mTRANSACTION (120.5ms)[0m  [1m[35mCOMMIT[0m
  [1m[36mTRANSACTION (101.3ms)[0m  [1m[35mBEGIN[0m
  [1m[36mCompany Load (177.3ms)[0m  [1m[34mSELECT "companies".* FROM "companies" WHERE "companies"."company_uid" = $1 LIMIT $2[0m  [["company_uid", "CPY_0IDCN"], ["LIMIT", 1]]
  [1m[36mBus Create (198.5ms)[0m  [1m[32mINSERT INTO "buses" ("bus_uid", "company_uid", "string", "license_plate", "brand", "manufacturing_year", "capacity", "road_tax", "insurance", "technical_exam", "created_at", "updated_at") VALUES ($1, $2, $3, $4, $5, $6, $7, $8, $9, $10, $11, $12) RETURNING "bus_uid"[0m  [["bus_uid", "BUS_U68KI"], ["company_uid", "CPY_0IDCN"], ["string", nil], ["license_plate", "HR23UZI"], ["brand", "Mercedes Vario"], ["manufacturing_year", 2015], ["capacity", 60], ["road_tax", "2024-03-15 00:00:00"], ["insurance", "2024-03-25 00:00:00"], ["technical_exam", "2024-03-05 00:00:00"], ["created_at", "2023-10-23 07:40:17.914335"], ["updated_at", "2023-10-23 07:40:17.914335"]]
  [1m[36mTRANSACTION (106.4ms)[0m  [1m[35mCOMMIT[0m
  [1m[36mTRANSACTION (101.2ms)[0m  [1m[35mBEGIN[0m
  [1m[36mCompany Load (115.5ms)[0m  [1m[34mSELECT "companies".* FROM "companies" WHERE "companies"."company_uid" = $1 LIMIT $2[0m  [["company_uid", "CPY_0IDCN"], ["LIMIT", 1]]
  [1m[36mBus Create (117.0ms)[0m  [1m[32mINSERT INTO "buses" ("bus_uid", "company_uid", "string", "license_plate", "brand", "manufacturing_year", "capacity", "road_tax", "insurance", "technical_exam", "created_at", "updated_at") VALUES ($1, $2, $3, $4, $5, $6, $7, $8, $9, $10, $11, $12) RETURNING "bus_uid"[0m  [["bus_uid", "BUS_JWE4L"], ["company_uid", "CPY_0IDCN"], ["string", nil], ["license_plate", "HR98GHD"], ["brand", "Setra ComfortClass 500"], ["manufacturing_year", 2018], ["capacity", 65], ["road_tax", "2024-04-15 00:00:00"], ["insurance", "2024-04-25 00:00:00"], ["technical_exam", "2024-04-05 00:00:00"], ["created_at", "2023-10-23 07:40:18.452898"], ["updated_at", "2023-10-23 07:40:18.452898"]]
  [1m[36mTRANSACTION (111.4ms)[0m  [1m[35mCOMMIT[0m
  [1m[36mTRANSACTION (109.1ms)[0m  [1m[35mBEGIN[0m
  [1m[36mCompany Load (131.2ms)[0m  [1m[34mSELECT "companies".* FROM "companies" WHERE "companies"."company_uid" = $1 LIMIT $2[0m  [["company_uid", "CPY_0IDCN"], ["LIMIT", 1]]
  [1m[36mBus Create (126.5ms)[0m  [1m[32mINSERT INTO "buses" ("bus_uid", "company_uid", "string", "license_plate", "brand", "manufacturing_year", "capacity", "road_tax", "insurance", "technical_exam", "created_at", "updated_at") VALUES ($1, $2, $3, $4, $5, $6, $7, $8, $9, $10, $11, $12) RETURNING "bus_uid"[0m  [["bus_uid", "BUS_CDW14"], ["company_uid", "CPY_0IDCN"], ["string", nil], ["license_plate", "HR56LSA"], ["brand", "Volvo B12B"], ["manufacturing_year", 2014], ["capacity", 70], ["road_tax", "2024-05-15 00:00:00"], ["insurance", "2024-05-25 00:00:00"], ["technical_exam", "2024-05-05 00:00:00"], ["created_at", "2023-10-23 07:40:18.938305"], ["updated_at", "2023-10-23 07:40:18.938305"]]
  [1m[36mTRANSACTION (186.0ms)[0m  [1m[35mCOMMIT[0m
  [1m[36mTRANSACTION (107.5ms)[0m  [1m[35mBEGIN[0m
  [1m[36mCompany Load (176.3ms)[0m  [1m[34mSELECT "companies".* FROM "companies" WHERE "companies"."company_uid" = $1 LIMIT $2[0m  [["company_uid", "CPY_0IDCN"], ["LIMIT", 1]]
  [1m[36mBus Create (115.3ms)[0m  [1m[32mINSERT INTO "buses" ("bus_uid", "company_uid", "string", "license_plate", "brand", "manufacturing_year", "capacity", "road_tax", "insurance", "technical_exam", "created_at", "updated_at") VALUES ($1, $2, $3, $4, $5, $6, $7, $8, $9, $10, $11, $12) RETURNING "bus_uid"[0m  [["bus_uid", "BUS_31JFR"], ["company_uid", "CPY_0IDCN"], ["string", nil], ["license_plate", "HR11PAN"], ["brand", "Mercedes Tourismo"], ["manufacturing_year", 2017], ["capacity", 75], ["road_tax", "2024-06-15 00:00:00"], ["insurance", "2024-06-25 00:00:00"], ["technical_exam", "2024-06-05 00:00:00"], ["created_at", "2023-10-23 07:40:19.552473"], ["updated_at", "2023-10-23 07:40:19.552473"]]
  [1m[36mTRANSACTION (166.9ms)[0m  [1m[35mCOMMIT[0m
  [1m[36mTRANSACTION (106.7ms)[0m  [1m[35mBEGIN[0m
  [1m[36mCompany Load (168.0ms)[0m  [1m[34mSELECT "companies".* FROM "companies" WHERE "companies"."company_uid" = $1 LIMIT $2[0m  [["company_uid", "CPY_0IDCN"], ["LIMIT", 1]]
  [1m[36mBus Create (111.2ms)[0m  [1m[32mINSERT INTO "buses" ("bus_uid", "company_uid", "string", "license_plate", "brand", "manufacturing_year", "capacity", "road_tax", "insurance", "technical_exam", "created_at", "updated_at") VALUES ($1, $2, $3, $4, $5, $6, $7, $8, $9, $10, $11, $12) RETURNING "bus_uid"[0m  [["bus_uid", "BUS_RKDBU"], ["company_uid", "CPY_0IDCN"], ["string", nil], ["license_plate", "HR14PAN"], ["brand", "Neoplan Starliner"], ["manufacturing_year", 2000], ["capacity", 80], ["road_tax", "2024-07-15 00:00:00"], ["insurance", "2024-07-25 00:00:00"], ["technical_exam", "2024-07-05 00:00:00"], ["created_at", "2023-10-23 07:40:20.126701"], ["updated_at", "2023-10-23 07:40:20.126701"]]
  [1m[36mTRANSACTION (109.3ms)[0m  [1m[35mCOMMIT[0m
  [1m[36mCompany Load (103.2ms)[0m  [1m[34mSELECT "companies".* FROM "companies" WHERE "companies"."name" = $1 LIMIT $2[0m  [["name", "BALINT TRANS SRL"], ["LIMIT", 1]]
  [1m[36mTRANSACTION (106.2ms)[0m  [1m[35mBEGIN[0m
  [1m[36mCompany Load (204.5ms)[0m  [1m[34mSELECT "companies".* FROM "companies" WHERE "companies"."company_uid" = $1 LIMIT $2[0m  [["company_uid", "CPY_GP3GI"], ["LIMIT", 1]]
  [1m[36mBus Create (197.3ms)[0m  [1m[32mINSERT INTO "buses" ("bus_uid", "company_uid", "string", "license_plate", "brand", "manufacturing_year", "capacity", "road_tax", "insurance", "technical_exam", "created_at", "updated_at") VALUES ($1, $2, $3, $4, $5, $6, $7, $8, $9, $10, $11, $12) RETURNING "bus_uid"[0m  [["bus_uid", "BUS_CZWH3"], ["company_uid", "CPY_GP3GI"], ["string", nil], ["license_plate", "MS01CD"], ["brand", "Volvo 9700"], ["manufacturing_year", 2011], ["capacity", 50], ["road_tax", "2024-01-15 00:00:00"], ["insurance", "2024-01-25 00:00:00"], ["technical_exam", "2024-01-05 00:00:00"], ["created_at", "2023-10-23 07:40:20.782645"], ["updated_at", "2023-10-23 07:40:20.782645"]]
  [1m[36mTRANSACTION (201.4ms)[0m  [1m[35mCOMMIT[0m
  [1m[36mTRANSACTION (109.9ms)[0m  [1m[35mBEGIN[0m
  [1m[36mCompany Load (166.0ms)[0m  [1m[34mSELECT "companies".* FROM "companies" WHERE "companies"."company_uid" = $1 LIMIT $2[0m  [["company_uid", "CPY_GP3GI"], ["LIMIT", 1]]
  [1m[36mBus Create (221.6ms)[0m  [1m[32mINSERT INTO "buses" ("bus_uid", "company_uid", "string", "license_plate", "brand", "manufacturing_year", "capacity", "road_tax", "insurance", "technical_exam", "created_at", "updated_at") VALUES ($1, $2, $3, $4, $5, $6, $7, $8, $9, $10, $11, $12) RETURNING "bus_uid"[0m  [["bus_uid", "BUS_NJYKJ"], ["company_uid", "CPY_GP3GI"], ["string", nil], ["license_plate", "MS23OUP"], ["brand", "MAN Lion's Intercity"], ["manufacturing_year", 2013], ["capacity", 55], ["road_tax", "2024-02-15 00:00:00"], ["insurance", "2024-02-25 00:00:00"], ["technical_exam", "2024-02-05 00:00:00"], ["created_at", "2023-10-23 07:40:21.475118"], ["updated_at", "2023-10-23 07:40:21.475118"]]
  [1m[36mTRANSACTION (201.3ms)[0m  [1m[35mCOMMIT[0m
  [1m[36mTRANSACTION (200.0ms)[0m  [1m[35mBEGIN[0m
  [1m[36mCompany Load (201.4ms)[0m  [1m[34mSELECT "companies".* FROM "companies" WHERE "companies"."company_uid" = $1 LIMIT $2[0m  [["company_uid", "CPY_GP3GI"], ["LIMIT", 1]]
  [1m[36mBus Create (198.5ms)[0m  [1m[32mINSERT INTO "buses" ("bus_uid", "company_uid", "string", "license_plate", "brand", "manufacturing_year", "capacity", "road_tax", "insurance", "technical_exam", "created_at", "updated_at") VALUES ($1, $2, $3, $4, $5, $6, $7, $8, $9, $10, $11, $12) RETURNING "bus_uid"[0m  [["bus_uid", "BUS_745G3"], ["company_uid", "CPY_GP3GI"], ["string", nil], ["license_plate", "MS65BTS"], ["brand", "Scania Touring"], ["manufacturing_year", 2006], ["capacity", 60], ["road_tax", "2024-03-15 00:00:00"], ["insurance", "2024-03-25 00:00:00"], ["technical_exam", "2024-03-05 00:00:00"], ["created_at", "2023-10-23 07:40:22.317400"], ["updated_at", "2023-10-23 07:40:22.317400"]]
  [1m[36mTRANSACTION (110.5ms)[0m  [1m[35mCOMMIT[0m
  [1m[36mTRANSACTION (117.4ms)[0m  [1m[35mBEGIN[0m
  [1m[36mCompany Load (111.2ms)[0m  [1m[34mSELECT "companies".* FROM "companies" WHERE "companies"."company_uid" = $1 LIMIT $2[0m  [["company_uid", "CPY_GP3GI"], ["LIMIT", 1]]
  [1m[36mBus Create (115.5ms)[0m  [1m[32mINSERT INTO "buses" ("bus_uid", "company_uid", "string", "license_plate", "brand", "manufacturing_year", "capacity", "road_tax", "insurance", "technical_exam", "created_at", "updated_at") VALUES ($1, $2, $3, $4, $5, $6, $7, $8, $9, $10, $11, $12) RETURNING "bus_uid"[0m  [["bus_uid", "BUS_5L4H1"], ["company_uid", "CPY_GP3GI"], ["string", nil], ["license_plate", "MS74BTS"], ["brand", "Volvo B12B"], ["manufacturing_year", 2009], ["capacity", 65], ["road_tax", "2024-04-15 00:00:00"], ["insurance", "2024-04-25 00:00:00"], ["technical_exam", "2024-04-05 00:00:00"], ["created_at", "2023-10-23 07:40:22.872647"], ["updated_at", "2023-10-23 07:40:22.872647"]]
  [1m[36mTRANSACTION (137.6ms)[0m  [1m[35mCOMMIT[0m
  [1m[36mTRANSACTION (200.2ms)[0m  [1m[35mBEGIN[0m
  [1m[36mCompany Load (201.5ms)[0m  [1m[34mSELECT "companies".* FROM "companies" WHERE "companies"."company_uid" = $1 LIMIT $2[0m  [["company_uid", "CPY_GP3GI"], ["LIMIT", 1]]
  [1m[36mBus Create (198.6ms)[0m  [1m[32mINSERT INTO "buses" ("bus_uid", "company_uid", "string", "license_plate", "brand", "manufacturing_year", "capacity", "road_tax", "insurance", "technical_exam", "created_at", "updated_at") VALUES ($1, $2, $3, $4, $5, $6, $7, $8, $9, $10, $11, $12) RETURNING "bus_uid"[0m  [["bus_uid", "BUS_CFFIC"], ["company_uid", "CPY_GP3GI"], ["string", nil], ["license_plate", "MS99WEQ"], ["brand", "Volvo B12B"], ["manufacturing_year", 2014], ["capacity", 70], ["road_tax", "2024-05-15 00:00:00"], ["insurance", "2024-05-25 00:00:00"], ["technical_exam", "2024-05-05 00:00:00"], ["created_at", "2023-10-23 07:40:23.546221"], ["updated_at", "2023-10-23 07:40:23.546221"]]
  [1m[36mTRANSACTION (200.9ms)[0m  [1m[35mCOMMIT[0m
  [1m[36mTRANSACTION (200.9ms)[0m  [1m[35mBEGIN[0m
  [1m[36mCompany Load (200.8ms)[0m  [1m[34mSELECT "companies".* FROM "companies" WHERE "companies"."company_uid" = $1 LIMIT $2[0m  [["company_uid", "CPY_GP3GI"], ["LIMIT", 1]]
  [1m[36mBus Create (197.8ms)[0m  [1m[32mINSERT INTO "buses" ("bus_uid", "company_uid", "string", "license_plate", "brand", "manufacturing_year", "capacity", "road_tax", "insurance", "technical_exam", "created_at", "updated_at") VALUES ($1, $2, $3, $4, $5, $6, $7, $8, $9, $10, $11, $12) RETURNING "bus_uid"[0m  [["bus_uid", "BUS_SCZHD"], ["company_uid", "CPY_GP3GI"], ["string", nil], ["license_plate", "MS34ALM"], ["brand", "Mercedes Tourismo"], ["manufacturing_year", 2000], ["capacity", 75], ["road_tax", "2024-06-15 00:00:00"], ["insurance", "2024-06-25 00:00:00"], ["technical_exam", "2024-06-05 00:00:00"], ["created_at", "2023-10-23 07:40:24.366093"], ["updated_at", "2023-10-23 07:40:24.366093"]]
  [1m[36mTRANSACTION (204.6ms)[0m  [1m[35mCOMMIT[0m
  [1m[36mTRANSACTION (200.1ms)[0m  [1m[35mBEGIN[0m
  [1m[36mCompany Load (198.4ms)[0m  [1m[34mSELECT "companies".* FROM "companies" WHERE "companies"."company_uid" = $1 LIMIT $2[0m  [["company_uid", "CPY_GP3GI"], ["LIMIT", 1]]
  [1m[36mBus Create (200.8ms)[0m  [1m[32mINSERT INTO "buses" ("bus_uid", "company_uid", "string", "license_plate", "brand", "manufacturing_year", "capacity", "road_tax", "insurance", "technical_exam", "created_at", "updated_at") VALUES ($1, $2, $3, $4, $5, $6, $7, $8, $9, $10, $11, $12) RETURNING "bus_uid"[0m  [["bus_uid", "BUS_9VBWE"], ["company_uid", "CPY_GP3GI"], ["string", nil], ["license_plate", "MS66ALMROM"], ["brand", "Mercedes Tourismo"], ["manufacturing_year", 2019], ["capacity", 80], ["road_tax", "2024-07-15 00:00:00"], ["insurance", "2024-07-25 00:00:00"], ["technical_exam", "2024-07-05 00:00:00"], ["created_at", "2023-10-23 07:40:25.184194"], ["updated_at", "2023-10-23 07:40:25.184194"]]
  [1m[36mTRANSACTION (199.2ms)[0m  [1m[35mCOMMIT[0m
  [1m[36mCompany Load (204.8ms)[0m  [1m[34mSELECT "companies".* FROM "companies" WHERE "companies"."name" = $1 LIMIT $2[0m  [["name", "TRANSPORT LOCAL SA"], ["LIMIT", 1]]
  [1m[36mTRANSACTION (197.0ms)[0m  [1m[35mBEGIN[0m
  [1m[36mCompany Load (199.7ms)[0m  [1m[34mSELECT "companies".* FROM "companies" WHERE "companies"."company_uid" = $1 LIMIT $2[0m  [["company_uid", "CPY_EA68N"], ["LIMIT", 1]]
  [1m[36mBus Create (119.7ms)[0m  [1m[32mINSERT INTO "buses" ("bus_uid", "company_uid", "string", "license_plate", "brand", "manufacturing_year", "capacity", "road_tax", "insurance", "technical_exam", "created_at", "updated_at") VALUES ($1, $2, $3, $4, $5, $6, $7, $8, $9, $10, $11, $12) RETURNING "bus_uid"[0m  [["bus_uid", "BUS_U9XRX"], ["company_uid", "CPY_EA68N"], ["string", nil], ["license_plate", "MS23TGM"], ["brand", "Volvo 9700"], ["manufacturing_year", 2010], ["capacity", 50], ["road_tax", "2024-01-15 00:00:00"], ["insurance", "2024-01-25 00:00:00"], ["technical_exam", "2024-01-05 00:00:00"], ["created_at", "2023-10-23 07:40:26.206378"], ["updated_at", "2023-10-23 07:40:26.206378"]]
  [1m[36mTRANSACTION (180.0ms)[0m  [1m[35mCOMMIT[0m
  [1m[36mTRANSACTION (199.3ms)[0m  [1m[35mBEGIN[0m
  [1m[36mCompany Load (201.7ms)[0m  [1m[34mSELECT "companies".* FROM "companies" WHERE "companies"."company_uid" = $1 LIMIT $2[0m  [["company_uid", "CPY_EA68N"], ["LIMIT", 1]]
  [1m[36mBus Create (198.3ms)[0m  [1m[32mINSERT INTO "buses" ("bus_uid", "company_uid", "string", "license_plate", "brand", "manufacturing_year", "capacity", "road_tax", "insurance", "technical_exam", "created_at", "updated_at") VALUES ($1, $2, $3, $4, $5, $6, $7, $8, $9, $10, $11, $12) RETURNING "bus_uid"[0m  [["bus_uid", "BUS_EHCED"], ["company_uid", "CPY_EA68N"], ["string", nil], ["license_plate", "MS34TGM"], ["brand", "MAN Lion's Intercity"], ["manufacturing_year", 2012], ["capacity", 55], ["road_tax", "2024-02-15 00:00:00"], ["insurance", "2024-02-25 00:00:00"], ["technical_exam", "2024-02-05 00:00:00"], ["created_at", "2023-10-23 07:40:26.925247"], ["updated_at", "2023-10-23 07:40:26.925247"]]
  [1m[36mTRANSACTION (201.3ms)[0m  [1m[35mCOMMIT[0m
  [1m[36mTRANSACTION (200.4ms)[0m  [1m[35mBEGIN[0m
  [1m[36mCompany Load (201.7ms)[0m  [1m[34mSELECT "companies".* FROM "companies" WHERE "companies"."company_uid" = $1 LIMIT $2[0m  [["company_uid", "CPY_EA68N"], ["LIMIT", 1]]
  [1m[36mBus Create (197.9ms)[0m  [1m[32mINSERT INTO "buses" ("bus_uid", "company_uid", "string", "license_plate", "brand", "manufacturing_year", "capacity", "road_tax", "insurance", "technical_exam", "created_at", "updated_at") VALUES ($1, $2, $3, $4, $5, $6, $7, $8, $9, $10, $11, $12) RETURNING "bus_uid"[0m  [["bus_uid", "BUS_CTX4D"], ["company_uid", "CPY_EA68N"], ["string", nil], ["license_plate", "MS98TGM"], ["brand", "Mercedes Integro"], ["manufacturing_year", 2015], ["capacity", 60], ["road_tax", "2024-03-15 00:00:00"], ["insurance", "2024-03-25 00:00:00"], ["technical_exam", "2024-03-05 00:00:00"], ["created_at", "2023-10-23 07:40:27.744564"], ["updated_at", "2023-10-23 07:40:27.744564"]]
  [1m[36mTRANSACTION (202.4ms)[0m  [1m[35mCOMMIT[0m
  [1m[36mTRANSACTION (200.3ms)[0m  [1m[35mBEGIN[0m
  [1m[36mCompany Load (201.2ms)[0m  [1m[34mSELECT "companies".* FROM "companies" WHERE "companies"."company_uid" = $1 LIMIT $2[0m  [["company_uid", "CPY_EA68N"], ["LIMIT", 1]]
  [1m[36mBus Create (198.8ms)[0m  [1m[32mINSERT INTO "buses" ("bus_uid", "company_uid", "string", "license_plate", "brand", "manufacturing_year", "capacity", "road_tax", "insurance", "technical_exam", "created_at", "updated_at") VALUES ($1, $2, $3, $4, $5, $6, $7, $8, $9, $10, $11, $12) RETURNING "bus_uid"[0m  [["bus_uid", "BUS_G0NUJ"], ["company_uid", "CPY_EA68N"], ["string", nil], ["license_plate", "MS12TGM"], ["brand", "Mercedes Integro"], ["manufacturing_year", 2011], ["capacity", 65], ["road_tax", "2024-04-15 00:00:00"], ["insurance", "2024-04-25 00:00:00"], ["technical_exam", "2024-04-05 00:00:00"], ["created_at", "2023-10-23 07:40:28.563204"], ["updated_at", "2023-10-23 07:40:28.563204"]]
  [1m[36mTRANSACTION (201.2ms)[0m  [1m[35mCOMMIT[0m
  [1m[36mTRANSACTION (106.9ms)[0m  [1m[35mBEGIN[0m
  [1m[36mCompany Load (192.9ms)[0m  [1m[34mSELECT "companies".* FROM "companies" WHERE "companies"."company_uid" = $1 LIMIT $2[0m  [["company_uid", "CPY_EA68N"], ["LIMIT", 1]]
  [1m[36mBus Create (198.6ms)[0m  [1m[32mINSERT INTO "buses" ("bus_uid", "company_uid", "string", "license_plate", "brand", "manufacturing_year", "capacity", "road_tax", "insurance", "technical_exam", "created_at", "updated_at") VALUES ($1, $2, $3, $4, $5, $6, $7, $8, $9, $10, $11, $12) RETURNING "bus_uid"[0m  [["bus_uid", "BUS_4BBUJ"], ["company_uid", "CPY_EA68N"], ["string", nil], ["license_plate", "MS23MUI"], ["brand", "Volvo B12B"], ["manufacturing_year", 2011], ["capacity", 70], ["road_tax", "2024-05-15 00:00:00"], ["insurance", "2024-05-25 00:00:00"], ["technical_exam", "2024-05-05 00:00:00"], ["created_at", "2023-10-23 07:40:29.280171"], ["updated_at", "2023-10-23 07:40:29.280171"]]
  [1m[36mTRANSACTION (201.5ms)[0m  [1m[35mCOMMIT[0m
  [1m[36mTRANSACTION (200.3ms)[0m  [1m[35mBEGIN[0m
  [1m[36mCompany Load (201.9ms)[0m  [1m[34mSELECT "companies".* FROM "companies" WHERE "companies"."company_uid" = $1 LIMIT $2[0m  [["company_uid", "CPY_EA68N"], ["LIMIT", 1]]
  [1m[36mBus Create (198.1ms)[0m  [1m[32mINSERT INTO "buses" ("bus_uid", "company_uid", "string", "license_plate", "brand", "manufacturing_year", "capacity", "road_tax", "insurance", "technical_exam", "created_at", "updated_at") VALUES ($1, $2, $3, $4, $5, $6, $7, $8, $9, $10, $11, $12) RETURNING "bus_uid"[0m  [["bus_uid", "BUS_RDIH1"], ["company_uid", "CPY_EA68N"], ["string", nil], ["license_plate", "MS22UZI"], ["brand", "Mercedes Tourismo"], ["manufacturing_year", 2017], ["capacity", 75], ["road_tax", "2024-06-15 00:00:00"], ["insurance", "2024-06-25 00:00:00"], ["technical_exam", "2024-06-05 00:00:00"], ["created_at", "2023-10-23 07:40:30.099819"], ["updated_at", "2023-10-23 07:40:30.099819"]]
  [1m[36mTRANSACTION (201.2ms)[0m  [1m[35mCOMMIT[0m
  [1m[36mTRANSACTION (200.6ms)[0m  [1m[35mBEGIN[0m
  [1m[36mCompany Load (201.7ms)[0m  [1m[34mSELECT "companies".* FROM "companies" WHERE "companies"."company_uid" = $1 LIMIT $2[0m  [["company_uid", "CPY_EA68N"], ["LIMIT", 1]]
  [1m[36mBus Create (197.6ms)[0m  [1m[32mINSERT INTO "buses" ("bus_uid", "company_uid", "string", "license_plate", "brand", "manufacturing_year", "capacity", "road_tax", "insurance", "technical_exam", "created_at", "updated_at") VALUES ($1, $2, $3, $4, $5, $6, $7, $8, $9, $10, $11, $12) RETURNING "bus_uid"[0m  [["bus_uid", "BUS_364U3"], ["company_uid", "CPY_EA68N"], ["string", nil], ["license_plate", "MS33ALS"], ["brand", "Neoplan Starliner"], ["manufacturing_year", 2019], ["capacity", 80], ["road_tax", "2024-01-15 00:00:00"], ["insurance", "2024-07-25 00:00:00"], ["technical_exam", "2024-07-05 00:00:00"], ["created_at", "2023-10-23 07:40:30.919237"], ["updated_at", "2023-10-23 07:40:30.919237"]]
  [1m[36mTRANSACTION (202.9ms)[0m  [1m[35mCOMMIT[0m
  [1m[36mTRANSACTION (190.6ms)[0m  [1m[35mBEGIN[0m
  [1m[36mCompany Load (201.4ms)[0m  [1m[34mSELECT "companies".* FROM "companies" WHERE "companies"."company_uid" = $1 LIMIT $2[0m  [["company_uid", "CPY_NXD83"], ["LIMIT", 1]]
  [1m[36mAdmin Create (140.6ms)[0m  [1m[32mINSERT INTO "admins" ("provider", "admin_uid", "encrypted_password", "reset_password_token", "reset_password_sent_at", "allow_password_change", "remember_created_at", "confirmation_token", "confirmed_at", "confirmation_sent_at", "unconfirmed_email", "email", "firstname", "lastname", "nickname", "role", "phone_number", "address", "company_uid", "tokens", "created_at", "updated_at") VALUES ($1, $2, $3, $4, $5, $6, $7, $8, $9, $10, $11, $12, $13, $14, $15, $16, $17, $18, $19, $20, $21, $22)[0m  [["provider", "email"], ["admin_uid", "ADM_2CUFU"], ["encrypted_password", "[FILTERED]"], ["reset_password_token", "[FILTERED]"], ["reset_password_sent_at", "[FILTERED]"], ["allow_password_change", "[FILTERED]"], ["remember_created_at", nil], ["confirmation_token", "[FILTERED]"], ["confirmed_at", nil], ["confirmation_sent_at", nil], ["unconfirmed_email", nil], ["email", "office@vandortrans.ro"], ["firstname", "Elemér"], ["lastname", "Kecskeméti"], ["nickname", nil], ["role", "boss"], ["phone_number", "0728493883"], ["address", "Com. Joseni str. Principala nr. 19"], ["company_uid", "CPY_NXD83"], ["tokens", "[FILTERED]"], ["created_at", "2023-10-23 07:40:32.556805"], ["updated_at", "2023-10-23 07:40:32.556805"]]
  [1m[36mTRANSACTION (113.3ms)[0m  [1m[35mCOMMIT[0m
  [1m[36mTRANSACTION (139.3ms)[0m  [1m[35mBEGIN[0m
  [1m[36mCompany Load (201.6ms)[0m  [1m[34mSELECT "companies".* FROM "companies" WHERE "companies"."company_uid" = $1 LIMIT $2[0m  [["company_uid", "CPY_NXD83"], ["LIMIT", 1]]
  [1m[36mAdmin Create (198.5ms)[0m  [1m[32mINSERT INTO "admins" ("provider", "admin_uid", "encrypted_password", "reset_password_token", "reset_password_sent_at", "allow_password_change", "remember_created_at", "confirmation_token", "confirmed_at", "confirmation_sent_at", "unconfirmed_email", "email", "firstname", "lastname", "nickname", "role", "phone_number", "address", "company_uid", "tokens", "created_at", "updated_at") VALUES ($1, $2, $3, $4, $5, $6, $7, $8, $9, $10, $11, $12, $13, $14, $15, $16, $17, $18, $19, $20, $21, $22)[0m  [["provider", "email"], ["admin_uid", "ADM_Z5NWN"], ["encrypted_password", "[FILTERED]"], ["reset_password_token", "[FILTERED]"], ["reset_password_sent_at", "[FILTERED]"], ["allow_password_change", "[FILTERED]"], ["remember_created_at", nil], ["confirmation_token", "[FILTERED]"], ["confirmed_at", nil], ["confirmation_sent_at", nil], ["unconfirmed_email", nil], ["email", "hompoth.krisztian@gmail.com"], ["firstname", "Krisztián"], ["lastname", "Orsós"], ["nickname", nil], ["role", "manager"], ["phone_number", "0761837888"], ["address", "Com. Joseni str. Faluköze nr. 1"], ["company_uid", "CPY_NXD83"], ["tokens", "[FILTERED]"], ["created_at", "2023-10-23 07:40:33.580735"], ["updated_at", "2023-10-23 07:40:33.580735"]]
  [1m[36mTRANSACTION (201.2ms)[0m  [1m[35mCOMMIT[0m
  [1m[36mTRANSACTION (197.8ms)[0m  [1m[35mBEGIN[0m
  [1m[36mCompany Load (199.0ms)[0m  [1m[34mSELECT "companies".* FROM "companies" WHERE "companies"."company_uid" = $1 LIMIT $2[0m  [["company_uid", "CPY_NXD83"], ["LIMIT", 1]]
  [1m[36mAdmin Create (142.1ms)[0m  [1m[32mINSERT INTO "admins" ("provider", "admin_uid", "encrypted_password", "reset_password_token", "reset_password_sent_at", "allow_password_change", "remember_created_at", "confirmation_token", "confirmed_at", "confirmation_sent_at", "unconfirmed_email", "email", "firstname", "lastname", "nickname", "role", "phone_number", "address", "company_uid", "tokens", "created_at", "updated_at") VALUES ($1, $2, $3, $4, $5, $6, $7, $8, $9, $10, $11, $12, $13, $14, $15, $16, $17, $18, $19, $20, $21, $22)[0m  [["provider", "email"], ["admin_uid", "ADM_GHJ09"], ["encrypted_password", "[FILTERED]"], ["reset_password_token", "[FILTERED]"], ["reset_password_sent_at", "[FILTERED]"], ["allow_password_change", "[FILTERED]"], ["remember_created_at", nil], ["confirmation_token", "[FILTERED]"], ["confirmed_at", nil], ["confirmation_sent_at", nil], ["unconfirmed_email", nil], ["email", "csatabela@gmail.com"], ["firstname", "Béla"], ["lastname", "Csata"], ["nickname", nil], ["role", "driver"], ["phone_number", "0752358475"], ["address", "Mun. Gheorgheni str. Ghindei nr. 1"], ["company_uid", "CPY_NXD83"], ["tokens", "[FILTERED]"], ["created_at", "2023-10-23 07:40:34.808156"], ["updated_at", "2023-10-23 07:40:34.808156"]]
  [1m[36mTRANSACTION (142.7ms)[0m  [1m[35mCOMMIT[0m
  [1m[36mTRANSACTION (103.1ms)[0m  [1m[35mBEGIN[0m
  [1m[36mCompany Load (115.1ms)[0m  [1m[34mSELECT "companies".* FROM "companies" WHERE "companies"."company_uid" = $1 LIMIT $2[0m  [["company_uid", "CPY_NXD83"], ["LIMIT", 1]]
  [1m[36mAdmin Create (113.0ms)[0m  [1m[32mINSERT INTO "admins" ("provider", "admin_uid", "encrypted_password", "reset_password_token", "reset_password_sent_at", "allow_password_change", "remember_created_at", "confirmation_token", "confirmed_at", "confirmation_sent_at", "unconfirmed_email", "email", "firstname", "lastname", "nickname", "role", "phone_number", "address", "company_uid", "tokens", "created_at", "updated_at") VALUES ($1, $2, $3, $4, $5, $6, $7, $8, $9, $10, $11, $12, $13, $14, $15, $16, $17, $18, $19, $20, $21, $22)[0m  [["provider", "email"], ["admin_uid", "ADM_5Y3BT"], ["encrypted_password", "[FILTERED]"], ["reset_password_token", "[FILTERED]"], ["reset_password_sent_at", "[FILTERED]"], ["allow_password_change", "[FILTERED]"], ["remember_created_at", nil], ["confirmation_token", "[FILTERED]"], ["confirmed_at", nil], ["confirmation_sent_at", nil], ["unconfirmed_email", nil], ["email", "magdi92@gmail.com"], ["firstname", "Magdolna"], ["lastname", "Kovács"], ["nickname", nil], ["role", "driver"], ["phone_number", "0739489586"], ["address", "Mun. Gheorgheni str. Stadionului nr. 4"], ["company_uid", "CPY_NXD83"], ["tokens", "[FILTERED]"], ["created_at", "2023-10-23 07:40:35.745189"], ["updated_at", "2023-10-23 07:40:35.745189"]]
  [1m[36mTRANSACTION (107.6ms)[0m  [1m[35mCOMMIT[0m
  [1m[36mTRANSACTION (116.7ms)[0m  [1m[35mBEGIN[0m
  [1m[36mCompany Load (149.7ms)[0m  [1m[34mSELECT "companies".* FROM "companies" WHERE "companies"."company_uid" = $1 LIMIT $2[0m  [["company_uid", "CPY_NXD83"], ["LIMIT", 1]]
  [1m[36mAdmin Create (190.8ms)[0m  [1m[32mINSERT INTO "admins" ("provider", "admin_uid", "encrypted_password", "reset_password_token", "reset_password_sent_at", "allow_password_change", "remember_created_at", "confirmation_token", "confirmed_at", "confirmation_sent_at", "unconfirmed_email", "email", "firstname", "lastname", "nickname", "role", "phone_number", "address", "company_uid", "tokens", "created_at", "updated_at") VALUES ($1, $2, $3, $4, $5, $6, $7, $8, $9, $10, $11, $12, $13, $14, $15, $16, $17, $18, $19, $20, $21, $22)[0m  [["provider", "email"], ["admin_uid", "ADM_PL032"], ["encrypted_password", "[FILTERED]"], ["reset_password_token", "[FILTERED]"], ["reset_password_sent_at", "[FILTERED]"], ["allow_password_change", "[FILTERED]"], ["remember_created_at", nil], ["confirmation_token", "[FILTERED]"], ["confirmed_at", nil], ["confirmation_sent_at", nil], ["unconfirmed_email", nil], ["email", "orsospista11@gmail.com"], ["firstname", "István"], ["lastname", "Orsós"], ["nickname", nil], ["role", "driver"], ["phone_number", "0755928111"], ["address", "Com. Ciumani str. Inczelaka nr. 1398"], ["company_uid", "CPY_NXD83"], ["tokens", "[FILTERED]"], ["created_at", "2023-10-23 07:40:36.656775"], ["updated_at", "2023-10-23 07:40:36.656775"]]
  [1m[36mTRANSACTION (109.3ms)[0m  [1m[35mCOMMIT[0m
  [1m[36mTRANSACTION (195.6ms)[0m  [1m[35mBEGIN[0m
  [1m[36mCompany Load (170.1ms)[0m  [1m[34mSELECT "companies".* FROM "companies" WHERE "companies"."company_uid" = $1 LIMIT $2[0m  [["company_uid", "CPY_NXD83"], ["LIMIT", 1]]
  [1m[36mAdmin Create (142.5ms)[0m  [1m[32mINSERT INTO "admins" ("provider", "admin_uid", "encrypted_password", "reset_password_token", "reset_password_sent_at", "allow_password_change", "remember_created_at", "confirmation_token", "confirmed_at", "confirmation_sent_at", "unconfirmed_email", "email", "firstname", "lastname", "nickname", "role", "phone_number", "address", "company_uid", "tokens", "created_at", "updated_at") VALUES ($1, $2, $3, $4, $5, $6, $7, $8, $9, $10, $11, $12, $13, $14, $15, $16, $17, $18, $19, $20, $21, $22)[0m  [["provider", "email"], ["admin_uid", "ADM_30UDD"], ["encrypted_password", "[FILTERED]"], ["reset_password_token", "[FILTERED]"], ["reset_password_sent_at", "[FILTERED]"], ["allow_password_change", "[FILTERED]"], ["remember_created_at", nil], ["confirmation_token", "[FILTERED]"], ["confirmed_at", nil], ["confirmation_sent_at", nil], ["unconfirmed_email", nil], ["email", "ninjanarch@yahoo.com"], ["firstname", "Iván"], ["lastname", "Elekes"], ["nickname", nil], ["role", "driver"], ["phone_number", "0724889734"], ["address", "Com. Ciumani str. Principala nr. 12"], ["company_uid", "CPY_NXD83"], ["tokens", "[FILTERED]"], ["created_at", "2023-10-23 07:40:37.748022"], ["updated_at", "2023-10-23 07:40:37.748022"]]
  [1m[36mTRANSACTION (104.1ms)[0m  [1m[35mCOMMIT[0m
  [1m[36mTRANSACTION (179.4ms)[0m  [1m[35mBEGIN[0m
  [1m[36mCompany Load (197.5ms)[0m  [1m[34mSELECT "companies".* FROM "companies" WHERE "companies"."company_uid" = $1 LIMIT $2[0m  [["company_uid", "CPY_NXD83"], ["LIMIT", 1]]
  [1m[36mAdmin Create (197.5ms)[0m  [1m[32mINSERT INTO "admins" ("provider", "admin_uid", "encrypted_password", "reset_password_token", "reset_password_sent_at", "allow_password_change", "remember_created_at", "confirmation_token", "confirmed_at", "confirmation_sent_at", "unconfirmed_email", "email", "firstname", "lastname", "nickname", "role", "phone_number", "address", "company_uid", "tokens", "created_at", "updated_at") VALUES ($1, $2, $3, $4, $5, $6, $7, $8, $9, $10, $11, $12, $13, $14, $15, $16, $17, $18, $19, $20, $21, $22)[0m  [["provider", "email"], ["admin_uid", "ADM_0YPSS"], ["encrypted_password", "[FILTERED]"], ["reset_password_token", "[FILTERED]"], ["reset_password_sent_at", "[FILTERED]"], ["allow_password_change", "[FILTERED]"], ["remember_created_at", nil], ["confirmation_token", "[FILTERED]"], ["confirmed_at", nil], ["confirmation_sent_at", nil], ["unconfirmed_email", nil], ["email", "karoly_elekes@gmail.com"], ["firstname", "Károly"], ["lastname", "Elekes"], ["nickname", nil], ["role", "driver"], ["phone_number", "0745399324"], ["address", "Com. Suseni str. Kéthíd nr. 198"], ["company_uid", "CPY_NXD83"], ["tokens", "[FILTERED]"], ["created_at", "2023-10-23 07:40:38.802372"], ["updated_at", "2023-10-23 07:40:38.802372"]]
  [1m[36mTRANSACTION (199.9ms)[0m  [1m[35mCOMMIT[0m
  [1m[36mTRANSACTION (103.2ms)[0m  [1m[35mBEGIN[0m
  [1m[36mCompany Load (202.0ms)[0m  [1m[34mSELECT "companies".* FROM "companies" WHERE "companies"."company_uid" = $1 LIMIT $2[0m  [["company_uid", "CPY_GP3GI"], ["LIMIT", 1]]
  [1m[36mAdmin Create (198.0ms)[0m  [1m[32mINSERT INTO "admins" ("provider", "admin_uid", "encrypted_password", "reset_password_token", "reset_password_sent_at", "allow_password_change", "remember_created_at", "confirmation_token", "confirmed_at", "confirmation_sent_at", "unconfirmed_email", "email", "firstname", "lastname", "nickname", "role", "phone_number", "address", "company_uid", "tokens", "created_at", "updated_at") VALUES ($1, $2, $3, $4, $5, $6, $7, $8, $9, $10, $11, $12, $13, $14, $15, $16, $17, $18, $19, $20, $21, $22)[0m  [["provider", "email"], ["admin_uid", "ADM_8VRKO"], ["encrypted_password", "[FILTERED]"], ["reset_password_token", "[FILTERED]"], ["reset_password_sent_at", "[FILTERED]"], ["allow_password_change", "[FILTERED]"], ["remember_created_at", nil], ["confirmation_token", "[FILTERED]"], ["confirmed_at", nil], ["confirmation_sent_at", nil], ["unconfirmed_email", nil], ["email", "office@balinttrans.ro"], ["firstname", "Elemér"], ["lastname", "Kecskeméti"], ["nickname", nil], ["role", "boss"], ["phone_number", "0728493883"], ["address", "Com. Joseni str. Principala nr. 19"], ["company_uid", "CPY_GP3GI"], ["tokens", "[FILTERED]"], ["created_at", "2023-10-23 07:40:39.930195"], ["updated_at", "2023-10-23 07:40:39.930195"]]
  [1m[36mTRANSACTION (202.6ms)[0m  [1m[35mCOMMIT[0m
  [1m[36mTRANSACTION (202.0ms)[0m  [1m[35mBEGIN[0m
  [1m[36mCompany Load (200.2ms)[0m  [1m[34mSELECT "companies".* FROM "companies" WHERE "companies"."company_uid" = $1 LIMIT $2[0m  [["company_uid", "CPY_GP3GI"], ["LIMIT", 1]]
  [1m[36mAdmin Create (200.4ms)[0m  [1m[32mINSERT INTO "admins" ("provider", "admin_uid", "encrypted_password", "reset_password_token", "reset_password_sent_at", "allow_password_change", "remember_created_at", "confirmation_token", "confirmed_at", "confirmation_sent_at", "unconfirmed_email", "email", "firstname", "lastname", "nickname", "role", "phone_number", "address", "company_uid", "tokens", "created_at", "updated_at") VALUES ($1, $2, $3, $4, $5, $6, $7, $8, $9, $10, $11, $12, $13, $14, $15, $16, $17, $18, $19, $20, $21, $22)[0m  [["provider", "email"], ["admin_uid", "ADM_JU4FO"], ["encrypted_password", "[FILTERED]"], ["reset_password_token", "[FILTERED]"], ["reset_password_sent_at", "[FILTERED]"], ["allow_password_change", "[FILTERED]"], ["remember_created_at", nil], ["confirmation_token", "[FILTERED]"], ["confirmed_at", nil], ["confirmation_sent_at", nil], ["unconfirmed_email", nil], ["email", "hompoth.krisztian@gmail.com"], ["firstname", "Krisztián"], ["lastname", "Orsós"], ["nickname", nil], ["role", "manager"], ["phone_number", "0761837888"], ["address", "Com. Joseni str. Faluköze nr. 1"], ["company_uid", "CPY_GP3GI"], ["tokens", "[FILTERED]"], ["created_at", "2023-10-23 07:40:41.157495"], ["updated_at", "2023-10-23 07:40:41.157495"]]
  [1m[36mTRANSACTION (199.5ms)[0m  [1m[31mROLLBACK[0m
  [1m[36mActiveRecord::SchemaMigration Pluck (202.0ms)[0m  [1m[34mSELECT "schema_migrations"."version" FROM "schema_migrations" ORDER BY "schema_migrations"."version" ASC[0m
  [1m[36mActiveRecord::SchemaMigration Pluck (125.0ms)[0m  [1m[34mSELECT "schema_migrations"."version" FROM "schema_migrations" ORDER BY "schema_migrations"."version" ASC[0m
  [1m[36mActiveRecord::SchemaMigration Pluck (105.2ms)[0m  [1m[34mSELECT "schema_migrations"."version" FROM "schema_migrations" ORDER BY "schema_migrations"."version" ASC[0m
  [1m[36mActiveRecord::SchemaMigration Pluck (203.1ms)[0m  [1m[34mSELECT "schema_migrations"."version" FROM "schema_migrations" ORDER BY "schema_migrations"."version" ASC[0m
  [1m[35m (108.0ms)[0m  [1m[34mSELECT pg_try_advisory_lock(328290156475937670)[0m
  [1m[36mActiveRecord::SchemaMigration Pluck (97.5ms)[0m  [1m[34mSELECT "schema_migrations"."version" FROM "schema_migrations" ORDER BY "schema_migrations"."version" ASC[0m
Migrating to CreateCompanyStations (20231022191053)
  [1m[36mTRANSACTION (179.4ms)[0m  [1m[35mBEGIN[0m
  [1m[35m (199.0ms)[0m  [1m[35mDROP TABLE "company_stations"[0m
  [1m[36mActiveRecord::SchemaMigration Delete All (198.0ms)[0m  [1m[31mDELETE FROM "schema_migrations" WHERE "schema_migrations"."version" = $1[0m  [["version", "20231022191053"]]
  [1m[36mTRANSACTION (173.0ms)[0m  [1m[35mCOMMIT[0m
  [1m[35m (109.5ms)[0m  [1m[34mSELECT pg_advisory_unlock(328290156475937670)[0m
  [1m[36mActiveRecord::SchemaMigration Pluck (98.1ms)[0m  [1m[34mSELECT "schema_migrations"."version" FROM "schema_migrations" ORDER BY "schema_migrations"."version" ASC[0m
  [1m[36mActiveRecord::SchemaMigration Pluck (131.7ms)[0m  [1m[34mSELECT "schema_migrations"."version" FROM "schema_migrations" ORDER BY "schema_migrations"."version" ASC[0m
  [1m[36mActiveRecord::InternalMetadata Pluck (87.9ms)[0m  [1m[34mSELECT "ar_internal_metadata"."value" FROM "ar_internal_metadata" WHERE "ar_internal_metadata"."key" = $1 LIMIT $2[0m  [["key", "environment"], ["LIMIT", 1]]
  [1m[36mActiveRecord::SchemaMigration Pluck (104.8ms)[0m  [1m[34mSELECT "schema_migrations"."version" FROM "schema_migrations" ORDER BY "schema_migrations"."version" ASC[0m
  [1m[36mActiveRecord::InternalMetadata Pluck (100.6ms)[0m  [1m[34mSELECT "ar_internal_metadata"."value" FROM "ar_internal_metadata" WHERE "ar_internal_metadata"."key" = $1 LIMIT $2[0m  [["key", "environment"], ["LIMIT", 1]]
  [1m[36mActiveRecord::SchemaMigration Pluck (99.7ms)[0m  [1m[34mSELECT "schema_migrations"."version" FROM "schema_migrations" ORDER BY "schema_migrations"."version" ASC[0m
  [1m[36mActiveRecord::InternalMetadata Pluck (105.8ms)[0m  [1m[34mSELECT "ar_internal_metadata"."value" FROM "ar_internal_metadata" WHERE "ar_internal_metadata"."key" = $1 LIMIT $2[0m  [["key", "environment"], ["LIMIT", 1]]
  [1m[35m (167.3ms)[0m  [1m[35mDROP DATABASE IF EXISTS "bus4u_db"[0m
  [1m[35m (37.8ms)[0m  [1m[35mDROP DATABASE IF EXISTS "API_test"[0m
  [1m[35m (295.1ms)[0m  [1m[35mCREATE DATABASE "bus4u_db" ENCODING = 'unicode'[0m
  [1m[35m (143.2ms)[0m  [1m[35mCREATE DATABASE "API_test" ENCODING = 'unicode'[0m
  [1m[35m (206.6ms)[0m  [1m[35mCREATE TABLE "schema_migrations" ("version" character varying NOT NULL PRIMARY KEY)[0m
  [1m[35m (203.5ms)[0m  [1m[35mCREATE TABLE "ar_internal_metadata" ("key" character varying NOT NULL PRIMARY KEY, "value" character varying, "created_at" timestamp(6) NOT NULL, "updated_at" timestamp(6) NOT NULL)[0m
  [1m[35m (106.2ms)[0m  [1m[34mSELECT pg_try_advisory_lock(328290156475937670)[0m
  [1m[36mActiveRecord::SchemaMigration Pluck (101.6ms)[0m  [1m[34mSELECT "schema_migrations"."version" FROM "schema_migrations" ORDER BY "schema_migrations"."version" ASC[0m
Migrating to DeviseTokenAuthCreateUsers (20231012145933)
  [1m[36mTRANSACTION (88.4ms)[0m  [1m[35mBEGIN[0m
  [1m[35m (194.4ms)[0m  [1m[35mCREATE TABLE "users" ("provider" character varying DEFAULT 'email' NOT NULL, "user_uid" character varying DEFAULT '' NOT NULL, "encrypted_password" character varying DEFAULT '' NOT NULL, "reset_password_token" character varying, "reset_password_sent_at" timestamp(6), "allow_password_change" boolean DEFAULT FALSE, "remember_created_at" timestamp(6), "confirmation_token" character varying, "confirmed_at" timestamp(6), "confirmation_sent_at" timestamp(6), "unconfirmed_email" character varying, "firstname" character varying, "lastname" character varying, "email" character varying, "phone_number" character varying, "language" character varying, "tokens" json, "created_at" timestamp(6) NOT NULL, "updated_at" timestamp(6) NOT NULL)[0m
  [1m[35m (202.5ms)[0m  [1m[35mCREATE UNIQUE INDEX "index_users_on_email" ON "users" ("email")[0m
  [1m[35m (200.9ms)[0m  [1m[35mCREATE UNIQUE INDEX "index_users_on_user_uid_and_provider" ON "users" ("user_uid", "provider")[0m
  [1m[35m (201.7ms)[0m  [1m[35mCREATE UNIQUE INDEX "index_users_on_reset_password_token" ON "users" ("reset_password_token")[0m
  [1m[35m (201.5ms)[0m  [1m[35mCREATE UNIQUE INDEX "index_users_on_confirmation_token" ON "users" ("confirmation_token")[0m
  [1m[36mActiveRecord::SchemaMigration Create (98.0ms)[0m  [1m[32mINSERT INTO "schema_migrations" ("version") VALUES ($1) RETURNING "version"[0m  [["version", "20231012145933"]]
  [1m[36mTRANSACTION (99.5ms)[0m  [1m[35mCOMMIT[0m
Migrating to DeviseTokenAuthCreateAdmins (20231012150243)
  [1m[36mTRANSACTION (92.0ms)[0m  [1m[35mBEGIN[0m
  [1m[35m (206.4ms)[0m  [1m[35mCREATE TABLE "admins" ("provider" character varying DEFAULT 'email' NOT NULL, "admin_uid" character varying DEFAULT '' NOT NULL, "encrypted_password" character varying DEFAULT '' NOT NULL, "reset_password_token" character varying, "reset_password_sent_at" timestamp(6), "allow_password_change" boolean DEFAULT FALSE, "remember_created_at" timestamp(6), "confirmation_token" character varying, "confirmed_at" timestamp(6), "confirmation_sent_at" timestamp(6), "unconfirmed_email" character varying, "email" character varying, "firstname" character varying, "lastname" character varying, "nickname" character varying, "role" character varying, "phone_number" character varying, "address" character varying, "company_uid" character varying, "tokens" json, "created_at" timestamp(6) NOT NULL, "updated_at" timestamp(6) NOT NULL)[0m
  [1m[35m (201.4ms)[0m  [1m[35mCREATE UNIQUE INDEX "index_admins_on_email" ON "admins" ("email")[0m
  [1m[35m (203.0ms)[0m  [1m[35mCREATE UNIQUE INDEX "index_admins_on_admin_uid_and_provider" ON "admins" ("admin_uid", "provider")[0m
  [1m[35m (202.2ms)[0m  [1m[35mCREATE UNIQUE INDEX "index_admins_on_reset_password_token" ON "admins" ("reset_password_token")[0m
  [1m[35m (200.1ms)[0m  [1m[35mCREATE UNIQUE INDEX "index_admins_on_confirmation_token" ON "admins" ("confirmation_token")[0m
  [1m[36mActiveRecord::SchemaMigration Create (108.1ms)[0m  [1m[32mINSERT INTO "schema_migrations" ("version") VALUES ($1) RETURNING "version"[0m  [["version", "20231012150243"]]
  [1m[36mTRANSACTION (101.4ms)[0m  [1m[35mCOMMIT[0m
Migrating to CreateCompanies (20231022154945)
  [1m[36mTRANSACTION (101.0ms)[0m  [1m[35mBEGIN[0m
  [1m[35m (161.7ms)[0m  [1m[35mCREATE TABLE "companies" ("company_uid" character varying NOT NULL PRIMARY KEY, "name" character varying, "email" character varying, "phone_number" character varying, "tax_number" character varying, "city" character varying, "office_address" character varying, "created_at" timestamp(6) NOT NULL, "updated_at" timestamp(6) NOT NULL)[0m
  [1m[36mActiveRecord::SchemaMigration Create (102.0ms)[0m  [1m[32mINSERT INTO "schema_migrations" ("version") VALUES ($1) RETURNING "version"[0m  [["version", "20231022154945"]]
  [1m[36mTRANSACTION (97.9ms)[0m  [1m[35mCOMMIT[0m
Migrating to CreateBuses (20231022155022)
  [1m[36mTRANSACTION (100.8ms)[0m  [1m[35mBEGIN[0m
  [1m[35m (123.5ms)[0m  [1m[35mCREATE TABLE "buses" ("bus_uid" character varying NOT NULL PRIMARY KEY, "company_uid" character varying, "string" character varying, "license_plate" character varying, "brand" character varying, "manufacturing_year" integer, "capacity" integer, "road_tax" timestamp(6), "insurance" timestamp(6), "technical_exam" timestamp(6), "created_at" timestamp(6) NOT NULL, "updated_at" timestamp(6) NOT NULL)[0m
  [1m[36mActiveRecord::SchemaMigration Create (116.1ms)[0m  [1m[32mINSERT INTO "schema_migrations" ("version") VALUES ($1) RETURNING "version"[0m  [["version", "20231022155022"]]
  [1m[36mTRANSACTION (102.0ms)[0m  [1m[35mCOMMIT[0m
Migrating to CreateStations (20231022155044)
  [1m[36mTRANSACTION (97.7ms)[0m  [1m[35mBEGIN[0m
  [1m[35m (121.6ms)[0m  [1m[35mCREATE TABLE "stations" ("station_uid" character varying NOT NULL PRIMARY KEY, "name" character varying, "longitude" decimal, "latitude" decimal, "city" character varying, "address" character varying, "created_at" timestamp(6) NOT NULL, "updated_at" timestamp(6) NOT NULL)[0m
  [1m[36mActiveRecord::SchemaMigration Create (110.0ms)[0m  [1m[32mINSERT INTO "schema_migrations" ("version") VALUES ($1) RETURNING "version"[0m  [["version", "20231022155044"]]
  [1m[36mTRANSACTION (98.9ms)[0m  [1m[35mCOMMIT[0m
Migrating to CreateRoutes (20231022155105)
  [1m[36mTRANSACTION (100.9ms)[0m  [1m[35mBEGIN[0m
  [1m[35m (140.7ms)[0m  [1m[35mCREATE TABLE "routes" ("route_uid" character varying, "name" character varying, "created_at" timestamp(6) NOT NULL, "updated_at" timestamp(6) NOT NULL)[0m
  [1m[36mActiveRecord::SchemaMigration Create (110.6ms)[0m  [1m[32mINSERT INTO "schema_migrations" ("version") VALUES ($1) RETURNING "version"[0m  [["version", "20231022155105"]]
  [1m[36mTRANSACTION (96.5ms)[0m  [1m[35mCOMMIT[0m
Migrating to CreateRouteStations (20231022155131)
  [1m[36mTRANSACTION (96.1ms)[0m  [1m[35mBEGIN[0m
  [1m[35m (194.9ms)[0m  [1m[35mCREATE TABLE "route_stations" ("route_station_uid" character varying NOT NULL PRIMARY KEY, "station_uid" character varying, "route_uid" character varying, "departure_time" timestamp(6), "sequence" integer, "created_at" timestamp(6) NOT NULL, "updated_at" timestamp(6) NOT NULL)[0m
  [1m[36mActiveRecord::SchemaMigration Create (200.4ms)[0m  [1m[32mINSERT INTO "schema_migrations" ("version") VALUES ($1) RETURNING "version"[0m  [["version", "20231022155131"]]
  [1m[36mTRANSACTION (203.3ms)[0m  [1m[35mCOMMIT[0m
Migrating to CreateTickets (20231022155206)
  [1m[36mTRANSACTION (93.5ms)[0m  [1m[35mBEGIN[0m
  [1m[35m (374.5ms)[0m  [1m[35mCREATE TABLE "tickets" ("ticket_uid" character varying NOT NULL PRIMARY KEY, "company_uid" character varying, "type" character varying, "price_uid" character varying, "created_at" timestamp(6) NOT NULL, "updated_at" timestamp(6) NOT NULL)[0m
  [1m[36mActiveRecord::SchemaMigration Create (118.4ms)[0m  [1m[32mINSERT INTO "schema_migrations" ("version") VALUES ($1) RETURNING "version"[0m  [["version", "20231022155206"]]
  [1m[36mTRANSACTION (100.2ms)[0m  [1m[35mCOMMIT[0m
Migrating to CreateBoughtTickets (20231022155234)
  [1m[36mTRANSACTION (106.9ms)[0m  [1m[35mBEGIN[0m
  [1m[35m (144.5ms)[0m  [1m[35mCREATE TABLE "bought_tickets" ("bought_ticket_uid" character varying NOT NULL PRIMARY KEY, "ticket_uid" character varying, "user_uid" character varying, "date_of_purchase" timestamp(6), "expiration_date" timestamp(6), "is_vaild" boolean, "created_at" timestamp(6) NOT NULL, "updated_at" timestamp(6) NOT NULL)[0m
  [1m[36mActiveRecord::SchemaMigration Create (99.5ms)[0m  [1m[32mINSERT INTO "schema_migrations" ("version") VALUES ($1) RETURNING "version"[0m  [["version", "20231022155234"]]
  [1m[36mTRANSACTION (90.1ms)[0m  [1m[35mCOMMIT[0m
Migrating to CreatePrices (20231022155344)
  [1m[36mTRANSACTION (93.7ms)[0m  [1m[35mBEGIN[0m
  [1m[35m (123.0ms)[0m  [1m[35mCREATE TABLE "prices" ("price_uid" character varying NOT NULL PRIMARY KEY, "route_uid" character varying, "from_station_uid" character varying, "to_station_uid" character varying, "ticket_price" decimal, "created_at" timestamp(6) NOT NULL, "updated_at" timestamp(6) NOT NULL)[0m
  [1m[36mActiveRecord::SchemaMigration Create (97.5ms)[0m  [1m[32mINSERT INTO "schema_migrations" ("version") VALUES ($1) RETURNING "version"[0m  [["version", "20231022155344"]]
  [1m[36mTRANSACTION (106.8ms)[0m  [1m[35mCOMMIT[0m
Migrating to CreateCompanyStations (20231022191053)
  [1m[36mTRANSACTION (98.6ms)[0m  [1m[35mBEGIN[0m
  [1m[35m (124.0ms)[0m  [1m[35mCREATE TABLE "company_stations" ("company_station_uid" character varying NOT NULL PRIMARY KEY, "created_at" timestamp(6) NOT NULL, "updated_at" timestamp(6) NOT NULL)[0m
  [1m[36mActiveRecord::SchemaMigration Create (107.1ms)[0m  [1m[32mINSERT INTO "schema_migrations" ("version") VALUES ($1) RETURNING "version"[0m  [["version", "20231022191053"]]
  [1m[36mTRANSACTION (98.8ms)[0m  [1m[35mCOMMIT[0m
  [1m[36mActiveRecord::InternalMetadata Load (101.9ms)[0m  [1m[34mSELECT "ar_internal_metadata".* FROM "ar_internal_metadata" WHERE "ar_internal_metadata"."key" = $1 LIMIT $2[0m  [["key", "environment"], ["LIMIT", 1]]
  [1m[36mTRANSACTION (100.3ms)[0m  [1m[35mBEGIN[0m
  [1m[36mActiveRecord::InternalMetadata Create (112.8ms)[0m  [1m[32mINSERT INTO "ar_internal_metadata" ("key", "value", "created_at", "updated_at") VALUES ($1, $2, $3, $4) RETURNING "key"[0m  [["key", "environment"], ["value", "development"], ["created_at", "2023-10-23 07:44:46.105395"], ["updated_at", "2023-10-23 07:44:46.105395"]]
  [1m[36mTRANSACTION (92.4ms)[0m  [1m[35mCOMMIT[0m
  [1m[35m (102.8ms)[0m  [1m[34mSELECT pg_advisory_unlock(328290156475937670)[0m
  [1m[36mActiveRecord::SchemaMigration Pluck (205.3ms)[0m  [1m[34mSELECT "schema_migrations"."version" FROM "schema_migrations" ORDER BY "schema_migrations"."version" ASC[0m
  [1m[36mActiveRecord::SchemaMigration Pluck (109.4ms)[0m  [1m[34mSELECT "schema_migrations"."version" FROM "schema_migrations" ORDER BY "schema_migrations"."version" ASC[0m
  [1m[36mTRANSACTION (149.8ms)[0m  [1m[35mBEGIN[0m
  [1m[36mCompany Create (200.9ms)[0m  [1m[32mINSERT INTO "companies" ("company_uid", "name", "email", "phone_number", "tax_number", "city", "office_address", "created_at", "updated_at") VALUES ($1, $2, $3, $4, $5, $6, $7, $8, $9) RETURNING "company_uid"[0m  [["company_uid", "CPY_762X6"], ["name", "VANDOR TRANS TOURS SRL"], ["email", "office@vandortrans.ro"], ["phone_number", "0762883716"], ["tax_number", "49281782"], ["city", "Gheorgheni"], ["office_address", "Str. Kossuth Lajos nr. 91"], ["created_at", "2023-10-23 07:45:16.747266"], ["updated_at", "2023-10-23 07:45:16.747266"]]
  [1m[36mTRANSACTION (200.3ms)[0m  [1m[35mCOMMIT[0m
  [1m[36mTRANSACTION (200.4ms)[0m  [1m[35mBEGIN[0m
  [1m[36mCompany Create (200.5ms)[0m  [1m[32mINSERT INTO "companies" ("company_uid", "name", "email", "phone_number", "tax_number", "city", "office_address", "created_at", "updated_at") VALUES ($1, $2, $3, $4, $5, $6, $7, $8, $9) RETURNING "company_uid"[0m  [["company_uid", "CPY_FVC93"], ["name", "PANORAMA TURIST SRL"], ["email", "panorama@gmail.com"], ["phone_number", "0755197688"], ["tax_number", "74112365"], ["city", "Ditrau"], ["office_address", "Str. Dealul frumos 73/A"], ["created_at", "2023-10-23 07:45:17.312958"], ["updated_at", "2023-10-23 07:45:17.312958"]]
  [1m[36mTRANSACTION (201.0ms)[0m  [1m[35mCOMMIT[0m
  [1m[36mTRANSACTION (199.4ms)[0m  [1m[35mBEGIN[0m
  [1m[36mCompany Create (201.8ms)[0m  [1m[32mINSERT INTO "companies" ("company_uid", "name", "email", "phone_number", "tax_number", "city", "office_address", "created_at", "updated_at") VALUES ($1, $2, $3, $4, $5, $6, $7, $8, $9) RETURNING "company_uid"[0m  [["company_uid", "CPY_SRJ12"], ["name", "BALINT TRANS SRL"], ["email", "balinttrans@yahoo.com"], ["phone_number", "0723763998"], ["tax_number", "41549877"], ["city", "Targu Mures"], ["office_address", "Str. Bega nr. 9"], ["created_at", "2023-10-23 07:45:17.927613"], ["updated_at", "2023-10-23 07:45:17.927613"]]
  [1m[36mTRANSACTION (200.3ms)[0m  [1m[35mCOMMIT[0m
  [1m[36mTRANSACTION (200.3ms)[0m  [1m[35mBEGIN[0m
  [1m[36mCompany Create (201.0ms)[0m  [1m[32mINSERT INTO "companies" ("company_uid", "name", "email", "phone_number", "tax_number", "city", "office_address", "created_at", "updated_at") VALUES ($1, $2, $3, $4, $5, $6, $7, $8, $9) RETURNING "company_uid"[0m  [["company_uid", "CPY_8Q421"], ["name", "TRANSPORT LOCAL SA"], ["email", "office@vandortrans.ro"], ["phone_number", "0763777716"], ["tax_number", "87654782"], ["city", "Targu Mures"], ["office_address", "Str. Bega nr. 2"], ["created_at", "2023-10-23 07:45:18.541394"], ["updated_at", "2023-10-23 07:45:18.541394"]]
  [1m[36mTRANSACTION (201.1ms)[0m  [1m[35mCOMMIT[0m
  [1m[36mCompany Load (180.9ms)[0m  [1m[34mSELECT "companies".* FROM "companies" WHERE "companies"."name" = $1 LIMIT $2[0m  [["name", "VANDOR TRANS TOURS SRL"], ["LIMIT", 1]]
  [1m[36mTRANSACTION (158.5ms)[0m  [1m[35mBEGIN[0m
  [1m[36mCompany Load (204.8ms)[0m  [1m[34mSELECT "companies".* FROM "companies" WHERE "companies"."company_uid" = $1 LIMIT $2[0m  [["company_uid", "CPY_762X6"], ["LIMIT", 1]]
  [1m[36mBus Create (198.0ms)[0m  [1m[32mINSERT INTO "buses" ("bus_uid", "company_uid", "string", "license_plate", "brand", "manufacturing_year", "capacity", "road_tax", "insurance", "technical_exam", "created_at", "updated_at") VALUES ($1, $2, $3, $4, $5, $6, $7, $8, $9, $10, $11, $12) RETURNING "bus_uid"[0m  [["bus_uid", "BUS_KF2PI"], ["company_uid", "CPY_762X6"], ["string", nil], ["license_plate", "HR49VTT"], ["brand", "Mercedes Integro"], ["manufacturing_year", 2003], ["capacity", 73], ["road_tax", "2023-12-10 00:00:00"], ["insurance", "2023-12-22 00:00:00"], ["technical_exam", "2023-10-10 00:00:00"], ["created_at", "2023-10-23 07:45:20.487669"], ["updated_at", "2023-10-23 07:45:20.487669"]]
  [1m[36mTRANSACTION (201.8ms)[0m  [1m[35mCOMMIT[0m
  [1m[36mTRANSACTION (199.1ms)[0m  [1m[35mBEGIN[0m
  [1m[36mCompany Load (202.2ms)[0m  [1m[34mSELECT "companies".* FROM "companies" WHERE "companies"."company_uid" = $1 LIMIT $2[0m  [["company_uid", "CPY_762X6"], ["LIMIT", 1]]
  [1m[36mBus Create (114.1ms)[0m  [1m[32mINSERT INTO "buses" ("bus_uid", "company_uid", "string", "license_plate", "brand", "manufacturing_year", "capacity", "road_tax", "insurance", "technical_exam", "created_at", "updated_at") VALUES ($1, $2, $3, $4, $5, $6, $7, $8, $9, $10, $11, $12) RETURNING "bus_uid"[0m  [["bus_uid", "BUS_RSJ0W"], ["company_uid", "CPY_762X6"], ["string", nil], ["license_plate", "HR22VTT"], ["brand", "Setra S516"], ["manufacturing_year", 2009], ["capacity", 57], ["road_tax", "2024-04-28 00:00:00"], ["insurance", "2024-12-02 00:00:00"], ["technical_exam", "2024-03-03 00:00:00"], ["created_at", "2023-10-23 07:45:21.306799"], ["updated_at", "2023-10-23 07:45:21.306799"]]
  [1m[36mTRANSACTION (183.2ms)[0m  [1m[35mCOMMIT[0m
  [1m[36mTRANSACTION (116.4ms)[0m  [1m[35mBEGIN[0m
  [1m[36mCompany Load (165.1ms)[0m  [1m[34mSELECT "companies".* FROM "companies" WHERE "companies"."company_uid" = $1 LIMIT $2[0m  [["company_uid", "CPY_762X6"], ["LIMIT", 1]]
  [1m[36mBus Create (108.7ms)[0m  [1m[32mINSERT INTO "buses" ("bus_uid", "company_uid", "string", "license_plate", "brand", "manufacturing_year", "capacity", "road_tax", "insurance", "technical_exam", "created_at", "updated_at") VALUES ($1, $2, $3, $4, $5, $6, $7, $8, $9, $10, $11, $12) RETURNING "bus_uid"[0m  [["bus_uid", "BUS_4NKHR"], ["company_uid", "CPY_762X6"], ["string", nil], ["license_plate", "HR56VTT"], ["brand", "Mercedes Vario"], ["manufacturing_year", 2019], ["capacity", 45], ["road_tax", "2024-05-21 00:00:00"], ["insurance", "2023-10-22 00:00:00"], ["technical_exam", "2024-11-08 00:00:00"], ["created_at", "2023-10-23 07:45:21.902027"], ["updated_at", "2023-10-23 07:45:21.902027"]]
  [1m[36mTRANSACTION (161.0ms)[0m  [1m[35mCOMMIT[0m
  [1m[36mTRANSACTION (106.4ms)[0m  [1m[35mBEGIN[0m
  [1m[36mCompany Load (136.2ms)[0m  [1m[34mSELECT "companies".* FROM "companies" WHERE "companies"."company_uid" = $1 LIMIT $2[0m  [["company_uid", "CPY_762X6"], ["LIMIT", 1]]
  [1m[36mBus Create (123.0ms)[0m  [1m[32mINSERT INTO "buses" ("bus_uid", "company_uid", "string", "license_plate", "brand", "manufacturing_year", "capacity", "road_tax", "insurance", "technical_exam", "created_at", "updated_at") VALUES ($1, $2, $3, $4, $5, $6, $7, $8, $9, $10, $11, $12) RETURNING "bus_uid"[0m  [["bus_uid", "BUS_KKUOC"], ["company_uid", "CPY_762X6"], ["string", nil], ["license_plate", "HR67VTT"], ["brand", "Mercedes Vito"], ["manufacturing_year", 2011], ["capacity", 24], ["road_tax", "2024-06-29 00:00:00"], ["insurance", "2024-01-28 00:00:00"], ["technical_exam", "2024-06-11 00:00:00"], ["created_at", "2023-10-23 07:45:22.432974"], ["updated_at", "2023-10-23 07:45:22.432974"]]
  [1m[36mTRANSACTION (172.5ms)[0m  [1m[35mCOMMIT[0m
  [1m[36mTRANSACTION (111.2ms)[0m  [1m[35mBEGIN[0m
  [1m[36mCompany Load (165.5ms)[0m  [1m[34mSELECT "companies".* FROM "companies" WHERE "companies"."company_uid" = $1 LIMIT $2[0m  [["company_uid", "CPY_762X6"], ["LIMIT", 1]]
  [1m[36mBus Create (109.3ms)[0m  [1m[32mINSERT INTO "buses" ("bus_uid", "company_uid", "string", "license_plate", "brand", "manufacturing_year", "capacity", "road_tax", "insurance", "technical_exam", "created_at", "updated_at") VALUES ($1, $2, $3, $4, $5, $6, $7, $8, $9, $10, $11, $12) RETURNING "bus_uid"[0m  [["bus_uid", "BUS_1EZEA"], ["company_uid", "CPY_762X6"], ["string", nil], ["license_plate", "HR12VTT"], ["brand", "Otokar Sultan"], ["manufacturing_year", 2011], ["capacity", 24], ["road_tax", "2024-06-29 00:00:00"], ["insurance", "2024-01-25 00:00:00"], ["technical_exam", "2024-06-11 00:00:00"], ["created_at", "2023-10-23 07:45:23.021897"], ["updated_at", "2023-10-23 07:45:23.021897"]]
  [1m[36mTRANSACTION (213.3ms)[0m  [1m[35mCOMMIT[0m
  [1m[36mTRANSACTION (144.1ms)[0m  [1m[35mBEGIN[0m
  [1m[36mCompany Load (117.0ms)[0m  [1m[34mSELECT "companies".* FROM "companies" WHERE "companies"."company_uid" = $1 LIMIT $2[0m  [["company_uid", "CPY_762X6"], ["LIMIT", 1]]
  [1m[36mBus Create (135.5ms)[0m  [1m[32mINSERT INTO "buses" ("bus_uid", "company_uid", "string", "license_plate", "brand", "manufacturing_year", "capacity", "road_tax", "insurance", "technical_exam", "created_at", "updated_at") VALUES ($1, $2, $3, $4, $5, $6, $7, $8, $9, $10, $11, $12) RETURNING "bus_uid"[0m  [["bus_uid", "BUS_DKJ9U"], ["company_uid", "CPY_762X6"], ["string", nil], ["license_plate", "HR23VTT"], ["brand", "Mercedes Sprinter"], ["manufacturing_year", 2011], ["capacity", 24], ["road_tax", "2024-06-11 00:00:00"], ["insurance", "2024-06-21 00:00:00"], ["technical_exam", "2023-10-11 00:00:00"], ["created_at", "2023-10-23 07:45:23.622180"], ["updated_at", "2023-10-23 07:45:23.622180"]]
  [1m[36mTRANSACTION (205.3ms)[0m  [1m[35mCOMMIT[0m
  [1m[36mTRANSACTION (196.9ms)[0m  [1m[35mBEGIN[0m
  [1m[36mCompany Load (201.9ms)[0m  [1m[34mSELECT "companies".* FROM "companies" WHERE "companies"."company_uid" = $1 LIMIT $2[0m  [["company_uid", "CPY_762X6"], ["LIMIT", 1]]
  [1m[36mBus Create (111.3ms)[0m  [1m[32mINSERT INTO "buses" ("bus_uid", "company_uid", "string", "license_plate", "brand", "manufacturing_year", "capacity", "road_tax", "insurance", "technical_exam", "created_at", "updated_at") VALUES ($1, $2, $3, $4, $5, $6, $7, $8, $9, $10, $11, $12) RETURNING "bus_uid"[0m  [["bus_uid", "BUS_G4885"], ["company_uid", "CPY_762X6"], ["string", nil], ["license_plate", "HR01VTT"], ["brand", "Mercedes Sprinter"], ["manufacturing_year", 2020], ["capacity", 28], ["road_tax", "2024-04-21 00:00:00"], ["insurance", "2024-01-22 00:00:00"], ["technical_exam", "2024-01-23 00:00:00"], ["created_at", "2023-10-23 07:45:24.377762"], ["updated_at", "2023-10-23 07:45:24.377762"]]
  [1m[36mTRANSACTION (187.1ms)[0m  [1m[35mCOMMIT[0m
  [1m[36mCompany Load (202.1ms)[0m  [1m[34mSELECT "companies".* FROM "companies" WHERE "companies"."name" = $1 LIMIT $2[0m  [["name", "PANORAMA TURIST SRL"], ["LIMIT", 1]]
  [1m[36mTRANSACTION (199.7ms)[0m  [1m[35mBEGIN[0m
  [1m[36mCompany Load (201.3ms)[0m  [1m[34mSELECT "companies".* FROM "companies" WHERE "companies"."company_uid" = $1 LIMIT $2[0m  [["company_uid", "CPY_FVC93"], ["LIMIT", 1]]
  [1m[36mBus Create (199.1ms)[0m  [1m[32mINSERT INTO "buses" ("bus_uid", "company_uid", "string", "license_plate", "brand", "manufacturing_year", "capacity", "road_tax", "insurance", "technical_exam", "created_at", "updated_at") VALUES ($1, $2, $3, $4, $5, $6, $7, $8, $9, $10, $11, $12) RETURNING "bus_uid"[0m  [["bus_uid", "BUS_G7KD3"], ["company_uid", "CPY_FVC93"], ["string", nil], ["license_plate", "HR34ERT"], ["brand", "Mercedes Sprinter"], ["manufacturing_year", 2010], ["capacity", 50], ["road_tax", "2024-01-15 00:00:00"], ["insurance", "2024-01-25 00:00:00"], ["technical_exam", "2024-01-05 00:00:00"], ["created_at", "2023-10-23 07:45:25.299138"], ["updated_at", "2023-10-23 07:45:25.299138"]]
  [1m[36mTRANSACTION (201.9ms)[0m  [1m[35mCOMMIT[0m
  [1m[36mTRANSACTION (104.2ms)[0m  [1m[35mBEGIN[0m
  [1m[36mCompany Load (196.2ms)[0m  [1m[34mSELECT "companies".* FROM "companies" WHERE "companies"."company_uid" = $1 LIMIT $2[0m  [["company_uid", "CPY_FVC93"], ["LIMIT", 1]]
  [1m[36mBus Create (122.9ms)[0m  [1m[32mINSERT INTO "buses" ("bus_uid", "company_uid", "string", "license_plate", "brand", "manufacturing_year", "capacity", "road_tax", "insurance", "technical_exam", "created_at", "updated_at") VALUES ($1, $2, $3, $4, $5, $6, $7, $8, $9, $10, $11, $12) RETURNING "bus_uid"[0m  [["bus_uid", "BUS_UV8JC"], ["company_uid", "CPY_FVC93"], ["string", nil], ["license_plate", "HR75RGB"], ["brand", "Mercedes Vario"], ["manufacturing_year", 2012], ["capacity", 55], ["road_tax", "2024-02-15 00:00:00"], ["insurance", "2024-02-25 00:00:00"], ["technical_exam", "2024-02-05 00:00:00"], ["created_at", "2023-10-23 07:45:26.016264"], ["updated_at", "2023-10-23 07:45:26.016264"]]
  [1m[36mTRANSACTION (175.2ms)[0m  [1m[35mCOMMIT[0m
  [1m[36mTRANSACTION (200.0ms)[0m  [1m[35mBEGIN[0m
  [1m[36mCompany Load (201.4ms)[0m  [1m[34mSELECT "companies".* FROM "companies" WHERE "companies"."company_uid" = $1 LIMIT $2[0m  [["company_uid", "CPY_FVC93"], ["LIMIT", 1]]
  [1m[36mBus Create (199.2ms)[0m  [1m[32mINSERT INTO "buses" ("bus_uid", "company_uid", "string", "license_plate", "brand", "manufacturing_year", "capacity", "road_tax", "insurance", "technical_exam", "created_at", "updated_at") VALUES ($1, $2, $3, $4, $5, $6, $7, $8, $9, $10, $11, $12) RETURNING "bus_uid"[0m  [["bus_uid", "BUS_TAPED"], ["company_uid", "CPY_FVC93"], ["string", nil], ["license_plate", "HR23UZI"], ["brand", "Mercedes Vario"], ["manufacturing_year", 2015], ["capacity", 60], ["road_tax", "2024-03-15 00:00:00"], ["insurance", "2024-03-25 00:00:00"], ["technical_exam", "2024-03-05 00:00:00"], ["created_at", "2023-10-23 07:45:26.732633"], ["updated_at", "2023-10-23 07:45:26.732633"]]
  [1m[36mTRANSACTION (201.9ms)[0m  [1m[35mCOMMIT[0m
  [1m[36mTRANSACTION (201.2ms)[0m  [1m[35mBEGIN[0m
  [1m[36mCompany Load (200.7ms)[0m  [1m[34mSELECT "companies".* FROM "companies" WHERE "companies"."company_uid" = $1 LIMIT $2[0m  [["company_uid", "CPY_FVC93"], ["LIMIT", 1]]
  [1m[36mBus Create (198.0ms)[0m  [1m[32mINSERT INTO "buses" ("bus_uid", "company_uid", "string", "license_plate", "brand", "manufacturing_year", "capacity", "road_tax", "insurance", "technical_exam", "created_at", "updated_at") VALUES ($1, $2, $3, $4, $5, $6, $7, $8, $9, $10, $11, $12) RETURNING "bus_uid"[0m  [["bus_uid", "BUS_4SOML"], ["company_uid", "CPY_FVC93"], ["string", nil], ["license_plate", "HR98GHD"], ["brand", "Setra ComfortClass 500"], ["manufacturing_year", 2018], ["capacity", 65], ["road_tax", "2024-04-15 00:00:00"], ["insurance", "2024-04-25 00:00:00"], ["technical_exam", "2024-04-05 00:00:00"], ["created_at", "2023-10-23 07:45:27.553062"], ["updated_at", "2023-10-23 07:45:27.553062"]]
  [1m[36mTRANSACTION (202.4ms)[0m  [1m[35mCOMMIT[0m
  [1m[36mTRANSACTION (199.9ms)[0m  [1m[35mBEGIN[0m
  [1m[36mCompany Load (201.6ms)[0m  [1m[34mSELECT "companies".* FROM "companies" WHERE "companies"."company_uid" = $1 LIMIT $2[0m  [["company_uid", "CPY_FVC93"], ["LIMIT", 1]]
  [1m[36mBus Create (197.7ms)[0m  [1m[32mINSERT INTO "buses" ("bus_uid", "company_uid", "string", "license_plate", "brand", "manufacturing_year", "capacity", "road_tax", "insurance", "technical_exam", "created_at", "updated_at") VALUES ($1, $2, $3, $4, $5, $6, $7, $8, $9, $10, $11, $12) RETURNING "bus_uid"[0m  [["bus_uid", "BUS_G0S3J"], ["company_uid", "CPY_FVC93"], ["string", nil], ["license_plate", "HR56LSA"], ["brand", "Volvo B12B"], ["manufacturing_year", 2014], ["capacity", 70], ["road_tax", "2024-05-15 00:00:00"], ["insurance", "2024-05-25 00:00:00"], ["technical_exam", "2024-05-05 00:00:00"], ["created_at", "2023-10-23 07:45:28.372547"], ["updated_at", "2023-10-23 07:45:28.372547"]]
  [1m[36mTRANSACTION (200.0ms)[0m  [1m[35mCOMMIT[0m
  [1m[36mTRANSACTION (201.1ms)[0m  [1m[35mBEGIN[0m
  [1m[36mCompany Load (201.0ms)[0m  [1m[34mSELECT "companies".* FROM "companies" WHERE "companies"."company_uid" = $1 LIMIT $2[0m  [["company_uid", "CPY_FVC93"], ["LIMIT", 1]]
  [1m[36mBus Create (159.3ms)[0m  [1m[32mINSERT INTO "buses" ("bus_uid", "company_uid", "string", "license_plate", "brand", "manufacturing_year", "capacity", "road_tax", "insurance", "technical_exam", "created_at", "updated_at") VALUES ($1, $2, $3, $4, $5, $6, $7, $8, $9, $10, $11, $12) RETURNING "bus_uid"[0m  [["bus_uid", "BUS_B6CP0"], ["company_uid", "CPY_FVC93"], ["string", nil], ["license_plate", "HR11PAN"], ["brand", "Mercedes Tourismo"], ["manufacturing_year", 2017], ["capacity", 75], ["road_tax", "2024-06-15 00:00:00"], ["insurance", "2024-06-25 00:00:00"], ["technical_exam", "2024-06-05 00:00:00"], ["created_at", "2023-10-23 07:45:29.190370"], ["updated_at", "2023-10-23 07:45:29.190370"]]
  [1m[36mTRANSACTION (119.7ms)[0m  [1m[35mCOMMIT[0m
  [1m[36mTRANSACTION (218.8ms)[0m  [1m[35mBEGIN[0m
  [1m[36mCompany Load (202.0ms)[0m  [1m[34mSELECT "companies".* FROM "companies" WHERE "companies"."company_uid" = $1 LIMIT $2[0m  [["company_uid", "CPY_FVC93"], ["LIMIT", 1]]
  [1m[36mBus Create (120.2ms)[0m  [1m[32mINSERT INTO "buses" ("bus_uid", "company_uid", "string", "license_plate", "brand", "manufacturing_year", "capacity", "road_tax", "insurance", "technical_exam", "created_at", "updated_at") VALUES ($1, $2, $3, $4, $5, $6, $7, $8, $9, $10, $11, $12) RETURNING "bus_uid"[0m  [["bus_uid", "BUS_L895U"], ["company_uid", "CPY_FVC93"], ["string", nil], ["license_plate", "HR14PAN"], ["brand", "Neoplan Starliner"], ["manufacturing_year", 2000], ["capacity", 80], ["road_tax", "2024-07-15 00:00:00"], ["insurance", "2024-07-25 00:00:00"], ["technical_exam", "2024-07-05 00:00:00"], ["created_at", "2023-10-23 07:45:29.909124"], ["updated_at", "2023-10-23 07:45:29.909124"]]
  [1m[36mTRANSACTION (107.5ms)[0m  [1m[35mCOMMIT[0m
  [1m[36mCompany Load (166.9ms)[0m  [1m[34mSELECT "companies".* FROM "companies" WHERE "companies"."name" = $1 LIMIT $2[0m  [["name", "BALINT TRANS SRL"], ["LIMIT", 1]]
  [1m[36mTRANSACTION (199.6ms)[0m  [1m[35mBEGIN[0m
  [1m[36mCompany Load (201.2ms)[0m  [1m[34mSELECT "companies".* FROM "companies" WHERE "companies"."company_uid" = $1 LIMIT $2[0m  [["company_uid", "CPY_SRJ12"], ["LIMIT", 1]]
  [1m[36mBus Create (198.1ms)[0m  [1m[32mINSERT INTO "buses" ("bus_uid", "company_uid", "string", "license_plate", "brand", "manufacturing_year", "capacity", "road_tax", "insurance", "technical_exam", "created_at", "updated_at") VALUES ($1, $2, $3, $4, $5, $6, $7, $8, $9, $10, $11, $12) RETURNING "bus_uid"[0m  [["bus_uid", "BUS_7GP9I"], ["company_uid", "CPY_SRJ12"], ["string", nil], ["license_plate", "MS01CD"], ["brand", "Volvo 9700"], ["manufacturing_year", 2011], ["capacity", 50], ["road_tax", "2024-01-15 00:00:00"], ["insurance", "2024-01-25 00:00:00"], ["technical_exam", "2024-01-05 00:00:00"], ["created_at", "2023-10-23 07:45:30.727163"], ["updated_at", "2023-10-23 07:45:30.727163"]]
  [1m[36mTRANSACTION (102.2ms)[0m  [1m[35mCOMMIT[0m
  [1m[36mTRANSACTION (198.1ms)[0m  [1m[35mBEGIN[0m
  [1m[36mCompany Load (199.6ms)[0m  [1m[34mSELECT "companies".* FROM "companies" WHERE "companies"."company_uid" = $1 LIMIT $2[0m  [["company_uid", "CPY_SRJ12"], ["LIMIT", 1]]
  [1m[36mBus Create (197.6ms)[0m  [1m[32mINSERT INTO "buses" ("bus_uid", "company_uid", "string", "license_plate", "brand", "manufacturing_year", "capacity", "road_tax", "insurance", "technical_exam", "created_at", "updated_at") VALUES ($1, $2, $3, $4, $5, $6, $7, $8, $9, $10, $11, $12) RETURNING "bus_uid"[0m  [["bus_uid", "BUS_R5XSL"], ["company_uid", "CPY_SRJ12"], ["string", nil], ["license_plate", "MS23OUP"], ["brand", "MAN Lion's Intercity"], ["manufacturing_year", 2013], ["capacity", 55], ["road_tax", "2024-02-15 00:00:00"], ["insurance", "2024-02-25 00:00:00"], ["technical_exam", "2024-02-05 00:00:00"], ["created_at", "2023-10-23 07:45:31.444142"], ["updated_at", "2023-10-23 07:45:31.444142"]]
  [1m[36mTRANSACTION (201.4ms)[0m  [1m[35mCOMMIT[0m
  [1m[36mTRANSACTION (199.2ms)[0m  [1m[35mBEGIN[0m
  [1m[36mCompany Load (200.4ms)[0m  [1m[34mSELECT "companies".* FROM "companies" WHERE "companies"."company_uid" = $1 LIMIT $2[0m  [["company_uid", "CPY_SRJ12"], ["LIMIT", 1]]
  [1m[36mBus Create (198.2ms)[0m  [1m[32mINSERT INTO "buses" ("bus_uid", "company_uid", "string", "license_plate", "brand", "manufacturing_year", "capacity", "road_tax", "insurance", "technical_exam", "created_at", "updated_at") VALUES ($1, $2, $3, $4, $5, $6, $7, $8, $9, $10, $11, $12) RETURNING "bus_uid"[0m  [["bus_uid", "BUS_O7H4R"], ["company_uid", "CPY_SRJ12"], ["string", nil], ["license_plate", "MS65BTS"], ["brand", "Scania Touring"], ["manufacturing_year", 2006], ["capacity", 60], ["road_tax", "2024-03-15 00:00:00"], ["insurance", "2024-03-25 00:00:00"], ["technical_exam", "2024-03-05 00:00:00"], ["created_at", "2023-10-23 07:45:32.262591"], ["updated_at", "2023-10-23 07:45:32.262591"]]
  [1m[36mTRANSACTION (200.5ms)[0m  [1m[35mCOMMIT[0m
  [1m[36mTRANSACTION (203.9ms)[0m  [1m[35mBEGIN[0m
  [1m[36mCompany Load (197.9ms)[0m  [1m[34mSELECT "companies".* FROM "companies" WHERE "companies"."company_uid" = $1 LIMIT $2[0m  [["company_uid", "CPY_SRJ12"], ["LIMIT", 1]]
  [1m[36mBus Create (198.1ms)[0m  [1m[32mINSERT INTO "buses" ("bus_uid", "company_uid", "string", "license_plate", "brand", "manufacturing_year", "capacity", "road_tax", "insurance", "technical_exam", "created_at", "updated_at") VALUES ($1, $2, $3, $4, $5, $6, $7, $8, $9, $10, $11, $12) RETURNING "bus_uid"[0m  [["bus_uid", "BUS_AYC8B"], ["company_uid", "CPY_SRJ12"], ["string", nil], ["license_plate", "MS74BTS"], ["brand", "Volvo B12B"], ["manufacturing_year", 2009], ["capacity", 65], ["road_tax", "2024-04-15 00:00:00"], ["insurance", "2024-04-25 00:00:00"], ["technical_exam", "2024-04-05 00:00:00"], ["created_at", "2023-10-23 07:45:33.082255"], ["updated_at", "2023-10-23 07:45:33.082255"]]
  [1m[36mTRANSACTION (203.2ms)[0m  [1m[35mCOMMIT[0m
  [1m[36mTRANSACTION (198.1ms)[0m  [1m[35mBEGIN[0m
  [1m[36mCompany Load (303.9ms)[0m  [1m[34mSELECT "companies".* FROM "companies" WHERE "companies"."company_uid" = $1 LIMIT $2[0m  [["company_uid", "CPY_SRJ12"], ["LIMIT", 1]]
  [1m[36mBus Create (197.5ms)[0m  [1m[32mINSERT INTO "buses" ("bus_uid", "company_uid", "string", "license_plate", "brand", "manufacturing_year", "capacity", "road_tax", "insurance", "technical_exam", "created_at", "updated_at") VALUES ($1, $2, $3, $4, $5, $6, $7, $8, $9, $10, $11, $12) RETURNING "bus_uid"[0m  [["bus_uid", "BUS_1NCPJ"], ["company_uid", "CPY_SRJ12"], ["string", nil], ["license_plate", "MS99WEQ"], ["brand", "Volvo B12B"], ["manufacturing_year", 2014], ["capacity", 70], ["road_tax", "2024-05-15 00:00:00"], ["insurance", "2024-05-25 00:00:00"], ["technical_exam", "2024-05-05 00:00:00"], ["created_at", "2023-10-23 07:45:34.004391"], ["updated_at", "2023-10-23 07:45:34.004391"]]
  [1m[36mTRANSACTION (200.2ms)[0m  [1m[35mCOMMIT[0m
  [1m[36mTRANSACTION (202.6ms)[0m  [1m[35mBEGIN[0m
  [1m[36mCompany Load (199.9ms)[0m  [1m[34mSELECT "companies".* FROM "companies" WHERE "companies"."company_uid" = $1 LIMIT $2[0m  [["company_uid", "CPY_SRJ12"], ["LIMIT", 1]]
  [1m[36mBus Create (198.0ms)[0m  [1m[32mINSERT INTO "buses" ("bus_uid", "company_uid", "string", "license_plate", "brand", "manufacturing_year", "capacity", "road_tax", "insurance", "technical_exam", "created_at", "updated_at") VALUES ($1, $2, $3, $4, $5, $6, $7, $8, $9, $10, $11, $12) RETURNING "bus_uid"[0m  [["bus_uid", "BUS_GEBSU"], ["company_uid", "CPY_SRJ12"], ["string", nil], ["license_plate", "MS34ALM"], ["brand", "Mercedes Tourismo"], ["manufacturing_year", 2000], ["capacity", 75], ["road_tax", "2024-06-15 00:00:00"], ["insurance", "2024-06-25 00:00:00"], ["technical_exam", "2024-06-05 00:00:00"], ["created_at", "2023-10-23 07:45:34.822956"], ["updated_at", "2023-10-23 07:45:34.822956"]]
  [1m[36mTRANSACTION (202.8ms)[0m  [1m[35mCOMMIT[0m
  [1m[36mTRANSACTION (106.1ms)[0m  [1m[35mBEGIN[0m
  [1m[36mCompany Load (191.0ms)[0m  [1m[34mSELECT "companies".* FROM "companies" WHERE "companies"."company_uid" = $1 LIMIT $2[0m  [["company_uid", "CPY_SRJ12"], ["LIMIT", 1]]
  [1m[36mBus Create (198.4ms)[0m  [1m[32mINSERT INTO "buses" ("bus_uid", "company_uid", "string", "license_plate", "brand", "manufacturing_year", "capacity", "road_tax", "insurance", "technical_exam", "created_at", "updated_at") VALUES ($1, $2, $3, $4, $5, $6, $7, $8, $9, $10, $11, $12) RETURNING "bus_uid"[0m  [["bus_uid", "BUS_ER5HX"], ["company_uid", "CPY_SRJ12"], ["string", nil], ["license_plate", "MS66ALMROM"], ["brand", "Mercedes Tourismo"], ["manufacturing_year", 2019], ["capacity", 80], ["road_tax", "2024-07-15 00:00:00"], ["insurance", "2024-07-25 00:00:00"], ["technical_exam", "2024-07-05 00:00:00"], ["created_at", "2023-10-23 07:45:35.539016"], ["updated_at", "2023-10-23 07:45:35.539016"]]
  [1m[36mTRANSACTION (108.2ms)[0m  [1m[35mCOMMIT[0m
  [1m[36mCompany Load (103.4ms)[0m  [1m[34mSELECT "companies".* FROM "companies" WHERE "companies"."name" = $1 LIMIT $2[0m  [["name", "TRANSPORT LOCAL SA"], ["LIMIT", 1]]
  [1m[36mTRANSACTION (106.8ms)[0m  [1m[35mBEGIN[0m
  [1m[36mCompany Load (177.4ms)[0m  [1m[34mSELECT "companies".* FROM "companies" WHERE "companies"."company_uid" = $1 LIMIT $2[0m  [["company_uid", "CPY_8Q421"], ["LIMIT", 1]]
  [1m[36mBus Create (197.5ms)[0m  [1m[32mINSERT INTO "buses" ("bus_uid", "company_uid", "string", "license_plate", "brand", "manufacturing_year", "capacity", "road_tax", "insurance", "technical_exam", "created_at", "updated_at") VALUES ($1, $2, $3, $4, $5, $6, $7, $8, $9, $10, $11, $12) RETURNING "bus_uid"[0m  [["bus_uid", "BUS_Y6UJ3"], ["company_uid", "CPY_8Q421"], ["string", nil], ["license_plate", "MS23TGM"], ["brand", "Volvo 9700"], ["manufacturing_year", 2010], ["capacity", 50], ["road_tax", "2024-01-15 00:00:00"], ["insurance", "2024-01-25 00:00:00"], ["technical_exam", "2024-01-05 00:00:00"], ["created_at", "2023-10-23 07:45:36.256756"], ["updated_at", "2023-10-23 07:45:36.256756"]]
  [1m[36mTRANSACTION (201.5ms)[0m  [1m[35mCOMMIT[0m
  [1m[36mTRANSACTION (200.6ms)[0m  [1m[35mBEGIN[0m
  [1m[36mCompany Load (110.5ms)[0m  [1m[34mSELECT "companies".* FROM "companies" WHERE "companies"."company_uid" = $1 LIMIT $2[0m  [["company_uid", "CPY_8Q421"], ["LIMIT", 1]]
  [1m[36mBus Create (113.2ms)[0m  [1m[32mINSERT INTO "buses" ("bus_uid", "company_uid", "string", "license_plate", "brand", "manufacturing_year", "capacity", "road_tax", "insurance", "technical_exam", "created_at", "updated_at") VALUES ($1, $2, $3, $4, $5, $6, $7, $8, $9, $10, $11, $12) RETURNING "bus_uid"[0m  [["bus_uid", "BUS_BQIV7"], ["company_uid", "CPY_8Q421"], ["string", nil], ["license_plate", "MS34TGM"], ["brand", "MAN Lion's Intercity"], ["manufacturing_year", 2012], ["capacity", 55], ["road_tax", "2024-02-15 00:00:00"], ["insurance", "2024-02-25 00:00:00"], ["technical_exam", "2024-02-05 00:00:00"], ["created_at", "2023-10-23 07:45:36.984316"], ["updated_at", "2023-10-23 07:45:36.984316"]]
  [1m[36mTRANSACTION (110.9ms)[0m  [1m[35mCOMMIT[0m
  [1m[36mTRANSACTION (102.6ms)[0m  [1m[35mBEGIN[0m
  [1m[36mCompany Load (119.0ms)[0m  [1m[34mSELECT "companies".* FROM "companies" WHERE "companies"."company_uid" = $1 LIMIT $2[0m  [["company_uid", "CPY_8Q421"], ["LIMIT", 1]]
  [1m[36mBus Create (132.5ms)[0m  [1m[32mINSERT INTO "buses" ("bus_uid", "company_uid", "string", "license_plate", "brand", "manufacturing_year", "capacity", "road_tax", "insurance", "technical_exam", "created_at", "updated_at") VALUES ($1, $2, $3, $4, $5, $6, $7, $8, $9, $10, $11, $12) RETURNING "bus_uid"[0m  [["bus_uid", "BUS_RCREA"], ["company_uid", "CPY_8Q421"], ["string", nil], ["license_plate", "MS98TGM"], ["brand", "Mercedes Integro"], ["manufacturing_year", 2015], ["capacity", 60], ["road_tax", "2024-03-15 00:00:00"], ["insurance", "2024-03-25 00:00:00"], ["technical_exam", "2024-03-05 00:00:00"], ["created_at", "2023-10-23 07:45:37.448210"], ["updated_at", "2023-10-23 07:45:37.448210"]]
  [1m[36mTRANSACTION (114.4ms)[0m  [1m[35mCOMMIT[0m
  [1m[36mTRANSACTION (106.7ms)[0m  [1m[35mBEGIN[0m
  [1m[36mCompany Load (105.8ms)[0m  [1m[34mSELECT "companies".* FROM "companies" WHERE "companies"."company_uid" = $1 LIMIT $2[0m  [["company_uid", "CPY_8Q421"], ["LIMIT", 1]]
  [1m[36mBus Create (111.6ms)[0m  [1m[32mINSERT INTO "buses" ("bus_uid", "company_uid", "string", "license_plate", "brand", "manufacturing_year", "capacity", "road_tax", "insurance", "technical_exam", "created_at", "updated_at") VALUES ($1, $2, $3, $4, $5, $6, $7, $8, $9, $10, $11, $12) RETURNING "bus_uid"[0m  [["bus_uid", "BUS_KJ18N"], ["company_uid", "CPY_8Q421"], ["string", nil], ["license_plate", "MS12TGM"], ["brand", "Mercedes Integro"], ["manufacturing_year", 2011], ["capacity", 65], ["road_tax", "2024-04-15 00:00:00"], ["insurance", "2024-04-25 00:00:00"], ["technical_exam", "2024-04-05 00:00:00"], ["created_at", "2023-10-23 07:45:37.925660"], ["updated_at", "2023-10-23 07:45:37.925660"]]
  [1m[36mTRANSACTION (154.3ms)[0m  [1m[35mCOMMIT[0m
  [1m[36mTRANSACTION (106.4ms)[0m  [1m[35mBEGIN[0m
  [1m[36mCompany Load (169.4ms)[0m  [1m[34mSELECT "companies".* FROM "companies" WHERE "companies"."company_uid" = $1 LIMIT $2[0m  [["company_uid", "CPY_8Q421"], ["LIMIT", 1]]
  [1m[36mBus Create (119.1ms)[0m  [1m[32mINSERT INTO "buses" ("bus_uid", "company_uid", "string", "license_plate", "brand", "manufacturing_year", "capacity", "road_tax", "insurance", "technical_exam", "created_at", "updated_at") VALUES ($1, $2, $3, $4, $5, $6, $7, $8, $9, $10, $11, $12) RETURNING "bus_uid"[0m  [["bus_uid", "BUS_ELCNX"], ["company_uid", "CPY_8Q421"], ["string", nil], ["license_plate", "MS23MUI"], ["brand", "Volvo B12B"], ["manufacturing_year", 2011], ["capacity", 70], ["road_tax", "2024-05-15 00:00:00"], ["insurance", "2024-05-25 00:00:00"], ["technical_exam", "2024-05-05 00:00:00"], ["created_at", "2023-10-23 07:45:38.486586"], ["updated_at", "2023-10-23 07:45:38.486586"]]
  [1m[36mTRANSACTION (199.0ms)[0m  [1m[35mCOMMIT[0m
  [1m[36mTRANSACTION (95.6ms)[0m  [1m[35mBEGIN[0m
  [1m[36mCompany Load (104.7ms)[0m  [1m[34mSELECT "companies".* FROM "companies" WHERE "companies"."company_uid" = $1 LIMIT $2[0m  [["company_uid", "CPY_8Q421"], ["LIMIT", 1]]
  [1m[36mBus Create (196.1ms)[0m  [1m[32mINSERT INTO "buses" ("bus_uid", "company_uid", "string", "license_plate", "brand", "manufacturing_year", "capacity", "road_tax", "insurance", "technical_exam", "created_at", "updated_at") VALUES ($1, $2, $3, $4, $5, $6, $7, $8, $9, $10, $11, $12) RETURNING "bus_uid"[0m  [["bus_uid", "BUS_7310W"], ["company_uid", "CPY_8Q421"], ["string", nil], ["license_plate", "MS22UZI"], ["brand", "Mercedes Tourismo"], ["manufacturing_year", 2017], ["capacity", 75], ["road_tax", "2024-06-15 00:00:00"], ["insurance", "2024-06-25 00:00:00"], ["technical_exam", "2024-06-05 00:00:00"], ["created_at", "2023-10-23 07:45:39.024405"], ["updated_at", "2023-10-23 07:45:39.024405"]]
  [1m[36mTRANSACTION (198.6ms)[0m  [1m[35mCOMMIT[0m
  [1m[36mTRANSACTION (203.4ms)[0m  [1m[35mBEGIN[0m
  [1m[36mCompany Load (198.9ms)[0m  [1m[34mSELECT "companies".* FROM "companies" WHERE "companies"."company_uid" = $1 LIMIT $2[0m  [["company_uid", "CPY_8Q421"], ["LIMIT", 1]]
  [1m[36mBus Create (115.0ms)[0m  [1m[32mINSERT INTO "buses" ("bus_uid", "company_uid", "string", "license_plate", "brand", "manufacturing_year", "capacity", "road_tax", "insurance", "technical_exam", "created_at", "updated_at") VALUES ($1, $2, $3, $4, $5, $6, $7, $8, $9, $10, $11, $12) RETURNING "bus_uid"[0m  [["bus_uid", "BUS_MGATP"], ["company_uid", "CPY_8Q421"], ["string", nil], ["license_plate", "MS33ALS"], ["brand", "Neoplan Starliner"], ["manufacturing_year", 2019], ["capacity", 80], ["road_tax", "2024-01-15 00:00:00"], ["insurance", "2024-07-25 00:00:00"], ["technical_exam", "2024-07-05 00:00:00"], ["created_at", "2023-10-23 07:45:39.840641"], ["updated_at", "2023-10-23 07:45:39.840641"]]
  [1m[36mTRANSACTION (181.2ms)[0m  [1m[35mCOMMIT[0m
  [1m[36mTRANSACTION (152.1ms)[0m  [1m[35mBEGIN[0m
  [1m[36mCompany Load (200.0ms)[0m  [1m[34mSELECT "companies".* FROM "companies" WHERE "companies"."company_uid" = $1 LIMIT $2[0m  [["company_uid", "CPY_762X6"], ["LIMIT", 1]]
  [1m[36mAdmin Create (198.4ms)[0m  [1m[32mINSERT INTO "admins" ("provider", "admin_uid", "encrypted_password", "reset_password_token", "reset_password_sent_at", "allow_password_change", "remember_created_at", "confirmation_token", "confirmed_at", "confirmation_sent_at", "unconfirmed_email", "email", "firstname", "lastname", "nickname", "role", "phone_number", "address", "company_uid", "tokens", "created_at", "updated_at") VALUES ($1, $2, $3, $4, $5, $6, $7, $8, $9, $10, $11, $12, $13, $14, $15, $16, $17, $18, $19, $20, $21, $22)[0m  [["provider", "email"], ["admin_uid", "ADM_S1H3A"], ["encrypted_password", "[FILTERED]"], ["reset_password_token", "[FILTERED]"], ["reset_password_sent_at", "[FILTERED]"], ["allow_password_change", "[FILTERED]"], ["remember_created_at", nil], ["confirmation_token", "[FILTERED]"], ["confirmed_at", nil], ["confirmation_sent_at", nil], ["unconfirmed_email", nil], ["email", "office@vandortrans.ro"], ["firstname", "Elemér"], ["lastname", "Kecskeméti"], ["nickname", nil], ["role", "boss"], ["phone_number", "0728493883"], ["address", "Com. Joseni str. Principala nr. 19"], ["company_uid", "CPY_762X6"], ["tokens", "[FILTERED]"], ["created_at", "2023-10-23 07:45:41.170411"], ["updated_at", "2023-10-23 07:45:41.170411"]]
  [1m[36mTRANSACTION (146.3ms)[0m  [1m[35mCOMMIT[0m
  [1m[36mTRANSACTION (166.0ms)[0m  [1m[35mBEGIN[0m
  [1m[36mCompany Load (107.1ms)[0m  [1m[34mSELECT "companies".* FROM "companies" WHERE "companies"."company_uid" = $1 LIMIT $2[0m  [["company_uid", "CPY_762X6"], ["LIMIT", 1]]
  [1m[36mAdmin Create (164.5ms)[0m  [1m[32mINSERT INTO "admins" ("provider", "admin_uid", "encrypted_password", "reset_password_token", "reset_password_sent_at", "allow_password_change", "remember_created_at", "confirmation_token", "confirmed_at", "confirmation_sent_at", "unconfirmed_email", "email", "firstname", "lastname", "nickname", "role", "phone_number", "address", "company_uid", "tokens", "created_at", "updated_at") VALUES ($1, $2, $3, $4, $5, $6, $7, $8, $9, $10, $11, $12, $13, $14, $15, $16, $17, $18, $19, $20, $21, $22)[0m  [["provider", "email"], ["admin_uid", "ADM_KUW0J"], ["encrypted_password", "[FILTERED]"], ["reset_password_token", "[FILTERED]"], ["reset_password_sent_at", "[FILTERED]"], ["allow_password_change", "[FILTERED]"], ["remember_created_at", nil], ["confirmation_token", "[FILTERED]"], ["confirmed_at", nil], ["confirmation_sent_at", nil], ["unconfirmed_email", nil], ["email", "hompoth.krisztian@gmail.com"], ["firstname", "Krisztián"], ["lastname", "Orsós"], ["nickname", nil], ["role", "manager"], ["phone_number", "0761837888"], ["address", "Com. Joseni str. Faluköze nr. 1"], ["company_uid", "CPY_762X6"], ["tokens", "[FILTERED]"], ["created_at", "2023-10-23 07:45:42.202194"], ["updated_at", "2023-10-23 07:45:42.202194"]]
  [1m[36mTRANSACTION (118.1ms)[0m  [1m[35mCOMMIT[0m
  [1m[36mTRANSACTION (112.7ms)[0m  [1m[35mBEGIN[0m
  [1m[36mCompany Load (173.9ms)[0m  [1m[34mSELECT "companies".* FROM "companies" WHERE "companies"."company_uid" = $1 LIMIT $2[0m  [["company_uid", "CPY_762X6"], ["LIMIT", 1]]
  [1m[36mAdmin Create (134.1ms)[0m  [1m[32mINSERT INTO "admins" ("provider", "admin_uid", "encrypted_password", "reset_password_token", "reset_password_sent_at", "allow_password_change", "remember_created_at", "confirmation_token", "confirmed_at", "confirmation_sent_at", "unconfirmed_email", "email", "firstname", "lastname", "nickname", "role", "phone_number", "address", "company_uid", "tokens", "created_at", "updated_at") VALUES ($1, $2, $3, $4, $5, $6, $7, $8, $9, $10, $11, $12, $13, $14, $15, $16, $17, $18, $19, $20, $21, $22)[0m  [["provider", "email"], ["admin_uid", "ADM_UOWHP"], ["encrypted_password", "[FILTERED]"], ["reset_password_token", "[FILTERED]"], ["reset_password_sent_at", "[FILTERED]"], ["allow_password_change", "[FILTERED]"], ["remember_created_at", nil], ["confirmation_token", "[FILTERED]"], ["confirmed_at", nil], ["confirmation_sent_at", nil], ["unconfirmed_email", nil], ["email", "csatabela@gmail.com"], ["firstname", "Béla"], ["lastname", "Csata"], ["nickname", nil], ["role", "driver"], ["phone_number", "0752358475"], ["address", "Mun. Gheorgheni str. Ghindei nr. 1"], ["company_uid", "CPY_762X6"], ["tokens", "[FILTERED]"], ["created_at", "2023-10-23 07:45:43.180909"], ["updated_at", "2023-10-23 07:45:43.180909"]]
  [1m[36mTRANSACTION (201.8ms)[0m  [1m[35mCOMMIT[0m
  [1m[36mTRANSACTION (208.8ms)[0m  [1m[35mBEGIN[0m
  [1m[36mCompany Load (201.8ms)[0m  [1m[34mSELECT "companies".* FROM "companies" WHERE "companies"."company_uid" = $1 LIMIT $2[0m  [["company_uid", "CPY_762X6"], ["LIMIT", 1]]
  [1m[36mAdmin Create (189.8ms)[0m  [1m[32mINSERT INTO "admins" ("provider", "admin_uid", "encrypted_password", "reset_password_token", "reset_password_sent_at", "allow_password_change", "remember_created_at", "confirmation_token", "confirmed_at", "confirmation_sent_at", "unconfirmed_email", "email", "firstname", "lastname", "nickname", "role", "phone_number", "address", "company_uid", "tokens", "created_at", "updated_at") VALUES ($1, $2, $3, $4, $5, $6, $7, $8, $9, $10, $11, $12, $13, $14, $15, $16, $17, $18, $19, $20, $21, $22)[0m  [["provider", "email"], ["admin_uid", "ADM_AMXS8"], ["encrypted_password", "[FILTERED]"], ["reset_password_token", "[FILTERED]"], ["reset_password_sent_at", "[FILTERED]"], ["allow_password_change", "[FILTERED]"], ["remember_created_at", nil], ["confirmation_token", "[FILTERED]"], ["confirmed_at", nil], ["confirmation_sent_at", nil], ["unconfirmed_email", nil], ["email", "magdi92@gmail.com"], ["firstname", "Magdolna"], ["lastname", "Kovács"], ["nickname", nil], ["role", "driver"], ["phone_number", "0739489586"], ["address", "Mun. Gheorgheni str. Stadionului nr. 4"], ["company_uid", "CPY_762X6"], ["tokens", "[FILTERED]"], ["created_at", "2023-10-23 07:45:44.345128"], ["updated_at", "2023-10-23 07:45:44.345128"]]
  [1m[36mTRANSACTION (118.7ms)[0m  [1m[35mCOMMIT[0m
  [1m[36mTRANSACTION (202.8ms)[0m  [1m[35mBEGIN[0m
  [1m[36mCompany Load (201.7ms)[0m  [1m[34mSELECT "companies".* FROM "companies" WHERE "companies"."company_uid" = $1 LIMIT $2[0m  [["company_uid", "CPY_762X6"], ["LIMIT", 1]]
  [1m[36mAdmin Create (201.4ms)[0m  [1m[32mINSERT INTO "admins" ("provider", "admin_uid", "encrypted_password", "reset_password_token", "reset_password_sent_at", "allow_password_change", "remember_created_at", "confirmation_token", "confirmed_at", "confirmation_sent_at", "unconfirmed_email", "email", "firstname", "lastname", "nickname", "role", "phone_number", "address", "company_uid", "tokens", "created_at", "updated_at") VALUES ($1, $2, $3, $4, $5, $6, $7, $8, $9, $10, $11, $12, $13, $14, $15, $16, $17, $18, $19, $20, $21, $22)[0m  [["provider", "email"], ["admin_uid", "ADM_S2BS2"], ["encrypted_password", "[FILTERED]"], ["reset_password_token", "[FILTERED]"], ["reset_password_sent_at", "[FILTERED]"], ["allow_password_change", "[FILTERED]"], ["remember_created_at", nil], ["confirmation_token", "[FILTERED]"], ["confirmed_at", nil], ["confirmation_sent_at", nil], ["unconfirmed_email", nil], ["email", "orsospista11@gmail.com"], ["firstname", "István"], ["lastname", "Orsós"], ["nickname", nil], ["role", "driver"], ["phone_number", "0755928111"], ["address", "Com. Ciumani str. Inczelaka nr. 1398"], ["company_uid", "CPY_762X6"], ["tokens", "[FILTERED]"], ["created_at", "2023-10-23 07:45:45.470802"], ["updated_at", "2023-10-23 07:45:45.470802"]]
  [1m[36mTRANSACTION (198.9ms)[0m  [1m[35mCOMMIT[0m
  [1m[36mTRANSACTION (103.3ms)[0m  [1m[35mBEGIN[0m
  [1m[36mCompany Load (208.9ms)[0m  [1m[34mSELECT "companies".* FROM "companies" WHERE "companies"."company_uid" = $1 LIMIT $2[0m  [["company_uid", "CPY_762X6"], ["LIMIT", 1]]
  [1m[36mAdmin Create (199.1ms)[0m  [1m[32mINSERT INTO "admins" ("provider", "admin_uid", "encrypted_password", "reset_password_token", "reset_password_sent_at", "allow_password_change", "remember_created_at", "confirmation_token", "confirmed_at", "confirmation_sent_at", "unconfirmed_email", "email", "firstname", "lastname", "nickname", "role", "phone_number", "address", "company_uid", "tokens", "created_at", "updated_at") VALUES ($1, $2, $3, $4, $5, $6, $7, $8, $9, $10, $11, $12, $13, $14, $15, $16, $17, $18, $19, $20, $21, $22)[0m  [["provider", "email"], ["admin_uid", "ADM_8FAA9"], ["encrypted_password", "[FILTERED]"], ["reset_password_token", "[FILTERED]"], ["reset_password_sent_at", "[FILTERED]"], ["allow_password_change", "[FILTERED]"], ["remember_created_at", nil], ["confirmation_token", "[FILTERED]"], ["confirmed_at", nil], ["confirmation_sent_at", nil], ["unconfirmed_email", nil], ["email", "ninjanarch@yahoo.com"], ["firstname", "Iván"], ["lastname", "Elekes"], ["nickname", nil], ["role", "driver"], ["phone_number", "0724889734"], ["address", "Com. Ciumani str. Principala nr. 12"], ["company_uid", "CPY_762X6"], ["tokens", "[FILTERED]"], ["created_at", "2023-10-23 07:45:46.597291"], ["updated_at", "2023-10-23 07:45:46.597291"]]
  [1m[36mTRANSACTION (201.6ms)[0m  [1m[35mCOMMIT[0m
  [1m[36mTRANSACTION (217.3ms)[0m  [1m[35mBEGIN[0m
  [1m[36mCompany Load (202.6ms)[0m  [1m[34mSELECT "companies".* FROM "companies" WHERE "companies"."company_uid" = $1 LIMIT $2[0m  [["company_uid", "CPY_762X6"], ["LIMIT", 1]]
  [1m[36mAdmin Create (197.7ms)[0m  [1m[32mINSERT INTO "admins" ("provider", "admin_uid", "encrypted_password", "reset_password_token", "reset_password_sent_at", "allow_password_change", "remember_created_at", "confirmation_token", "confirmed_at", "confirmation_sent_at", "unconfirmed_email", "email", "firstname", "lastname", "nickname", "role", "phone_number", "address", "company_uid", "tokens", "created_at", "updated_at") VALUES ($1, $2, $3, $4, $5, $6, $7, $8, $9, $10, $11, $12, $13, $14, $15, $16, $17, $18, $19, $20, $21, $22)[0m  [["provider", "email"], ["admin_uid", "ADM_EVV2X"], ["encrypted_password", "[FILTERED]"], ["reset_password_token", "[FILTERED]"], ["reset_password_sent_at", "[FILTERED]"], ["allow_password_change", "[FILTERED]"], ["remember_created_at", nil], ["confirmation_token", "[FILTERED]"], ["confirmed_at", nil], ["confirmation_sent_at", nil], ["unconfirmed_email", nil], ["email", "karoly_elekes@gmail.com"], ["firstname", "Károly"], ["lastname", "Elekes"], ["nickname", nil], ["role", "driver"], ["phone_number", "0745399324"], ["address", "Com. Suseni str. Kéthíd nr. 198"], ["company_uid", "CPY_762X6"], ["tokens", "[FILTERED]"], ["created_at", "2023-10-23 07:45:47.827542"], ["updated_at", "2023-10-23 07:45:47.827542"]]
  [1m[36mTRANSACTION (201.7ms)[0m  [1m[35mCOMMIT[0m
  [1m[36mTRANSACTION (215.6ms)[0m  [1m[35mBEGIN[0m
  [1m[36mCompany Load (199.9ms)[0m  [1m[34mSELECT "companies".* FROM "companies" WHERE "companies"."company_uid" = $1 LIMIT $2[0m  [["company_uid", "CPY_SRJ12"], ["LIMIT", 1]]
  [1m[36mAdmin Create (198.9ms)[0m  [1m[32mINSERT INTO "admins" ("provider", "admin_uid", "encrypted_password", "reset_password_token", "reset_password_sent_at", "allow_password_change", "remember_created_at", "confirmation_token", "confirmed_at", "confirmation_sent_at", "unconfirmed_email", "email", "firstname", "lastname", "nickname", "role", "phone_number", "address", "company_uid", "tokens", "created_at", "updated_at") VALUES ($1, $2, $3, $4, $5, $6, $7, $8, $9, $10, $11, $12, $13, $14, $15, $16, $17, $18, $19, $20, $21, $22)[0m  [["provider", "email"], ["admin_uid", "ADM_X4O2N"], ["encrypted_password", "[FILTERED]"], ["reset_password_token", "[FILTERED]"], ["reset_password_sent_at", "[FILTERED]"], ["allow_password_change", "[FILTERED]"], ["remember_created_at", nil], ["confirmation_token", "[FILTERED]"], ["confirmed_at", nil], ["confirmation_sent_at", nil], ["unconfirmed_email", nil], ["email", "office@balinttrans.ro"], ["firstname", "Elemér"], ["lastname", "Kecskeméti"], ["nickname", nil], ["role", "boss"], ["phone_number", "0728493883"], ["address", "Com. Joseni str. Principala nr. 19"], ["company_uid", "CPY_SRJ12"], ["tokens", "[FILTERED]"], ["created_at", "2023-10-23 07:45:49.054996"], ["updated_at", "2023-10-23 07:45:49.054996"]]
  [1m[36mTRANSACTION (200.9ms)[0m  [1m[35mCOMMIT[0m
  [1m[36mTRANSACTION (215.1ms)[0m  [1m[35mBEGIN[0m
  [1m[36mCompany Load (203.0ms)[0m  [1m[34mSELECT "companies".* FROM "companies" WHERE "companies"."company_uid" = $1 LIMIT $2[0m  [["company_uid", "CPY_SRJ12"], ["LIMIT", 1]]
  [1m[36mAdmin Create (199.1ms)[0m  [1m[32mINSERT INTO "admins" ("provider", "admin_uid", "encrypted_password", "reset_password_token", "reset_password_sent_at", "allow_password_change", "remember_created_at", "confirmation_token", "confirmed_at", "confirmation_sent_at", "unconfirmed_email", "email", "firstname", "lastname", "nickname", "role", "phone_number", "address", "company_uid", "tokens", "created_at", "updated_at") VALUES ($1, $2, $3, $4, $5, $6, $7, $8, $9, $10, $11, $12, $13, $14, $15, $16, $17, $18, $19, $20, $21, $22)[0m  [["provider", "email"], ["admin_uid", "ADM_S1140"], ["encrypted_password", "[FILTERED]"], ["reset_password_token", "[FILTERED]"], ["reset_password_sent_at", "[FILTERED]"], ["allow_password_change", "[FILTERED]"], ["remember_created_at", nil], ["confirmation_token", "[FILTERED]"], ["confirmed_at", nil], ["confirmation_sent_at", nil], ["unconfirmed_email", nil], ["email", "hompoth.krisztian@gmail.com"], ["firstname", "Krisztián"], ["lastname", "Orsós"], ["nickname", nil], ["role", "manager"], ["phone_number", "0761837888"], ["address", "Com. Joseni str. Faluköze nr. 1"], ["company_uid", "CPY_SRJ12"], ["tokens", "[FILTERED]"], ["created_at", "2023-10-23 07:45:50.285057"], ["updated_at", "2023-10-23 07:45:50.285057"]]
  [1m[36mTRANSACTION (109.4ms)[0m  [1m[31mROLLBACK[0m
  [1m[36mActiveRecord::SchemaMigration Pluck (177.6ms)[0m  [1m[34mSELECT "schema_migrations"."version" FROM "schema_migrations" ORDER BY "schema_migrations"."version" ASC[0m
  [1m[36mActiveRecord::InternalMetadata Pluck (102.3ms)[0m  [1m[34mSELECT "ar_internal_metadata"."value" FROM "ar_internal_metadata" WHERE "ar_internal_metadata"."key" = $1 LIMIT $2[0m  [["key", "environment"], ["LIMIT", 1]]
  [1m[36mActiveRecord::SchemaMigration Pluck (195.3ms)[0m  [1m[34mSELECT "schema_migrations"."version" FROM "schema_migrations" ORDER BY "schema_migrations"."version" ASC[0m
  [1m[36mActiveRecord::InternalMetadata Pluck (97.8ms)[0m  [1m[34mSELECT "ar_internal_metadata"."value" FROM "ar_internal_metadata" WHERE "ar_internal_metadata"."key" = $1 LIMIT $2[0m  [["key", "environment"], ["LIMIT", 1]]
  [1m[36mActiveRecord::SchemaMigration Pluck (101.5ms)[0m  [1m[34mSELECT "schema_migrations"."version" FROM "schema_migrations" ORDER BY "schema_migrations"."version" ASC[0m
  [1m[36mActiveRecord::InternalMetadata Pluck (95.2ms)[0m  [1m[34mSELECT "ar_internal_metadata"."value" FROM "ar_internal_metadata" WHERE "ar_internal_metadata"."key" = $1 LIMIT $2[0m  [["key", "environment"], ["LIMIT", 1]]
  [1m[35m (189.5ms)[0m  [1m[35mDROP DATABASE IF EXISTS "bus4u_db"[0m
  [1m[35m (41.0ms)[0m  [1m[35mDROP DATABASE IF EXISTS "API_test"[0m
  [1m[35m (297.6ms)[0m  [1m[35mCREATE DATABASE "bus4u_db" ENCODING = 'unicode'[0m
  [1m[35m (144.8ms)[0m  [1m[35mCREATE DATABASE "API_test" ENCODING = 'unicode'[0m
  [1m[35m (132.4ms)[0m  [1m[35mCREATE TABLE "schema_migrations" ("version" character varying NOT NULL PRIMARY KEY)[0m
  [1m[35m (204.1ms)[0m  [1m[35mCREATE TABLE "ar_internal_metadata" ("key" character varying NOT NULL PRIMARY KEY, "value" character varying, "created_at" timestamp(6) NOT NULL, "updated_at" timestamp(6) NOT NULL)[0m
  [1m[35m (126.2ms)[0m  [1m[34mSELECT pg_try_advisory_lock(328290156475937670)[0m
  [1m[36mActiveRecord::SchemaMigration Pluck (104.7ms)[0m  [1m[34mSELECT "schema_migrations"."version" FROM "schema_migrations" ORDER BY "schema_migrations"."version" ASC[0m
Migrating to DeviseTokenAuthCreateUsers (20231012145933)
  [1m[36mTRANSACTION (100.2ms)[0m  [1m[35mBEGIN[0m
  [1m[35m (205.3ms)[0m  [1m[35mCREATE TABLE "users" ("provider" character varying DEFAULT 'email' NOT NULL, "user_uid" character varying DEFAULT '' NOT NULL, "encrypted_password" character varying DEFAULT '' NOT NULL, "reset_password_token" character varying, "reset_password_sent_at" timestamp(6), "allow_password_change" boolean DEFAULT FALSE, "remember_created_at" timestamp(6), "confirmation_token" character varying, "confirmed_at" timestamp(6), "confirmation_sent_at" timestamp(6), "unconfirmed_email" character varying, "firstname" character varying, "lastname" character varying, "email" character varying, "phone_number" character varying, "language" character varying, "tokens" json, "created_at" timestamp(6) NOT NULL, "updated_at" timestamp(6) NOT NULL)[0m
  [1m[35m (201.1ms)[0m  [1m[35mCREATE UNIQUE INDEX "index_users_on_email" ON "users" ("email")[0m
  [1m[35m (202.1ms)[0m  [1m[35mCREATE UNIQUE INDEX "index_users_on_user_uid_and_provider" ON "users" ("user_uid", "provider")[0m
  [1m[35m (116.2ms)[0m  [1m[35mCREATE UNIQUE INDEX "index_users_on_reset_password_token" ON "users" ("reset_password_token")[0m
  [1m[35m (106.7ms)[0m  [1m[35mCREATE UNIQUE INDEX "index_users_on_confirmation_token" ON "users" ("confirmation_token")[0m
  [1m[36mActiveRecord::SchemaMigration Create (97.9ms)[0m  [1m[32mINSERT INTO "schema_migrations" ("version") VALUES ($1) RETURNING "version"[0m  [["version", "20231012145933"]]
  [1m[36mTRANSACTION (161.1ms)[0m  [1m[35mCOMMIT[0m
Migrating to DeviseTokenAuthCreateAdmins (20231012150243)
  [1m[36mTRANSACTION (90.1ms)[0m  [1m[35mBEGIN[0m
  [1m[35m (204.1ms)[0m  [1m[35mCREATE TABLE "admins" ("provider" character varying DEFAULT 'email' NOT NULL, "admin_uid" character varying DEFAULT '' NOT NULL, "encrypted_password" character varying DEFAULT '' NOT NULL, "reset_password_token" character varying, "reset_password_sent_at" timestamp(6), "allow_password_change" boolean DEFAULT FALSE, "remember_created_at" timestamp(6), "confirmation_token" character varying, "confirmed_at" timestamp(6), "confirmation_sent_at" timestamp(6), "unconfirmed_email" character varying, "email" character varying, "firstname" character varying, "lastname" character varying, "nickname" character varying, "role" character varying, "phone_number" character varying, "address" character varying, "company_uid" character varying, "tokens" json, "created_at" timestamp(6) NOT NULL, "updated_at" timestamp(6) NOT NULL)[0m
  [1m[35m (200.1ms)[0m  [1m[35mCREATE UNIQUE INDEX "index_admins_on_email" ON "admins" ("email")[0m
  [1m[35m (203.0ms)[0m  [1m[35mCREATE UNIQUE INDEX "index_admins_on_admin_uid_and_provider" ON "admins" ("admin_uid", "provider")[0m
  [1m[35m (202.0ms)[0m  [1m[35mCREATE UNIQUE INDEX "index_admins_on_reset_password_token" ON "admins" ("reset_password_token")[0m
  [1m[35m (201.9ms)[0m  [1m[35mCREATE UNIQUE INDEX "index_admins_on_confirmation_token" ON "admins" ("confirmation_token")[0m
  [1m[36mActiveRecord::SchemaMigration Create (201.2ms)[0m  [1m[32mINSERT INTO "schema_migrations" ("version") VALUES ($1) RETURNING "version"[0m  [["version", "20231012150243"]]
  [1m[36mTRANSACTION (97.1ms)[0m  [1m[35mCOMMIT[0m
Migrating to CreateCompanies (20231022154945)
  [1m[36mTRANSACTION (91.7ms)[0m  [1m[35mBEGIN[0m
  [1m[35m (214.1ms)[0m  [1m[35mCREATE TABLE "companies" ("company_uid" character varying NOT NULL PRIMARY KEY, "name" character varying, "email" character varying, "phone_number" character varying, "tax_number" character varying, "city" character varying, "office_address" character varying, "created_at" timestamp(6) NOT NULL, "updated_at" timestamp(6) NOT NULL)[0m
  [1m[36mActiveRecord::SchemaMigration Create (194.8ms)[0m  [1m[32mINSERT INTO "schema_migrations" ("version") VALUES ($1) RETURNING "version"[0m  [["version", "20231022154945"]]
  [1m[36mTRANSACTION (100.7ms)[0m  [1m[35mCOMMIT[0m
Migrating to CreateBuses (20231022155022)
  [1m[36mTRANSACTION (93.3ms)[0m  [1m[35mBEGIN[0m
  [1m[35m (115.7ms)[0m  [1m[35mCREATE TABLE "buses" ("bus_uid" character varying NOT NULL PRIMARY KEY, "company_uid" character varying, "string" character varying, "license_plate" character varying, "brand" character varying, "manufacturing_year" integer, "capacity" integer, "road_tax" timestamp(6), "insurance" timestamp(6), "technical_exam" timestamp(6), "created_at" timestamp(6) NOT NULL, "updated_at" timestamp(6) NOT NULL)[0m
  [1m[36mActiveRecord::SchemaMigration Create (109.6ms)[0m  [1m[32mINSERT INTO "schema_migrations" ("version") VALUES ($1) RETURNING "version"[0m  [["version", "20231022155022"]]
  [1m[36mTRANSACTION (93.6ms)[0m  [1m[35mCOMMIT[0m
Migrating to CreateStations (20231022155044)
  [1m[36mTRANSACTION (91.8ms)[0m  [1m[35mBEGIN[0m
  [1m[35m (185.9ms)[0m  [1m[35mCREATE TABLE "stations" ("station_uid" character varying NOT NULL PRIMARY KEY, "name" character varying, "longitude" decimal, "latitude" decimal, "city" character varying, "address" character varying, "created_at" timestamp(6) NOT NULL, "updated_at" timestamp(6) NOT NULL)[0m
  [1m[36mActiveRecord::SchemaMigration Create (200.2ms)[0m  [1m[32mINSERT INTO "schema_migrations" ("version") VALUES ($1) RETURNING "version"[0m  [["version", "20231022155044"]]
  [1m[36mTRANSACTION (96.2ms)[0m  [1m[35mCOMMIT[0m
Migrating to CreateRoutes (20231022155105)
  [1m[36mTRANSACTION (96.9ms)[0m  [1m[35mBEGIN[0m
  [1m[35m (205.0ms)[0m  [1m[35mCREATE TABLE "routes" ("route_uid" character varying, "name" character varying, "created_at" timestamp(6) NOT NULL, "updated_at" timestamp(6) NOT NULL)[0m
  [1m[36mActiveRecord::SchemaMigration Create (200.2ms)[0m  [1m[32mINSERT INTO "schema_migrations" ("version") VALUES ($1) RETURNING "version"[0m  [["version", "20231022155105"]]
  [1m[36mTRANSACTION (104.9ms)[0m  [1m[35mCOMMIT[0m
Migrating to CreateRouteStations (20231022155131)
  [1m[36mTRANSACTION (90.8ms)[0m  [1m[35mBEGIN[0m
  [1m[35m (203.6ms)[0m  [1m[35mCREATE TABLE "route_stations" ("route_station_uid" character varying NOT NULL PRIMARY KEY, "station_uid" character varying, "route_uid" character varying, "departure_time" timestamp(6), "sequence" integer, "created_at" timestamp(6) NOT NULL, "updated_at" timestamp(6) NOT NULL)[0m
  [1m[36mActiveRecord::SchemaMigration Create (170.2ms)[0m  [1m[32mINSERT INTO "schema_migrations" ("version") VALUES ($1) RETURNING "version"[0m  [["version", "20231022155131"]]
  [1m[36mTRANSACTION (97.9ms)[0m  [1m[35mCOMMIT[0m
Migrating to CreateTickets (20231022155206)
  [1m[36mTRANSACTION (94.8ms)[0m  [1m[35mBEGIN[0m
  [1m[35m (134.4ms)[0m  [1m[35mCREATE TABLE "tickets" ("ticket_uid" character varying NOT NULL PRIMARY KEY, "company_uid" character varying, "type" character varying, "price_uid" character varying, "created_at" timestamp(6) NOT NULL, "updated_at" timestamp(6) NOT NULL)[0m
  [1m[36mActiveRecord::SchemaMigration Create (199.4ms)[0m  [1m[32mINSERT INTO "schema_migrations" ("version") VALUES ($1) RETURNING "version"[0m  [["version", "20231022155206"]]
  [1m[36mTRANSACTION (203.3ms)[0m  [1m[35mCOMMIT[0m
Migrating to CreateBoughtTickets (20231022155234)
  [1m[36mTRANSACTION (94.3ms)[0m  [1m[35mBEGIN[0m
  [1m[35m (149.6ms)[0m  [1m[35mCREATE TABLE "bought_tickets" ("bought_ticket_uid" character varying NOT NULL PRIMARY KEY, "ticket_uid" character varying, "user_uid" character varying, "date_of_purchase" timestamp(6), "expiration_date" timestamp(6), "is_vaild" boolean, "created_at" timestamp(6) NOT NULL, "updated_at" timestamp(6) NOT NULL)[0m
  [1m[36mActiveRecord::SchemaMigration Create (101.5ms)[0m  [1m[32mINSERT INTO "schema_migrations" ("version") VALUES ($1) RETURNING "version"[0m  [["version", "20231022155234"]]
  [1m[36mTRANSACTION (88.8ms)[0m  [1m[35mCOMMIT[0m
Migrating to CreatePrices (20231022155344)
  [1m[36mTRANSACTION (101.4ms)[0m  [1m[35mBEGIN[0m
  [1m[35m (153.1ms)[0m  [1m[35mCREATE TABLE "prices" ("price_uid" character varying NOT NULL PRIMARY KEY, "route_uid" character varying, "from_station_uid" character varying, "to_station_uid" character varying, "ticket_price" decimal, "created_at" timestamp(6) NOT NULL, "updated_at" timestamp(6) NOT NULL)[0m
  [1m[36mActiveRecord::SchemaMigration Create (199.5ms)[0m  [1m[32mINSERT INTO "schema_migrations" ("version") VALUES ($1) RETURNING "version"[0m  [["version", "20231022155344"]]
  [1m[36mTRANSACTION (202.0ms)[0m  [1m[35mCOMMIT[0m
Migrating to CreateCompanyStations (20231022191053)
  [1m[36mTRANSACTION (101.4ms)[0m  [1m[35mBEGIN[0m
  [1m[35m (195.2ms)[0m  [1m[35mCREATE TABLE "company_stations" ("company_station_uid" character varying NOT NULL PRIMARY KEY, "created_at" timestamp(6) NOT NULL, "updated_at" timestamp(6) NOT NULL)[0m
  [1m[36mActiveRecord::SchemaMigration Create (200.4ms)[0m  [1m[32mINSERT INTO "schema_migrations" ("version") VALUES ($1) RETURNING "version"[0m  [["version", "20231022191053"]]
  [1m[36mTRANSACTION (202.1ms)[0m  [1m[35mCOMMIT[0m
  [1m[36mActiveRecord::InternalMetadata Load (89.1ms)[0m  [1m[34mSELECT "ar_internal_metadata".* FROM "ar_internal_metadata" WHERE "ar_internal_metadata"."key" = $1 LIMIT $2[0m  [["key", "environment"], ["LIMIT", 1]]
  [1m[36mTRANSACTION (178.7ms)[0m  [1m[35mBEGIN[0m
  [1m[36mActiveRecord::InternalMetadata Create (202.4ms)[0m  [1m[32mINSERT INTO "ar_internal_metadata" ("key", "value", "created_at", "updated_at") VALUES ($1, $2, $3, $4) RETURNING "key"[0m  [["key", "environment"], ["value", "development"], ["created_at", "2023-10-23 07:47:56.657545"], ["updated_at", "2023-10-23 07:47:56.657545"]]
  [1m[36mTRANSACTION (94.8ms)[0m  [1m[35mCOMMIT[0m
  [1m[35m (104.9ms)[0m  [1m[34mSELECT pg_advisory_unlock(328290156475937670)[0m
  [1m[36mActiveRecord::SchemaMigration Pluck (100.0ms)[0m  [1m[34mSELECT "schema_migrations"."version" FROM "schema_migrations" ORDER BY "schema_migrations"."version" ASC[0m
  [1m[36mActiveRecord::SchemaMigration Pluck (164.2ms)[0m  [1m[34mSELECT "schema_migrations"."version" FROM "schema_migrations" ORDER BY "schema_migrations"."version" ASC[0m
  [1m[36mTRANSACTION (107.7ms)[0m  [1m[35mBEGIN[0m
  [1m[36mCompany Create (99.2ms)[0m  [1m[32mINSERT INTO "companies" ("company_uid", "name", "email", "phone_number", "tax_number", "city", "office_address", "created_at", "updated_at") VALUES ($1, $2, $3, $4, $5, $6, $7, $8, $9) RETURNING "company_uid"[0m  [["company_uid", "CPY_WXMDN"], ["name", "VANDOR TRANS TOURS SRL"], ["email", "office@vandortrans.ro"], ["phone_number", "0762883716"], ["tax_number", "49281782"], ["city", "Gheorgheni"], ["office_address", "Str. Kossuth Lajos nr. 91"], ["created_at", "2023-10-23 07:48:28.834958"], ["updated_at", "2023-10-23 07:48:28.834958"]]
  [1m[36mTRANSACTION (97.4ms)[0m  [1m[35mCOMMIT[0m
  [1m[36mTRANSACTION (94.2ms)[0m  [1m[35mBEGIN[0m
  [1m[36mCompany Create (104.7ms)[0m  [1m[32mINSERT INTO "companies" ("company_uid", "name", "email", "phone_number", "tax_number", "city", "office_address", "created_at", "updated_at") VALUES ($1, $2, $3, $4, $5, $6, $7, $8, $9) RETURNING "company_uid"[0m  [["company_uid", "CPY_910P5"], ["name", "PANORAMA TURIST SRL"], ["email", "panorama@gmail.com"], ["phone_number", "0755197688"], ["tax_number", "74112365"], ["city", "Ditrau"], ["office_address", "Str. Dealul frumos 73/A"], ["created_at", "2023-10-23 07:48:29.153120"], ["updated_at", "2023-10-23 07:48:29.153120"]]
  [1m[36mTRANSACTION (89.9ms)[0m  [1m[35mCOMMIT[0m
  [1m[36mTRANSACTION (93.5ms)[0m  [1m[35mBEGIN[0m
  [1m[36mCompany Create (94.7ms)[0m  [1m[32mINSERT INTO "companies" ("company_uid", "name", "email", "phone_number", "tax_number", "city", "office_address", "created_at", "updated_at") VALUES ($1, $2, $3, $4, $5, $6, $7, $8, $9) RETURNING "company_uid"[0m  [["company_uid", "CPY_MVF5M"], ["name", "BALINT TRANS SRL"], ["email", "balinttrans@yahoo.com"], ["phone_number", "0723763998"], ["tax_number", "41549877"], ["city", "Targu Mures"], ["office_address", "Str. Bega nr. 9"], ["created_at", "2023-10-23 07:48:29.452797"], ["updated_at", "2023-10-23 07:48:29.452797"]]
  [1m[36mTRANSACTION (90.7ms)[0m  [1m[35mCOMMIT[0m
  [1m[36mTRANSACTION (101.0ms)[0m  [1m[35mBEGIN[0m
  [1m[36mCompany Create (98.2ms)[0m  [1m[32mINSERT INTO "companies" ("company_uid", "name", "email", "phone_number", "tax_number", "city", "office_address", "created_at", "updated_at") VALUES ($1, $2, $3, $4, $5, $6, $7, $8, $9) RETURNING "company_uid"[0m  [["company_uid", "CPY_EUMTU"], ["name", "TRANSPORT LOCAL SA"], ["email", "office@vandortrans.ro"], ["phone_number", "0763777716"], ["tax_number", "87654782"], ["city", "Targu Mures"], ["office_address", "Str. Bega nr. 2"], ["created_at", "2023-10-23 07:48:29.742844"], ["updated_at", "2023-10-23 07:48:29.742844"]]
  [1m[36mTRANSACTION (97.9ms)[0m  [1m[35mCOMMIT[0m
  [1m[36mCompany Load (99.7ms)[0m  [1m[34mSELECT "companies".* FROM "companies" WHERE "companies"."name" = $1 LIMIT $2[0m  [["name", "VANDOR TRANS TOURS SRL"], ["LIMIT", 1]]
  [1m[36mTRANSACTION (100.9ms)[0m  [1m[35mBEGIN[0m
  [1m[36mCompany Load (118.8ms)[0m  [1m[34mSELECT "companies".* FROM "companies" WHERE "companies"."company_uid" = $1 LIMIT $2[0m  [["company_uid", "CPY_WXMDN"], ["LIMIT", 1]]
  [1m[36mBus Create (106.5ms)[0m  [1m[32mINSERT INTO "buses" ("bus_uid", "company_uid", "string", "license_plate", "brand", "manufacturing_year", "capacity", "road_tax", "insurance", "technical_exam", "created_at", "updated_at") VALUES ($1, $2, $3, $4, $5, $6, $7, $8, $9, $10, $11, $12) RETURNING "bus_uid"[0m  [["bus_uid", "BUS_OZ6VY"], ["company_uid", "CPY_WXMDN"], ["string", nil], ["license_plate", "HR49VTT"], ["brand", "Mercedes Integro"], ["manufacturing_year", 2003], ["capacity", 73], ["road_tax", "2023-12-10 00:00:00"], ["insurance", "2023-12-22 00:00:00"], ["technical_exam", "2023-10-10 00:00:00"], ["created_at", "2023-10-23 07:48:30.938147"], ["updated_at", "2023-10-23 07:48:30.938147"]]
  [1m[36mTRANSACTION (92.6ms)[0m  [1m[35mCOMMIT[0m
  [1m[36mTRANSACTION (91.6ms)[0m  [1m[35mBEGIN[0m
  [1m[36mCompany Load (204.2ms)[0m  [1m[34mSELECT "companies".* FROM "companies" WHERE "companies"."company_uid" = $1 LIMIT $2[0m  [["company_uid", "CPY_WXMDN"], ["LIMIT", 1]]
  [1m[36mBus Create (122.4ms)[0m  [1m[32mINSERT INTO "buses" ("bus_uid", "company_uid", "string", "license_plate", "brand", "manufacturing_year", "capacity", "road_tax", "insurance", "technical_exam", "created_at", "updated_at") VALUES ($1, $2, $3, $4, $5, $6, $7, $8, $9, $10, $11, $12) RETURNING "bus_uid"[0m  [["bus_uid", "BUS_MZVAX"], ["company_uid", "CPY_WXMDN"], ["string", nil], ["license_plate", "HR22VTT"], ["brand", "Setra S516"], ["manufacturing_year", 2009], ["capacity", 57], ["road_tax", "2024-04-28 00:00:00"], ["insurance", "2024-12-02 00:00:00"], ["technical_exam", "2024-03-03 00:00:00"], ["created_at", "2023-10-23 07:48:31.449704"], ["updated_at", "2023-10-23 07:48:31.449704"]]
  [1m[36mTRANSACTION (91.2ms)[0m  [1m[35mCOMMIT[0m
  [1m[36mTRANSACTION (94.8ms)[0m  [1m[35mBEGIN[0m
  [1m[36mCompany Load (104.0ms)[0m  [1m[34mSELECT "companies".* FROM "companies" WHERE "companies"."company_uid" = $1 LIMIT $2[0m  [["company_uid", "CPY_WXMDN"], ["LIMIT", 1]]
  [1m[36mBus Create (104.1ms)[0m  [1m[32mINSERT INTO "buses" ("bus_uid", "company_uid", "string", "license_plate", "brand", "manufacturing_year", "capacity", "road_tax", "insurance", "technical_exam", "created_at", "updated_at") VALUES ($1, $2, $3, $4, $5, $6, $7, $8, $9, $10, $11, $12) RETURNING "bus_uid"[0m  [["bus_uid", "BUS_ZOOMJ"], ["company_uid", "CPY_WXMDN"], ["string", nil], ["license_plate", "HR56VTT"], ["brand", "Mercedes Vario"], ["manufacturing_year", 2019], ["capacity", 45], ["road_tax", "2024-05-21 00:00:00"], ["insurance", "2023-10-22 00:00:00"], ["technical_exam", "2024-11-08 00:00:00"], ["created_at", "2023-10-23 07:48:31.879545"], ["updated_at", "2023-10-23 07:48:31.879545"]]
  [1m[36mTRANSACTION (100.6ms)[0m  [1m[35mCOMMIT[0m
  [1m[36mTRANSACTION (101.1ms)[0m  [1m[35mBEGIN[0m
  [1m[36mCompany Load (97.7ms)[0m  [1m[34mSELECT "companies".* FROM "companies" WHERE "companies"."company_uid" = $1 LIMIT $2[0m  [["company_uid", "CPY_WXMDN"], ["LIMIT", 1]]
  [1m[36mBus Create (168.2ms)[0m  [1m[32mINSERT INTO "buses" ("bus_uid", "company_uid", "string", "license_plate", "brand", "manufacturing_year", "capacity", "road_tax", "insurance", "technical_exam", "created_at", "updated_at") VALUES ($1, $2, $3, $4, $5, $6, $7, $8, $9, $10, $11, $12) RETURNING "bus_uid"[0m  [["bus_uid", "BUS_H9USS"], ["company_uid", "CPY_WXMDN"], ["string", nil], ["license_plate", "HR67VTT"], ["brand", "Mercedes Vito"], ["manufacturing_year", 2011], ["capacity", 24], ["road_tax", "2024-06-29 00:00:00"], ["insurance", "2024-01-28 00:00:00"], ["technical_exam", "2024-06-11 00:00:00"], ["created_at", "2023-10-23 07:48:32.299908"], ["updated_at", "2023-10-23 07:48:32.299908"]]
  [1m[36mTRANSACTION (96.5ms)[0m  [1m[35mCOMMIT[0m
  [1m[36mTRANSACTION (102.9ms)[0m  [1m[35mBEGIN[0m
  [1m[36mCompany Load (94.6ms)[0m  [1m[34mSELECT "companies".* FROM "companies" WHERE "companies"."company_uid" = $1 LIMIT $2[0m  [["company_uid", "CPY_WXMDN"], ["LIMIT", 1]]
  [1m[36mBus Create (202.7ms)[0m  [1m[32mINSERT INTO "buses" ("bus_uid", "company_uid", "string", "license_plate", "brand", "manufacturing_year", "capacity", "road_tax", "insurance", "technical_exam", "created_at", "updated_at") VALUES ($1, $2, $3, $4, $5, $6, $7, $8, $9, $10, $11, $12) RETURNING "bus_uid"[0m  [["bus_uid", "BUS_FA2HI"], ["company_uid", "CPY_WXMDN"], ["string", nil], ["license_plate", "HR12VTT"], ["brand", "Otokar Sultan"], ["manufacturing_year", 2011], ["capacity", 24], ["road_tax", "2024-06-29 00:00:00"], ["insurance", "2024-01-25 00:00:00"], ["technical_exam", "2024-06-11 00:00:00"], ["created_at", "2023-10-23 07:48:32.778424"], ["updated_at", "2023-10-23 07:48:32.778424"]]
  [1m[36mTRANSACTION (102.0ms)[0m  [1m[35mCOMMIT[0m
  [1m[36mTRANSACTION (93.9ms)[0m  [1m[35mBEGIN[0m
  [1m[36mCompany Load (97.0ms)[0m  [1m[34mSELECT "companies".* FROM "companies" WHERE "companies"."company_uid" = $1 LIMIT $2[0m  [["company_uid", "CPY_WXMDN"], ["LIMIT", 1]]
  [1m[36mBus Create (203.5ms)[0m  [1m[32mINSERT INTO "buses" ("bus_uid", "company_uid", "string", "license_plate", "brand", "manufacturing_year", "capacity", "road_tax", "insurance", "technical_exam", "created_at", "updated_at") VALUES ($1, $2, $3, $4, $5, $6, $7, $8, $9, $10, $11, $12) RETURNING "bus_uid"[0m  [["bus_uid", "BUS_R9G7I"], ["company_uid", "CPY_WXMDN"], ["string", nil], ["license_plate", "HR23VTT"], ["brand", "Mercedes Sprinter"], ["manufacturing_year", 2011], ["capacity", 24], ["road_tax", "2024-06-11 00:00:00"], ["insurance", "2024-06-21 00:00:00"], ["technical_exam", "2023-10-11 00:00:00"], ["created_at", "2023-10-23 07:48:33.290989"], ["updated_at", "2023-10-23 07:48:33.290989"]]
  [1m[36mTRANSACTION (108.2ms)[0m  [1m[35mCOMMIT[0m
  [1m[36mTRANSACTION (102.1ms)[0m  [1m[35mBEGIN[0m
  [1m[36mCompany Load (187.3ms)[0m  [1m[34mSELECT "companies".* FROM "companies" WHERE "companies"."company_uid" = $1 LIMIT $2[0m  [["company_uid", "CPY_WXMDN"], ["LIMIT", 1]]
  [1m[36mBus Create (197.8ms)[0m  [1m[32mINSERT INTO "buses" ("bus_uid", "company_uid", "string", "license_plate", "brand", "manufacturing_year", "capacity", "road_tax", "insurance", "technical_exam", "created_at", "updated_at") VALUES ($1, $2, $3, $4, $5, $6, $7, $8, $9, $10, $11, $12) RETURNING "bus_uid"[0m  [["bus_uid", "BUS_APLKQ"], ["company_uid", "CPY_WXMDN"], ["string", nil], ["license_plate", "HR01VTT"], ["brand", "Mercedes Sprinter"], ["manufacturing_year", 2020], ["capacity", 28], ["road_tax", "2024-04-21 00:00:00"], ["insurance", "2024-01-22 00:00:00"], ["technical_exam", "2024-01-23 00:00:00"], ["created_at", "2023-10-23 07:48:33.908371"], ["updated_at", "2023-10-23 07:48:33.908371"]]
  [1m[36mTRANSACTION (97.3ms)[0m  [1m[35mCOMMIT[0m
  [1m[36mCompany Load (204.3ms)[0m  [1m[34mSELECT "companies".* FROM "companies" WHERE "companies"."name" = $1 LIMIT $2[0m  [["name", "PANORAMA TURIST SRL"], ["LIMIT", 1]]
  [1m[36mTRANSACTION (97.2ms)[0m  [1m[35mBEGIN[0m
  [1m[36mCompany Load (97.5ms)[0m  [1m[34mSELECT "companies".* FROM "companies" WHERE "companies"."company_uid" = $1 LIMIT $2[0m  [["company_uid", "CPY_910P5"], ["LIMIT", 1]]
  [1m[36mBus Create (102.1ms)[0m  [1m[32mINSERT INTO "buses" ("bus_uid", "company_uid", "string", "license_plate", "brand", "manufacturing_year", "capacity", "road_tax", "insurance", "technical_exam", "created_at", "updated_at") VALUES ($1, $2, $3, $4, $5, $6, $7, $8, $9, $10, $11, $12) RETURNING "bus_uid"[0m  [["bus_uid", "BUS_6GCWR"], ["company_uid", "CPY_910P5"], ["string", nil], ["license_plate", "HR34ERT"], ["brand", "Mercedes Sprinter"], ["manufacturing_year", 2010], ["capacity", 50], ["road_tax", "2024-01-15 00:00:00"], ["insurance", "2024-01-25 00:00:00"], ["technical_exam", "2024-01-05 00:00:00"], ["created_at", "2023-10-23 07:48:34.621155"], ["updated_at", "2023-10-23 07:48:34.621155"]]
  [1m[36mTRANSACTION (99.4ms)[0m  [1m[35mCOMMIT[0m
  [1m[36mTRANSACTION (97.9ms)[0m  [1m[35mBEGIN[0m
  [1m[36mCompany Load (96.7ms)[0m  [1m[34mSELECT "companies".* FROM "companies" WHERE "companies"."company_uid" = $1 LIMIT $2[0m  [["company_uid", "CPY_910P5"], ["LIMIT", 1]]
  [1m[36mBus Create (198.2ms)[0m  [1m[32mINSERT INTO "buses" ("bus_uid", "company_uid", "string", "license_plate", "brand", "manufacturing_year", "capacity", "road_tax", "insurance", "technical_exam", "created_at", "updated_at") VALUES ($1, $2, $3, $4, $5, $6, $7, $8, $9, $10, $11, $12) RETURNING "bus_uid"[0m  [["bus_uid", "BUS_4H1N0"], ["company_uid", "CPY_910P5"], ["string", nil], ["license_plate", "HR75RGB"], ["brand", "Mercedes Vario"], ["manufacturing_year", 2012], ["capacity", 55], ["road_tax", "2024-02-15 00:00:00"], ["insurance", "2024-02-25 00:00:00"], ["technical_exam", "2024-02-05 00:00:00"], ["created_at", "2023-10-23 07:48:35.034195"], ["updated_at", "2023-10-23 07:48:35.034195"]]
  [1m[36mTRANSACTION (101.4ms)[0m  [1m[35mCOMMIT[0m
  [1m[36mTRANSACTION (95.0ms)[0m  [1m[35mBEGIN[0m
  [1m[36mCompany Load (102.7ms)[0m  [1m[34mSELECT "companies".* FROM "companies" WHERE "companies"."company_uid" = $1 LIMIT $2[0m  [["company_uid", "CPY_910P5"], ["LIMIT", 1]]
  [1m[36mBus Create (195.5ms)[0m  [1m[32mINSERT INTO "buses" ("bus_uid", "company_uid", "string", "license_plate", "brand", "manufacturing_year", "capacity", "road_tax", "insurance", "technical_exam", "created_at", "updated_at") VALUES ($1, $2, $3, $4, $5, $6, $7, $8, $9, $10, $11, $12) RETURNING "bus_uid"[0m  [["bus_uid", "BUS_2H9F7"], ["company_uid", "CPY_910P5"], ["string", nil], ["license_plate", "HR23UZI"], ["brand", "Mercedes Vario"], ["manufacturing_year", 2015], ["capacity", 60], ["road_tax", "2024-03-15 00:00:00"], ["insurance", "2024-03-25 00:00:00"], ["technical_exam", "2024-03-05 00:00:00"], ["created_at", "2023-10-23 07:48:35.548738"], ["updated_at", "2023-10-23 07:48:35.548738"]]
  [1m[36mTRANSACTION (99.1ms)[0m  [1m[35mCOMMIT[0m
  [1m[36mTRANSACTION (95.4ms)[0m  [1m[35mBEGIN[0m
  [1m[36mCompany Load (93.1ms)[0m  [1m[34mSELECT "companies".* FROM "companies" WHERE "companies"."company_uid" = $1 LIMIT $2[0m  [["company_uid", "CPY_910P5"], ["LIMIT", 1]]
  [1m[36mBus Create (106.2ms)[0m  [1m[32mINSERT INTO "buses" ("bus_uid", "company_uid", "string", "license_plate", "brand", "manufacturing_year", "capacity", "road_tax", "insurance", "technical_exam", "created_at", "updated_at") VALUES ($1, $2, $3, $4, $5, $6, $7, $8, $9, $10, $11, $12) RETURNING "bus_uid"[0m  [["bus_uid", "BUS_9G45J"], ["company_uid", "CPY_910P5"], ["string", nil], ["license_plate", "HR98GHD"], ["brand", "Setra ComfortClass 500"], ["manufacturing_year", 2018], ["capacity", 65], ["road_tax", "2024-04-15 00:00:00"], ["insurance", "2024-04-25 00:00:00"], ["technical_exam", "2024-04-05 00:00:00"], ["created_at", "2023-10-23 07:48:36.050101"], ["updated_at", "2023-10-23 07:48:36.050101"]]
  [1m[36mTRANSACTION (109.1ms)[0m  [1m[35mCOMMIT[0m
  [1m[36mTRANSACTION (91.7ms)[0m  [1m[35mBEGIN[0m
  [1m[36mCompany Load (192.6ms)[0m  [1m[34mSELECT "companies".* FROM "companies" WHERE "companies"."company_uid" = $1 LIMIT $2[0m  [["company_uid", "CPY_910P5"], ["LIMIT", 1]]
  [1m[36mBus Create (103.1ms)[0m  [1m[32mINSERT INTO "buses" ("bus_uid", "company_uid", "string", "license_plate", "brand", "manufacturing_year", "capacity", "road_tax", "insurance", "technical_exam", "created_at", "updated_at") VALUES ($1, $2, $3, $4, $5, $6, $7, $8, $9, $10, $11, $12) RETURNING "bus_uid"[0m  [["bus_uid", "BUS_LGK68"], ["company_uid", "CPY_910P5"], ["string", nil], ["license_plate", "HR56LSA"], ["brand", "Volvo B12B"], ["manufacturing_year", 2014], ["capacity", 70], ["road_tax", "2024-05-15 00:00:00"], ["insurance", "2024-05-25 00:00:00"], ["technical_exam", "2024-05-05 00:00:00"], ["created_at", "2023-10-23 07:48:36.570018"], ["updated_at", "2023-10-23 07:48:36.570018"]]
  [1m[36mTRANSACTION (102.8ms)[0m  [1m[35mCOMMIT[0m
  [1m[36mTRANSACTION (109.2ms)[0m  [1m[35mBEGIN[0m
  [1m[36mCompany Load (91.2ms)[0m  [1m[34mSELECT "companies".* FROM "companies" WHERE "companies"."company_uid" = $1 LIMIT $2[0m  [["company_uid", "CPY_910P5"], ["LIMIT", 1]]
  [1m[36mBus Create (100.5ms)[0m  [1m[32mINSERT INTO "buses" ("bus_uid", "company_uid", "string", "license_plate", "brand", "manufacturing_year", "capacity", "road_tax", "insurance", "technical_exam", "created_at", "updated_at") VALUES ($1, $2, $3, $4, $5, $6, $7, $8, $9, $10, $11, $12) RETURNING "bus_uid"[0m  [["bus_uid", "BUS_6V3I3"], ["company_uid", "CPY_910P5"], ["string", nil], ["license_plate", "HR11PAN"], ["brand", "Mercedes Tourismo"], ["manufacturing_year", 2017], ["capacity", 75], ["road_tax", "2024-06-15 00:00:00"], ["insurance", "2024-06-25 00:00:00"], ["technical_exam", "2024-06-05 00:00:00"], ["created_at", "2023-10-23 07:48:36.992494"], ["updated_at", "2023-10-23 07:48:36.992494"]]
  [1m[36mTRANSACTION (94.2ms)[0m  [1m[35mCOMMIT[0m
  [1m[36mTRANSACTION (98.2ms)[0m  [1m[35mBEGIN[0m
  [1m[36mCompany Load (88.8ms)[0m  [1m[34mSELECT "companies".* FROM "companies" WHERE "companies"."company_uid" = $1 LIMIT $2[0m  [["company_uid", "CPY_910P5"], ["LIMIT", 1]]
  [1m[36mBus Create (196.9ms)[0m  [1m[32mINSERT INTO "buses" ("bus_uid", "company_uid", "string", "license_plate", "brand", "manufacturing_year", "capacity", "road_tax", "insurance", "technical_exam", "created_at", "updated_at") VALUES ($1, $2, $3, $4, $5, $6, $7, $8, $9, $10, $11, $12) RETURNING "bus_uid"[0m  [["bus_uid", "BUS_203OJ"], ["company_uid", "CPY_910P5"], ["string", nil], ["license_plate", "HR14PAN"], ["brand", "Neoplan Starliner"], ["manufacturing_year", 2000], ["capacity", 80], ["road_tax", "2024-07-15 00:00:00"], ["insurance", "2024-07-25 00:00:00"], ["technical_exam", "2024-07-05 00:00:00"], ["created_at", "2023-10-23 07:48:37.390542"], ["updated_at", "2023-10-23 07:48:37.390542"]]
  [1m[36mTRANSACTION (106.7ms)[0m  [1m[35mCOMMIT[0m
  [1m[36mCompany Load (103.7ms)[0m  [1m[34mSELECT "companies".* FROM "companies" WHERE "companies"."name" = $1 LIMIT $2[0m  [["name", "BALINT TRANS SRL"], ["LIMIT", 1]]
  [1m[36mTRANSACTION (95.8ms)[0m  [1m[35mBEGIN[0m
  [1m[36mCompany Load (116.8ms)[0m  [1m[34mSELECT "companies".* FROM "companies" WHERE "companies"."company_uid" = $1 LIMIT $2[0m  [["company_uid", "CPY_MVF5M"], ["LIMIT", 1]]
  [1m[36mBus Create (103.3ms)[0m  [1m[32mINSERT INTO "buses" ("bus_uid", "company_uid", "string", "license_plate", "brand", "manufacturing_year", "capacity", "road_tax", "insurance", "technical_exam", "created_at", "updated_at") VALUES ($1, $2, $3, $4, $5, $6, $7, $8, $9, $10, $11, $12) RETURNING "bus_uid"[0m  [["bus_uid", "BUS_VI1MQ"], ["company_uid", "CPY_MVF5M"], ["string", nil], ["license_plate", "MS01CD"], ["brand", "Volvo 9700"], ["manufacturing_year", 2011], ["capacity", 50], ["road_tax", "2024-01-15 00:00:00"], ["insurance", "2024-01-25 00:00:00"], ["technical_exam", "2024-01-05 00:00:00"], ["created_at", "2023-10-23 07:48:38.030783"], ["updated_at", "2023-10-23 07:48:38.030783"]]
  [1m[36mTRANSACTION (99.0ms)[0m  [1m[35mCOMMIT[0m
  [1m[36mTRANSACTION (94.5ms)[0m  [1m[35mBEGIN[0m
  [1m[36mCompany Load (93.9ms)[0m  [1m[34mSELECT "companies".* FROM "companies" WHERE "companies"."company_uid" = $1 LIMIT $2[0m  [["company_uid", "CPY_MVF5M"], ["LIMIT", 1]]
  [1m[36mBus Create (100.4ms)[0m  [1m[32mINSERT INTO "buses" ("bus_uid", "company_uid", "string", "license_plate", "brand", "manufacturing_year", "capacity", "road_tax", "insurance", "technical_exam", "created_at", "updated_at") VALUES ($1, $2, $3, $4, $5, $6, $7, $8, $9, $10, $11, $12) RETURNING "bus_uid"[0m  [["bus_uid", "BUS_B6H2M"], ["company_uid", "CPY_MVF5M"], ["string", nil], ["license_plate", "MS23OUP"], ["brand", "MAN Lion's Intercity"], ["manufacturing_year", 2013], ["capacity", 55], ["road_tax", "2024-02-15 00:00:00"], ["insurance", "2024-02-25 00:00:00"], ["technical_exam", "2024-02-05 00:00:00"], ["created_at", "2023-10-23 07:48:38.437886"], ["updated_at", "2023-10-23 07:48:38.437886"]]
  [1m[36mTRANSACTION (94.8ms)[0m  [1m[35mCOMMIT[0m
  [1m[36mTRANSACTION (94.5ms)[0m  [1m[35mBEGIN[0m
  [1m[36mCompany Load (104.5ms)[0m  [1m[34mSELECT "companies".* FROM "companies" WHERE "companies"."company_uid" = $1 LIMIT $2[0m  [["company_uid", "CPY_MVF5M"], ["LIMIT", 1]]
  [1m[36mBus Create (112.3ms)[0m  [1m[32mINSERT INTO "buses" ("bus_uid", "company_uid", "string", "license_plate", "brand", "manufacturing_year", "capacity", "road_tax", "insurance", "technical_exam", "created_at", "updated_at") VALUES ($1, $2, $3, $4, $5, $6, $7, $8, $9, $10, $11, $12) RETURNING "bus_uid"[0m  [["bus_uid", "BUS_XWH3K"], ["company_uid", "CPY_MVF5M"], ["string", nil], ["license_plate", "MS65BTS"], ["brand", "Scania Touring"], ["manufacturing_year", 2006], ["capacity", 60], ["road_tax", "2024-03-15 00:00:00"], ["insurance", "2024-03-25 00:00:00"], ["technical_exam", "2024-03-05 00:00:00"], ["created_at", "2023-10-23 07:48:38.848978"], ["updated_at", "2023-10-23 07:48:38.848978"]]
  [1m[36mTRANSACTION (94.2ms)[0m  [1m[35mCOMMIT[0m
  [1m[36mTRANSACTION (103.6ms)[0m  [1m[35mBEGIN[0m
  [1m[36mCompany Load (94.0ms)[0m  [1m[34mSELECT "companies".* FROM "companies" WHERE "companies"."company_uid" = $1 LIMIT $2[0m  [["company_uid", "CPY_MVF5M"], ["LIMIT", 1]]
  [1m[36mBus Create (160.6ms)[0m  [1m[32mINSERT INTO "buses" ("bus_uid", "company_uid", "string", "license_plate", "brand", "manufacturing_year", "capacity", "road_tax", "insurance", "technical_exam", "created_at", "updated_at") VALUES ($1, $2, $3, $4, $5, $6, $7, $8, $9, $10, $11, $12) RETURNING "bus_uid"[0m  [["bus_uid", "BUS_EJFOY"], ["company_uid", "CPY_MVF5M"], ["string", nil], ["license_plate", "MS74BTS"], ["brand", "Volvo B12B"], ["manufacturing_year", 2009], ["capacity", 65], ["road_tax", "2024-04-15 00:00:00"], ["insurance", "2024-04-25 00:00:00"], ["technical_exam", "2024-04-05 00:00:00"], ["created_at", "2023-10-23 07:48:39.269698"], ["updated_at", "2023-10-23 07:48:39.269698"]]
  [1m[36mTRANSACTION (103.5ms)[0m  [1m[35mCOMMIT[0m
  [1m[36mTRANSACTION (93.2ms)[0m  [1m[35mBEGIN[0m
  [1m[36mCompany Load (95.9ms)[0m  [1m[34mSELECT "companies".* FROM "companies" WHERE "companies"."company_uid" = $1 LIMIT $2[0m  [["company_uid", "CPY_MVF5M"], ["LIMIT", 1]]
  [1m[36mBus Create (101.3ms)[0m  [1m[32mINSERT INTO "buses" ("bus_uid", "company_uid", "string", "license_plate", "brand", "manufacturing_year", "capacity", "road_tax", "insurance", "technical_exam", "created_at", "updated_at") VALUES ($1, $2, $3, $4, $5, $6, $7, $8, $9, $10, $11, $12) RETURNING "bus_uid"[0m  [["bus_uid", "BUS_A4Y2E"], ["company_uid", "CPY_MVF5M"], ["string", nil], ["license_plate", "MS99WEQ"], ["brand", "Volvo B12B"], ["manufacturing_year", 2014], ["capacity", 70], ["road_tax", "2024-05-15 00:00:00"], ["insurance", "2024-05-25 00:00:00"], ["technical_exam", "2024-05-05 00:00:00"], ["created_at", "2023-10-23 07:48:39.740357"], ["updated_at", "2023-10-23 07:48:39.740357"]]
  [1m[36mTRANSACTION (96.3ms)[0m  [1m[35mCOMMIT[0m
  [1m[36mTRANSACTION (94.7ms)[0m  [1m[35mBEGIN[0m
  [1m[36mCompany Load (105.3ms)[0m  [1m[34mSELECT "companies".* FROM "companies" WHERE "companies"."company_uid" = $1 LIMIT $2[0m  [["company_uid", "CPY_MVF5M"], ["LIMIT", 1]]
  [1m[36mBus Create (201.0ms)[0m  [1m[32mINSERT INTO "buses" ("bus_uid", "company_uid", "string", "license_plate", "brand", "manufacturing_year", "capacity", "road_tax", "insurance", "technical_exam", "created_at", "updated_at") VALUES ($1, $2, $3, $4, $5, $6, $7, $8, $9, $10, $11, $12) RETURNING "bus_uid"[0m  [["bus_uid", "BUS_I1NN0"], ["company_uid", "CPY_MVF5M"], ["string", nil], ["license_plate", "MS34ALM"], ["brand", "Mercedes Tourismo"], ["manufacturing_year", 2000], ["capacity", 75], ["road_tax", "2024-06-15 00:00:00"], ["insurance", "2024-06-25 00:00:00"], ["technical_exam", "2024-06-05 00:00:00"], ["created_at", "2023-10-23 07:48:40.150824"], ["updated_at", "2023-10-23 07:48:40.150824"]]
  [1m[36mTRANSACTION (100.7ms)[0m  [1m[35mCOMMIT[0m
  [1m[36mTRANSACTION (93.9ms)[0m  [1m[35mBEGIN[0m
  [1m[36mCompany Load (86.7ms)[0m  [1m[34mSELECT "companies".* FROM "companies" WHERE "companies"."company_uid" = $1 LIMIT $2[0m  [["company_uid", "CPY_MVF5M"], ["LIMIT", 1]]
  [1m[36mBus Create (213.3ms)[0m  [1m[32mINSERT INTO "buses" ("bus_uid", "company_uid", "string", "license_plate", "brand", "manufacturing_year", "capacity", "road_tax", "insurance", "technical_exam", "created_at", "updated_at") VALUES ($1, $2, $3, $4, $5, $6, $7, $8, $9, $10, $11, $12) RETURNING "bus_uid"[0m  [["bus_uid", "BUS_UTTRE"], ["company_uid", "CPY_MVF5M"], ["string", nil], ["license_plate", "MS66ALMROM"], ["brand", "Mercedes Tourismo"], ["manufacturing_year", 2019], ["capacity", 80], ["road_tax", "2024-07-15 00:00:00"], ["insurance", "2024-07-25 00:00:00"], ["technical_exam", "2024-07-05 00:00:00"], ["created_at", "2023-10-23 07:48:40.650515"], ["updated_at", "2023-10-23 07:48:40.650515"]]
  [1m[36mTRANSACTION (99.2ms)[0m  [1m[35mCOMMIT[0m
  [1m[36mCompany Load (103.4ms)[0m  [1m[34mSELECT "companies".* FROM "companies" WHERE "companies"."name" = $1 LIMIT $2[0m  [["name", "TRANSPORT LOCAL SA"], ["LIMIT", 1]]
  [1m[36mTRANSACTION (97.3ms)[0m  [1m[35mBEGIN[0m
  [1m[36mCompany Load (197.6ms)[0m  [1m[34mSELECT "companies".* FROM "companies" WHERE "companies"."company_uid" = $1 LIMIT $2[0m  [["company_uid", "CPY_EUMTU"], ["LIMIT", 1]]
  [1m[36mBus Create (198.4ms)[0m  [1m[32mINSERT INTO "buses" ("bus_uid", "company_uid", "string", "license_plate", "brand", "manufacturing_year", "capacity", "road_tax", "insurance", "technical_exam", "created_at", "updated_at") VALUES ($1, $2, $3, $4, $5, $6, $7, $8, $9, $10, $11, $12) RETURNING "bus_uid"[0m  [["bus_uid", "BUS_7MTF6"], ["company_uid", "CPY_EUMTU"], ["string", nil], ["license_plate", "MS23TGM"], ["brand", "Volvo 9700"], ["manufacturing_year", 2010], ["capacity", 50], ["road_tax", "2024-01-15 00:00:00"], ["insurance", "2024-01-25 00:00:00"], ["technical_exam", "2024-01-05 00:00:00"], ["created_at", "2023-10-23 07:48:41.382015"], ["updated_at", "2023-10-23 07:48:41.382015"]]
  [1m[36mTRANSACTION (201.4ms)[0m  [1m[35mCOMMIT[0m
  [1m[36mTRANSACTION (95.3ms)[0m  [1m[35mBEGIN[0m
  [1m[36mCompany Load (95.3ms)[0m  [1m[34mSELECT "companies".* FROM "companies" WHERE "companies"."company_uid" = $1 LIMIT $2[0m  [["company_uid", "CPY_EUMTU"], ["LIMIT", 1]]
  [1m[36mBus Create (102.8ms)[0m  [1m[32mINSERT INTO "buses" ("bus_uid", "company_uid", "string", "license_plate", "brand", "manufacturing_year", "capacity", "road_tax", "insurance", "technical_exam", "created_at", "updated_at") VALUES ($1, $2, $3, $4, $5, $6, $7, $8, $9, $10, $11, $12) RETURNING "bus_uid"[0m  [["bus_uid", "BUS_7BW0S"], ["company_uid", "CPY_EUMTU"], ["string", nil], ["license_plate", "MS34TGM"], ["brand", "MAN Lion's Intercity"], ["manufacturing_year", 2012], ["capacity", 55], ["road_tax", "2024-02-15 00:00:00"], ["insurance", "2024-02-25 00:00:00"], ["technical_exam", "2024-02-05 00:00:00"], ["created_at", "2023-10-23 07:48:41.990157"], ["updated_at", "2023-10-23 07:48:41.990157"]]
  [1m[36mTRANSACTION (90.0ms)[0m  [1m[35mCOMMIT[0m
  [1m[36mTRANSACTION (98.9ms)[0m  [1m[35mBEGIN[0m
  [1m[36mCompany Load (94.3ms)[0m  [1m[34mSELECT "companies".* FROM "companies" WHERE "companies"."company_uid" = $1 LIMIT $2[0m  [["company_uid", "CPY_EUMTU"], ["LIMIT", 1]]
  [1m[36mBus Create (210.1ms)[0m  [1m[32mINSERT INTO "buses" ("bus_uid", "company_uid", "string", "license_plate", "brand", "manufacturing_year", "capacity", "road_tax", "insurance", "technical_exam", "created_at", "updated_at") VALUES ($1, $2, $3, $4, $5, $6, $7, $8, $9, $10, $11, $12) RETURNING "bus_uid"[0m  [["bus_uid", "BUS_FMQ0E"], ["company_uid", "CPY_EUMTU"], ["string", nil], ["license_plate", "MS98TGM"], ["brand", "Mercedes Integro"], ["manufacturing_year", 2015], ["capacity", 60], ["road_tax", "2024-03-15 00:00:00"], ["insurance", "2024-03-25 00:00:00"], ["technical_exam", "2024-03-05 00:00:00"], ["created_at", "2023-10-23 07:48:42.394095"], ["updated_at", "2023-10-23 07:48:42.394095"]]
  [1m[36mTRANSACTION (98.1ms)[0m  [1m[35mCOMMIT[0m
  [1m[36mTRANSACTION (97.3ms)[0m  [1m[35mBEGIN[0m
  [1m[36mCompany Load (101.7ms)[0m  [1m[34mSELECT "companies".* FROM "companies" WHERE "companies"."company_uid" = $1 LIMIT $2[0m  [["company_uid", "CPY_EUMTU"], ["LIMIT", 1]]
  [1m[36mBus Create (200.4ms)[0m  [1m[32mINSERT INTO "buses" ("bus_uid", "company_uid", "string", "license_plate", "brand", "manufacturing_year", "capacity", "road_tax", "insurance", "technical_exam", "created_at", "updated_at") VALUES ($1, $2, $3, $4, $5, $6, $7, $8, $9, $10, $11, $12) RETURNING "bus_uid"[0m  [["bus_uid", "BUS_RECU1"], ["company_uid", "CPY_EUMTU"], ["string", nil], ["license_plate", "MS12TGM"], ["brand", "Mercedes Integro"], ["manufacturing_year", 2011], ["capacity", 65], ["road_tax", "2024-04-15 00:00:00"], ["insurance", "2024-04-25 00:00:00"], ["technical_exam", "2024-04-05 00:00:00"], ["created_at", "2023-10-23 07:48:42.917357"], ["updated_at", "2023-10-23 07:48:42.917357"]]
  [1m[36mTRANSACTION (96.2ms)[0m  [1m[35mCOMMIT[0m
  [1m[36mTRANSACTION (88.3ms)[0m  [1m[35mBEGIN[0m
  [1m[36mCompany Load (96.1ms)[0m  [1m[34mSELECT "companies".* FROM "companies" WHERE "companies"."company_uid" = $1 LIMIT $2[0m  [["company_uid", "CPY_EUMTU"], ["LIMIT", 1]]
  [1m[36mBus Create (119.0ms)[0m  [1m[32mINSERT INTO "buses" ("bus_uid", "company_uid", "string", "license_plate", "brand", "manufacturing_year", "capacity", "road_tax", "insurance", "technical_exam", "created_at", "updated_at") VALUES ($1, $2, $3, $4, $5, $6, $7, $8, $9, $10, $11, $12) RETURNING "bus_uid"[0m  [["bus_uid", "BUS_G57PX"], ["company_uid", "CPY_EUMTU"], ["string", nil], ["license_plate", "MS23MUI"], ["brand", "Volvo B12B"], ["manufacturing_year", 2011], ["capacity", 70], ["road_tax", "2024-05-15 00:00:00"], ["insurance", "2024-05-25 00:00:00"], ["technical_exam", "2024-05-05 00:00:00"], ["created_at", "2023-10-23 07:48:43.408151"], ["updated_at", "2023-10-23 07:48:43.408151"]]
  [1m[36mTRANSACTION (90.7ms)[0m  [1m[35mCOMMIT[0m
  [1m[36mTRANSACTION (91.1ms)[0m  [1m[35mBEGIN[0m
  [1m[36mCompany Load (115.4ms)[0m  [1m[34mSELECT "companies".* FROM "companies" WHERE "companies"."company_uid" = $1 LIMIT $2[0m  [["company_uid", "CPY_EUMTU"], ["LIMIT", 1]]
  [1m[36mBus Create (200.4ms)[0m  [1m[32mINSERT INTO "buses" ("bus_uid", "company_uid", "string", "license_plate", "brand", "manufacturing_year", "capacity", "road_tax", "insurance", "technical_exam", "created_at", "updated_at") VALUES ($1, $2, $3, $4, $5, $6, $7, $8, $9, $10, $11, $12) RETURNING "bus_uid"[0m  [["bus_uid", "BUS_TSLWS"], ["company_uid", "CPY_EUMTU"], ["string", nil], ["license_plate", "MS22UZI"], ["brand", "Mercedes Tourismo"], ["manufacturing_year", 2017], ["capacity", 75], ["road_tax", "2024-06-15 00:00:00"], ["insurance", "2024-06-25 00:00:00"], ["technical_exam", "2024-06-05 00:00:00"], ["created_at", "2023-10-23 07:48:43.839734"], ["updated_at", "2023-10-23 07:48:43.839734"]]
  [1m[36mTRANSACTION (101.6ms)[0m  [1m[35mCOMMIT[0m
  [1m[36mTRANSACTION (92.9ms)[0m  [1m[35mBEGIN[0m
  [1m[36mCompany Load (95.5ms)[0m  [1m[34mSELECT "companies".* FROM "companies" WHERE "companies"."company_uid" = $1 LIMIT $2[0m  [["company_uid", "CPY_EUMTU"], ["LIMIT", 1]]
  [1m[36mBus Create (168.4ms)[0m  [1m[32mINSERT INTO "buses" ("bus_uid", "company_uid", "string", "license_plate", "brand", "manufacturing_year", "capacity", "road_tax", "insurance", "technical_exam", "created_at", "updated_at") VALUES ($1, $2, $3, $4, $5, $6, $7, $8, $9, $10, $11, $12) RETURNING "bus_uid"[0m  [["bus_uid", "BUS_EWFDJ"], ["company_uid", "CPY_EUMTU"], ["string", nil], ["license_plate", "MS33ALS"], ["brand", "Neoplan Starliner"], ["manufacturing_year", 2019], ["capacity", 80], ["road_tax", "2024-01-15 00:00:00"], ["insurance", "2024-07-25 00:00:00"], ["technical_exam", "2024-07-05 00:00:00"], ["created_at", "2023-10-23 07:48:44.348713"], ["updated_at", "2023-10-23 07:48:44.348713"]]
  [1m[36mTRANSACTION (97.3ms)[0m  [1m[35mCOMMIT[0m
  [1m[36mTRANSACTION (100.7ms)[0m  [1m[35mBEGIN[0m
  [1m[36mCompany Load (89.4ms)[0m  [1m[34mSELECT "companies".* FROM "companies" WHERE "companies"."company_uid" = $1 LIMIT $2[0m  [["company_uid", "CPY_WXMDN"], ["LIMIT", 1]]
  [1m[36mAdmin Create (102.2ms)[0m  [1m[32mINSERT INTO "admins" ("provider", "admin_uid", "encrypted_password", "reset_password_token", "reset_password_sent_at", "allow_password_change", "remember_created_at", "confirmation_token", "confirmed_at", "confirmation_sent_at", "unconfirmed_email", "email", "firstname", "lastname", "nickname", "role", "phone_number", "address", "company_uid", "tokens", "created_at", "updated_at") VALUES ($1, $2, $3, $4, $5, $6, $7, $8, $9, $10, $11, $12, $13, $14, $15, $16, $17, $18, $19, $20, $21, $22)[0m  [["provider", "email"], ["admin_uid", "ADM_G961B"], ["encrypted_password", "[FILTERED]"], ["reset_password_token", "[FILTERED]"], ["reset_password_sent_at", "[FILTERED]"], ["allow_password_change", "[FILTERED]"], ["remember_created_at", nil], ["confirmation_token", "[FILTERED]"], ["confirmed_at", nil], ["confirmation_sent_at", nil], ["unconfirmed_email", nil], ["email", "office@vandortrans.ro"], ["firstname", "Elemér"], ["lastname", "Kecskeméti"], ["nickname", nil], ["role", "boss"], ["phone_number", "0728493883"], ["address", "Com. Joseni str. Principala nr. 19"], ["company_uid", "CPY_WXMDN"], ["tokens", "[FILTERED]"], ["created_at", "2023-10-23 07:48:45.450679"], ["updated_at", "2023-10-23 07:48:45.450679"]]
  [1m[36mTRANSACTION (90.1ms)[0m  [1m[35mCOMMIT[0m
  [1m[36mTRANSACTION (103.5ms)[0m  [1m[35mBEGIN[0m
  [1m[36mCompany Load (92.3ms)[0m  [1m[34mSELECT "companies".* FROM "companies" WHERE "companies"."company_uid" = $1 LIMIT $2[0m  [["company_uid", "CPY_WXMDN"], ["LIMIT", 1]]
  [1m[36mAdmin Create (103.2ms)[0m  [1m[32mINSERT INTO "admins" ("provider", "admin_uid", "encrypted_password", "reset_password_token", "reset_password_sent_at", "allow_password_change", "remember_created_at", "confirmation_token", "confirmed_at", "confirmation_sent_at", "unconfirmed_email", "email", "firstname", "lastname", "nickname", "role", "phone_number", "address", "company_uid", "tokens", "created_at", "updated_at") VALUES ($1, $2, $3, $4, $5, $6, $7, $8, $9, $10, $11, $12, $13, $14, $15, $16, $17, $18, $19, $20, $21, $22)[0m  [["provider", "email"], ["admin_uid", "ADM_Y5ISG"], ["encrypted_password", "[FILTERED]"], ["reset_password_token", "[FILTERED]"], ["reset_password_sent_at", "[FILTERED]"], ["allow_password_change", "[FILTERED]"], ["remember_created_at", nil], ["confirmation_token", "[FILTERED]"], ["confirmed_at", nil], ["confirmation_sent_at", nil], ["unconfirmed_email", nil], ["email", "hompoth.krisztian@gmail.com"], ["firstname", "Krisztián"], ["lastname", "Orsós"], ["nickname", nil], ["role", "manager"], ["phone_number", "0761837888"], ["address", "Com. Joseni str. Faluköze nr. 1"], ["company_uid", "CPY_WXMDN"], ["tokens", "[FILTERED]"], ["created_at", "2023-10-23 07:48:46.247682"], ["updated_at", "2023-10-23 07:48:46.247682"]]
  [1m[36mTRANSACTION (91.7ms)[0m  [1m[35mCOMMIT[0m
  [1m[36mTRANSACTION (97.2ms)[0m  [1m[35mBEGIN[0m
  [1m[36mCompany Load (95.8ms)[0m  [1m[34mSELECT "companies".* FROM "companies" WHERE "companies"."company_uid" = $1 LIMIT $2[0m  [["company_uid", "CPY_WXMDN"], ["LIMIT", 1]]
  [1m[36mAdmin Create (105.3ms)[0m  [1m[32mINSERT INTO "admins" ("provider", "admin_uid", "encrypted_password", "reset_password_token", "reset_password_sent_at", "allow_password_change", "remember_created_at", "confirmation_token", "confirmed_at", "confirmation_sent_at", "unconfirmed_email", "email", "firstname", "lastname", "nickname", "role", "phone_number", "address", "company_uid", "tokens", "created_at", "updated_at") VALUES ($1, $2, $3, $4, $5, $6, $7, $8, $9, $10, $11, $12, $13, $14, $15, $16, $17, $18, $19, $20, $21, $22)[0m  [["provider", "email"], ["admin_uid", "ADM_IU1VF"], ["encrypted_password", "[FILTERED]"], ["reset_password_token", "[FILTERED]"], ["reset_password_sent_at", "[FILTERED]"], ["allow_password_change", "[FILTERED]"], ["remember_created_at", nil], ["confirmation_token", "[FILTERED]"], ["confirmed_at", nil], ["confirmation_sent_at", nil], ["unconfirmed_email", nil], ["email", "csatabela@gmail.com"], ["firstname", "Béla"], ["lastname", "Csata"], ["nickname", nil], ["role", "driver"], ["phone_number", "0752358475"], ["address", "Mun. Gheorgheni str. Ghindei nr. 1"], ["company_uid", "CPY_WXMDN"], ["tokens", "[FILTERED]"], ["created_at", "2023-10-23 07:48:47.048826"], ["updated_at", "2023-10-23 07:48:47.048826"]]
  [1m[36mTRANSACTION (93.1ms)[0m  [1m[35mCOMMIT[0m
  [1m[36mTRANSACTION (175.5ms)[0m  [1m[35mBEGIN[0m
  [1m[36mCompany Load (102.0ms)[0m  [1m[34mSELECT "companies".* FROM "companies" WHERE "companies"."company_uid" = $1 LIMIT $2[0m  [["company_uid", "CPY_WXMDN"], ["LIMIT", 1]]
  [1m[36mAdmin Create (104.8ms)[0m  [1m[32mINSERT INTO "admins" ("provider", "admin_uid", "encrypted_password", "reset_password_token", "reset_password_sent_at", "allow_password_change", "remember_created_at", "confirmation_token", "confirmed_at", "confirmation_sent_at", "unconfirmed_email", "email", "firstname", "lastname", "nickname", "role", "phone_number", "address", "company_uid", "tokens", "created_at", "updated_at") VALUES ($1, $2, $3, $4, $5, $6, $7, $8, $9, $10, $11, $12, $13, $14, $15, $16, $17, $18, $19, $20, $21, $22)[0m  [["provider", "email"], ["admin_uid", "ADM_1SOVC"], ["encrypted_password", "[FILTERED]"], ["reset_password_token", "[FILTERED]"], ["reset_password_sent_at", "[FILTERED]"], ["allow_password_change", "[FILTERED]"], ["remember_created_at", nil], ["confirmation_token", "[FILTERED]"], ["confirmed_at", nil], ["confirmation_sent_at", nil], ["unconfirmed_email", nil], ["email", "magdi92@gmail.com"], ["firstname", "Magdolna"], ["lastname", "Kovács"], ["nickname", nil], ["role", "driver"], ["phone_number", "0739489586"], ["address", "Mun. Gheorgheni str. Stadionului nr. 4"], ["company_uid", "CPY_WXMDN"], ["tokens", "[FILTERED]"], ["created_at", "2023-10-23 07:48:47.949209"], ["updated_at", "2023-10-23 07:48:47.949209"]]
  [1m[36mTRANSACTION (100.0ms)[0m  [1m[35mCOMMIT[0m
  [1m[36mTRANSACTION (147.5ms)[0m  [1m[35mBEGIN[0m
  [1m[36mCompany Load (87.6ms)[0m  [1m[34mSELECT "companies".* FROM "companies" WHERE "companies"."company_uid" = $1 LIMIT $2[0m  [["company_uid", "CPY_WXMDN"], ["LIMIT", 1]]
  [1m[36mAdmin Create (98.6ms)[0m  [1m[32mINSERT INTO "admins" ("provider", "admin_uid", "encrypted_password", "reset_password_token", "reset_password_sent_at", "allow_password_change", "remember_created_at", "confirmation_token", "confirmed_at", "confirmation_sent_at", "unconfirmed_email", "email", "firstname", "lastname", "nickname", "role", "phone_number", "address", "company_uid", "tokens", "created_at", "updated_at") VALUES ($1, $2, $3, $4, $5, $6, $7, $8, $9, $10, $11, $12, $13, $14, $15, $16, $17, $18, $19, $20, $21, $22)[0m  [["provider", "email"], ["admin_uid", "ADM_TDGSX"], ["encrypted_password", "[FILTERED]"], ["reset_password_token", "[FILTERED]"], ["reset_password_sent_at", "[FILTERED]"], ["allow_password_change", "[FILTERED]"], ["remember_created_at", nil], ["confirmation_token", "[FILTERED]"], ["confirmed_at", nil], ["confirmation_sent_at", nil], ["unconfirmed_email", nil], ["email", "orsospista11@gmail.com"], ["firstname", "István"], ["lastname", "Orsós"], ["nickname", nil], ["role", "driver"], ["phone_number", "0755928111"], ["address", "Com. Ciumani str. Inczelaka nr. 1398"], ["company_uid", "CPY_WXMDN"], ["tokens", "[FILTERED]"], ["created_at", "2023-10-23 07:48:48.802296"], ["updated_at", "2023-10-23 07:48:48.802296"]]
  [1m[36mTRANSACTION (96.9ms)[0m  [1m[35mCOMMIT[0m
  [1m[36mTRANSACTION (167.4ms)[0m  [1m[35mBEGIN[0m
  [1m[36mCompany Load (92.9ms)[0m  [1m[34mSELECT "companies".* FROM "companies" WHERE "companies"."company_uid" = $1 LIMIT $2[0m  [["company_uid", "CPY_WXMDN"], ["LIMIT", 1]]
  [1m[36mAdmin Create (95.9ms)[0m  [1m[32mINSERT INTO "admins" ("provider", "admin_uid", "encrypted_password", "reset_password_token", "reset_password_sent_at", "allow_password_change", "remember_created_at", "confirmation_token", "confirmed_at", "confirmation_sent_at", "unconfirmed_email", "email", "firstname", "lastname", "nickname", "role", "phone_number", "address", "company_uid", "tokens", "created_at", "updated_at") VALUES ($1, $2, $3, $4, $5, $6, $7, $8, $9, $10, $11, $12, $13, $14, $15, $16, $17, $18, $19, $20, $21, $22)[0m  [["provider", "email"], ["admin_uid", "ADM_BLAGX"], ["encrypted_password", "[FILTERED]"], ["reset_password_token", "[FILTERED]"], ["reset_password_sent_at", "[FILTERED]"], ["allow_password_change", "[FILTERED]"], ["remember_created_at", nil], ["confirmation_token", "[FILTERED]"], ["confirmed_at", nil], ["confirmation_sent_at", nil], ["unconfirmed_email", nil], ["email", "ninjanarch@yahoo.com"], ["firstname", "Iván"], ["lastname", "Elekes"], ["nickname", nil], ["role", "driver"], ["phone_number", "0724889734"], ["address", "Com. Ciumani str. Principala nr. 12"], ["company_uid", "CPY_WXMDN"], ["tokens", "[FILTERED]"], ["created_at", "2023-10-23 07:48:49.669603"], ["updated_at", "2023-10-23 07:48:49.669603"]]
  [1m[36mTRANSACTION (93.0ms)[0m  [1m[35mCOMMIT[0m
  [1m[36mTRANSACTION (227.7ms)[0m  [1m[35mBEGIN[0m
  [1m[36mCompany Load (90.3ms)[0m  [1m[34mSELECT "companies".* FROM "companies" WHERE "companies"."company_uid" = $1 LIMIT $2[0m  [["company_uid", "CPY_WXMDN"], ["LIMIT", 1]]
  [1m[36mAdmin Create (96.1ms)[0m  [1m[32mINSERT INTO "admins" ("provider", "admin_uid", "encrypted_password", "reset_password_token", "reset_password_sent_at", "allow_password_change", "remember_created_at", "confirmation_token", "confirmed_at", "confirmation_sent_at", "unconfirmed_email", "email", "firstname", "lastname", "nickname", "role", "phone_number", "address", "company_uid", "tokens", "created_at", "updated_at") VALUES ($1, $2, $3, $4, $5, $6, $7, $8, $9, $10, $11, $12, $13, $14, $15, $16, $17, $18, $19, $20, $21, $22)[0m  [["provider", "email"], ["admin_uid", "ADM_FM3KC"], ["encrypted_password", "[FILTERED]"], ["reset_password_token", "[FILTERED]"], ["reset_password_sent_at", "[FILTERED]"], ["allow_password_change", "[FILTERED]"], ["remember_created_at", nil], ["confirmation_token", "[FILTERED]"], ["confirmed_at", nil], ["confirmation_sent_at", nil], ["unconfirmed_email", nil], ["email", "karoly_elekes@gmail.com"], ["firstname", "Károly"], ["lastname", "Elekes"], ["nickname", nil], ["role", "driver"], ["phone_number", "0745399324"], ["address", "Com. Suseni str. Kéthíd nr. 198"], ["company_uid", "CPY_WXMDN"], ["tokens", "[FILTERED]"], ["created_at", "2023-10-23 07:48:50.589223"], ["updated_at", "2023-10-23 07:48:50.589223"]]
  [1m[36mTRANSACTION (96.7ms)[0m  [1m[35mCOMMIT[0m
  [1m[36mTRANSACTION (227.8ms)[0m  [1m[35mBEGIN[0m
  [1m[36mCompany Load (97.4ms)[0m  [1m[34mSELECT "companies".* FROM "companies" WHERE "companies"."company_uid" = $1 LIMIT $2[0m  [["company_uid", "CPY_MVF5M"], ["LIMIT", 1]]
  [1m[36mAdmin Create (201.7ms)[0m  [1m[32mINSERT INTO "admins" ("provider", "admin_uid", "encrypted_password", "reset_password_token", "reset_password_sent_at", "allow_password_change", "remember_created_at", "confirmation_token", "confirmed_at", "confirmation_sent_at", "unconfirmed_email", "email", "firstname", "lastname", "nickname", "role", "phone_number", "address", "company_uid", "tokens", "created_at", "updated_at") VALUES ($1, $2, $3, $4, $5, $6, $7, $8, $9, $10, $11, $12, $13, $14, $15, $16, $17, $18, $19, $20, $21, $22)[0m  [["provider", "email"], ["admin_uid", "ADM_FZ0XQ"], ["encrypted_password", "[FILTERED]"], ["reset_password_token", "[FILTERED]"], ["reset_password_sent_at", "[FILTERED]"], ["allow_password_change", "[FILTERED]"], ["remember_created_at", nil], ["confirmation_token", "[FILTERED]"], ["confirmed_at", nil], ["confirmation_sent_at", nil], ["unconfirmed_email", nil], ["email", "office@balinttrans.ro"], ["firstname", "Elemér"], ["lastname", "Kecskeméti"], ["nickname", nil], ["role", "boss"], ["phone_number", "0728493883"], ["address", "Com. Joseni str. Principala nr. 19"], ["company_uid", "CPY_MVF5M"], ["tokens", "[FILTERED]"], ["created_at", "2023-10-23 07:48:51.516698"], ["updated_at", "2023-10-23 07:48:51.516698"]]
  [1m[36mTRANSACTION (89.6ms)[0m  [1m[35mCOMMIT[0m
  [1m[36mTRANSACTION (100.3ms)[0m  [1m[35mBEGIN[0m
  [1m[36mCompany Load (90.3ms)[0m  [1m[34mSELECT "companies".* FROM "companies" WHERE "companies"."company_uid" = $1 LIMIT $2[0m  [["company_uid", "CPY_MVF5M"], ["LIMIT", 1]]
  [1m[36mAdmin Create (124.9ms)[0m  [1m[32mINSERT INTO "admins" ("provider", "admin_uid", "encrypted_password", "reset_password_token", "reset_password_sent_at", "allow_password_change", "remember_created_at", "confirmation_token", "confirmed_at", "confirmation_sent_at", "unconfirmed_email", "email", "firstname", "lastname", "nickname", "role", "phone_number", "address", "company_uid", "tokens", "created_at", "updated_at") VALUES ($1, $2, $3, $4, $5, $6, $7, $8, $9, $10, $11, $12, $13, $14, $15, $16, $17, $18, $19, $20, $21, $22)[0m  [["provider", "email"], ["admin_uid", "ADM_LXIIT"], ["encrypted_password", "[FILTERED]"], ["reset_password_token", "[FILTERED]"], ["reset_password_sent_at", "[FILTERED]"], ["allow_password_change", "[FILTERED]"], ["remember_created_at", nil], ["confirmation_token", "[FILTERED]"], ["confirmed_at", nil], ["confirmation_sent_at", nil], ["unconfirmed_email", nil], ["email", "hompoth.krisztiian@gmail.com"], ["firstname", "Krisztián"], ["lastname", "Orsós"], ["nickname", nil], ["role", "manager"], ["phone_number", "0761837888"], ["address", "Com. Joseni str. Faluköze nr. 1"], ["company_uid", "CPY_MVF5M"], ["tokens", "[FILTERED]"], ["created_at", "2023-10-23 07:48:52.412461"], ["updated_at", "2023-10-23 07:48:52.412461"]]
  [1m[36mTRANSACTION (98.3ms)[0m  [1m[35mCOMMIT[0m
  [1m[36mTRANSACTION (217.4ms)[0m  [1m[35mBEGIN[0m
  [1m[36mCompany Load (98.0ms)[0m  [1m[34mSELECT "companies".* FROM "companies" WHERE "companies"."company_uid" = $1 LIMIT $2[0m  [["company_uid", "CPY_MVF5M"], ["LIMIT", 1]]
  [1m[36mAdmin Create (137.1ms)[0m  [1m[32mINSERT INTO "admins" ("provider", "admin_uid", "encrypted_password", "reset_password_token", "reset_password_sent_at", "allow_password_change", "remember_created_at", "confirmation_token", "confirmed_at", "confirmation_sent_at", "unconfirmed_email", "email", "firstname", "lastname", "nickname", "role", "phone_number", "address", "company_uid", "tokens", "created_at", "updated_at") VALUES ($1, $2, $3, $4, $5, $6, $7, $8, $9, $10, $11, $12, $13, $14, $15, $16, $17, $18, $19, $20, $21, $22)[0m  [["provider", "email"], ["admin_uid", "ADM_33WHS"], ["encrypted_password", "[FILTERED]"], ["reset_password_token", "[FILTERED]"], ["reset_password_sent_at", "[FILTERED]"], ["allow_password_change", "[FILTERED]"], ["remember_created_at", nil], ["confirmation_token", "[FILTERED]"], ["confirmed_at", nil], ["confirmation_sent_at", nil], ["unconfirmed_email", nil], ["email", "csatabellla@gmail.com"], ["firstname", "Béla"], ["lastname", "Csata"], ["nickname", nil], ["role", "driver"], ["phone_number", "0752358475"], ["address", "Mun. Gheorgheni str. Ghindei nr. 1"], ["company_uid", "CPY_MVF5M"], ["tokens", "[FILTERED]"], ["created_at", "2023-10-23 07:48:53.360276"], ["updated_at", "2023-10-23 07:48:53.360276"]]
  [1m[36mTRANSACTION (95.6ms)[0m  [1m[35mCOMMIT[0m
  [1m[36mTRANSACTION (88.8ms)[0m  [1m[35mBEGIN[0m
  [1m[36mCompany Load (99.1ms)[0m  [1m[34mSELECT "companies".* FROM "companies" WHERE "companies"."company_uid" = $1 LIMIT $2[0m  [["company_uid", "CPY_MVF5M"], ["LIMIT", 1]]
  [1m[36mAdmin Create (103.0ms)[0m  [1m[32mINSERT INTO "admins" ("provider", "admin_uid", "encrypted_password", "reset_password_token", "reset_password_sent_at", "allow_password_change", "remember_created_at", "confirmation_token", "confirmed_at", "confirmation_sent_at", "unconfirmed_email", "email", "firstname", "lastname", "nickname", "role", "phone_number", "address", "company_uid", "tokens", "created_at", "updated_at") VALUES ($1, $2, $3, $4, $5, $6, $7, $8, $9, $10, $11, $12, $13, $14, $15, $16, $17, $18, $19, $20, $21, $22)[0m  [["provider", "email"], ["admin_uid", "ADM_OM6CR"], ["encrypted_password", "[FILTERED]"], ["reset_password_token", "[FILTERED]"], ["reset_password_sent_at", "[FILTERED]"], ["allow_password_change", "[FILTERED]"], ["remember_created_at", nil], ["confirmation_token", "[FILTERED]"], ["confirmed_at", nil], ["confirmation_sent_at", nil], ["unconfirmed_email", nil], ["email", "magdi982@gmail.com"], ["firstname", "Magdolna"], ["lastname", "Kovács"], ["nickname", nil], ["role", "driver"], ["phone_number", "0739489586"], ["address", "Mun. Gheorgheni str. Stadionului nr. 4"], ["company_uid", "CPY_MVF5M"], ["tokens", "[FILTERED]"], ["created_at", "2023-10-23 07:48:54.190040"], ["updated_at", "2023-10-23 07:48:54.190040"]]
  [1m[36mTRANSACTION (91.7ms)[0m  [1m[35mCOMMIT[0m
  [1m[36mTRANSACTION (88.4ms)[0m  [1m[35mBEGIN[0m
  [1m[36mCompany Load (87.0ms)[0m  [1m[34mSELECT "companies".* FROM "companies" WHERE "companies"."company_uid" = $1 LIMIT $2[0m  [["company_uid", "CPY_MVF5M"], ["LIMIT", 1]]
  [1m[36mAdmin Create (95.1ms)[0m  [1m[32mINSERT INTO "admins" ("provider", "admin_uid", "encrypted_password", "reset_password_token", "reset_password_sent_at", "allow_password_change", "remember_created_at", "confirmation_token", "confirmed_at", "confirmation_sent_at", "unconfirmed_email", "email", "firstname", "lastname", "nickname", "role", "phone_number", "address", "company_uid", "tokens", "created_at", "updated_at") VALUES ($1, $2, $3, $4, $5, $6, $7, $8, $9, $10, $11, $12, $13, $14, $15, $16, $17, $18, $19, $20, $21, $22)[0m  [["provider", "email"], ["admin_uid", "ADM_1ZN10"], ["encrypted_password", "[FILTERED]"], ["reset_password_token", "[FILTERED]"], ["reset_password_sent_at", "[FILTERED]"], ["allow_password_change", "[FILTERED]"], ["remember_created_at", nil], ["confirmation_token", "[FILTERED]"], ["confirmed_at", nil], ["confirmation_sent_at", nil], ["unconfirmed_email", nil], ["email", "o1rsospista11@gmail.com"], ["firstname", "István"], ["lastname", "Orsós"], ["nickname", nil], ["role", "driver"], ["phone_number", "0755928111"], ["address", "Com. Ciumani str. Inczelaka nr. 1398"], ["company_uid", "CPY_MVF5M"], ["tokens", "[FILTERED]"], ["created_at", "2023-10-23 07:48:54.973582"], ["updated_at", "2023-10-23 07:48:54.973582"]]
  [1m[36mTRANSACTION (91.0ms)[0m  [1m[35mCOMMIT[0m
  [1m[36mTRANSACTION (100.1ms)[0m  [1m[35mBEGIN[0m
  [1m[36mCompany Load (95.4ms)[0m  [1m[34mSELECT "companies".* FROM "companies" WHERE "companies"."company_uid" = $1 LIMIT $2[0m  [["company_uid", "CPY_MVF5M"], ["LIMIT", 1]]
  [1m[36mAdmin Create (147.1ms)[0m  [1m[32mINSERT INTO "admins" ("provider", "admin_uid", "encrypted_password", "reset_password_token", "reset_password_sent_at", "allow_password_change", "remember_created_at", "confirmation_token", "confirmed_at", "confirmation_sent_at", "unconfirmed_email", "email", "firstname", "lastname", "nickname", "role", "phone_number", "address", "company_uid", "tokens", "created_at", "updated_at") VALUES ($1, $2, $3, $4, $5, $6, $7, $8, $9, $10, $11, $12, $13, $14, $15, $16, $17, $18, $19, $20, $21, $22)[0m  [["provider", "email"], ["admin_uid", "ADM_J8MGA"], ["encrypted_password", "[FILTERED]"], ["reset_password_token", "[FILTERED]"], ["reset_password_sent_at", "[FILTERED]"], ["allow_password_change", "[FILTERED]"], ["remember_created_at", nil], ["confirmation_token", "[FILTERED]"], ["confirmed_at", nil], ["confirmation_sent_at", nil], ["unconfirmed_email", nil], ["email", "ninbjjanarch@yahoo.com"], ["firstname", "Iván"], ["lastname", "Elekes"], ["nickname", nil], ["role", "driver"], ["phone_number", "0724889734"], ["address", "Com. Ciumani str. Principala nr. 12"], ["company_uid", "CPY_MVF5M"], ["tokens", "[FILTERED]"], ["created_at", "2023-10-23 07:48:55.767633"], ["updated_at", "2023-10-23 07:48:55.767633"]]
  [1m[36mTRANSACTION (97.5ms)[0m  [1m[35mCOMMIT[0m
  [1m[36mTRANSACTION (99.3ms)[0m  [1m[35mBEGIN[0m
  [1m[36mCompany Load (103.8ms)[0m  [1m[34mSELECT "companies".* FROM "companies" WHERE "companies"."company_uid" = $1 LIMIT $2[0m  [["company_uid", "CPY_MVF5M"], ["LIMIT", 1]]
  [1m[36mAdmin Create (221.1ms)[0m  [1m[32mINSERT INTO "admins" ("provider", "admin_uid", "encrypted_password", "reset_password_token", "reset_password_sent_at", "allow_password_change", "remember_created_at", "confirmation_token", "confirmed_at", "confirmation_sent_at", "unconfirmed_email", "email", "firstname", "lastname", "nickname", "role", "phone_number", "address", "company_uid", "tokens", "created_at", "updated_at") VALUES ($1, $2, $3, $4, $5, $6, $7, $8, $9, $10, $11, $12, $13, $14, $15, $16, $17, $18, $19, $20, $21, $22)[0m  [["provider", "email"], ["admin_uid", "ADM_EC2MN"], ["encrypted_password", "[FILTERED]"], ["reset_password_token", "[FILTERED]"], ["reset_password_sent_at", "[FILTERED]"], ["allow_password_change", "[FILTERED]"], ["remember_created_at", nil], ["confirmation_token", "[FILTERED]"], ["confirmed_at", nil], ["confirmation_sent_at", nil], ["unconfirmed_email", nil], ["email", "karolyka_elekes@gmail.com"], ["firstname", "Károly"], ["lastname", "Elekes"], ["nickname", nil], ["role", "driver"], ["phone_number", "0745399324"], ["address", "Com. Suseni str. Kéthíd nr. 198"], ["company_uid", "CPY_MVF5M"], ["tokens", "[FILTERED]"], ["created_at", "2023-10-23 07:48:56.627673"], ["updated_at", "2023-10-23 07:48:56.627673"]]
  [1m[36mTRANSACTION (101.7ms)[0m  [1m[35mCOMMIT[0m
  [1m[36mTRANSACTION (202.9ms)[0m  [1m[35mBEGIN[0m
  [1m[36mCompany Load (159.0ms)[0m  [1m[34mSELECT "companies".* FROM "companies" WHERE "companies"."company_uid" = $1 LIMIT $2[0m  [["company_uid", "CPY_910P5"], ["LIMIT", 1]]
  [1m[36mAdmin Create (104.6ms)[0m  [1m[32mINSERT INTO "admins" ("provider", "admin_uid", "encrypted_password", "reset_password_token", "reset_password_sent_at", "allow_password_change", "remember_created_at", "confirmation_token", "confirmed_at", "confirmation_sent_at", "unconfirmed_email", "email", "firstname", "lastname", "nickname", "role", "phone_number", "address", "company_uid", "tokens", "created_at", "updated_at") VALUES ($1, $2, $3, $4, $5, $6, $7, $8, $9, $10, $11, $12, $13, $14, $15, $16, $17, $18, $19, $20, $21, $22)[0m  [["provider", "email"], ["admin_uid", "ADM_HK8PN"], ["encrypted_password", "[FILTERED]"], ["reset_password_token", "[FILTERED]"], ["reset_password_sent_at", "[FILTERED]"], ["allow_password_change", "[FILTERED]"], ["remember_created_at", nil], ["confirmation_token", "[FILTERED]"], ["confirmed_at", nil], ["confirmation_sent_at", nil], ["unconfirmed_email", nil], ["email", "office@panoramatrans.ro"], ["firstname", "Elemér"], ["lastname", "Kecskeméti"], ["nickname", nil], ["role", "boss"], ["phone_number", "0728493883"], ["address", "Com. Joseni str. Principala nr. 19"], ["company_uid", "CPY_910P5"], ["tokens", "[FILTERED]"], ["created_at", "2023-10-23 07:48:57.726369"], ["updated_at", "2023-10-23 07:48:57.726369"]]
  [1m[36mTRANSACTION (93.1ms)[0m  [1m[35mCOMMIT[0m
  [1m[36mTRANSACTION (135.9ms)[0m  [1m[35mBEGIN[0m
  [1m[36mCompany Load (96.4ms)[0m  [1m[34mSELECT "companies".* FROM "companies" WHERE "companies"."company_uid" = $1 LIMIT $2[0m  [["company_uid", "CPY_910P5"], ["LIMIT", 1]]
  [1m[36mAdmin Create (215.1ms)[0m  [1m[32mINSERT INTO "admins" ("provider", "admin_uid", "encrypted_password", "reset_password_token", "reset_password_sent_at", "allow_password_change", "remember_created_at", "confirmation_token", "confirmed_at", "confirmation_sent_at", "unconfirmed_email", "email", "firstname", "lastname", "nickname", "role", "phone_number", "address", "company_uid", "tokens", "created_at", "updated_at") VALUES ($1, $2, $3, $4, $5, $6, $7, $8, $9, $10, $11, $12, $13, $14, $15, $16, $17, $18, $19, $20, $21, $22)[0m  [["provider", "email"], ["admin_uid", "ADM_TEUAZ"], ["encrypted_password", "[FILTERED]"], ["reset_password_token", "[FILTERED]"], ["reset_password_sent_at", "[FILTERED]"], ["allow_password_change", "[FILTERED]"], ["remember_created_at", nil], ["confirmation_token", "[FILTERED]"], ["confirmed_at", nil], ["confirmation_sent_at", nil], ["unconfirmed_email", nil], ["email", "hompothh.krisztian@gmail.com"], ["firstname", "Krisztián"], ["lastname", "Orsós"], ["nickname", nil], ["role", "manager"], ["phone_number", "0761837888"], ["address", "Com. Joseni str. Faluköze nr. 1"], ["company_uid", "CPY_910P5"], ["tokens", "[FILTERED]"], ["created_at", "2023-10-23 07:48:58.567770"], ["updated_at", "2023-10-23 07:48:58.567770"]]
  [1m[36mTRANSACTION (201.3ms)[0m  [1m[35mCOMMIT[0m
  [1m[36mTRANSACTION (216.7ms)[0m  [1m[35mBEGIN[0m
  [1m[36mCompany Load (113.7ms)[0m  [1m[34mSELECT "companies".* FROM "companies" WHERE "companies"."company_uid" = $1 LIMIT $2[0m  [["company_uid", "CPY_910P5"], ["LIMIT", 1]]
  [1m[36mAdmin Create (183.8ms)[0m  [1m[32mINSERT INTO "admins" ("provider", "admin_uid", "encrypted_password", "reset_password_token", "reset_password_sent_at", "allow_password_change", "remember_created_at", "confirmation_token", "confirmed_at", "confirmation_sent_at", "unconfirmed_email", "email", "firstname", "lastname", "nickname", "role", "phone_number", "address", "company_uid", "tokens", "created_at", "updated_at") VALUES ($1, $2, $3, $4, $5, $6, $7, $8, $9, $10, $11, $12, $13, $14, $15, $16, $17, $18, $19, $20, $21, $22)[0m  [["provider", "email"], ["admin_uid", "ADM_862LM"], ["encrypted_password", "[FILTERED]"], ["reset_password_token", "[FILTERED]"], ["reset_password_sent_at", "[FILTERED]"], ["allow_password_change", "[FILTERED]"], ["remember_created_at", nil], ["confirmation_token", "[FILTERED]"], ["confirmed_at", nil], ["confirmation_sent_at", nil], ["unconfirmed_email", nil], ["email", "csatabelus@gmail.com"], ["firstname", "Béla"], ["lastname", "Csata"], ["nickname", nil], ["role", "driver"], ["phone_number", "0752358475"], ["address", "Mun. Gheorgheni str. Ghindei nr. 1"], ["company_uid", "CPY_910P5"], ["tokens", "[FILTERED]"], ["created_at", "2023-10-23 07:48:59.725671"], ["updated_at", "2023-10-23 07:48:59.725671"]]
  [1m[36mTRANSACTION (201.8ms)[0m  [1m[35mCOMMIT[0m
  [1m[36mTRANSACTION (109.8ms)[0m  [1m[35mBEGIN[0m
  [1m[36mCompany Load (94.6ms)[0m  [1m[34mSELECT "companies".* FROM "companies" WHERE "companies"."company_uid" = $1 LIMIT $2[0m  [["company_uid", "CPY_910P5"], ["LIMIT", 1]]
  [1m[36mAdmin Create (207.4ms)[0m  [1m[32mINSERT INTO "admins" ("provider", "admin_uid", "encrypted_password", "reset_password_token", "reset_password_sent_at", "allow_password_change", "remember_created_at", "confirmation_token", "confirmed_at", "confirmation_sent_at", "unconfirmed_email", "email", "firstname", "lastname", "nickname", "role", "phone_number", "address", "company_uid", "tokens", "created_at", "updated_at") VALUES ($1, $2, $3, $4, $5, $6, $7, $8, $9, $10, $11, $12, $13, $14, $15, $16, $17, $18, $19, $20, $21, $22)[0m  [["provider", "email"], ["admin_uid", "ADM_17U4N"], ["encrypted_password", "[FILTERED]"], ["reset_password_token", "[FILTERED]"], ["reset_password_sent_at", "[FILTERED]"], ["allow_password_change", "[FILTERED]"], ["remember_created_at", nil], ["confirmation_token", "[FILTERED]"], ["confirmed_at", nil], ["confirmation_sent_at", nil], ["unconfirmed_email", nil], ["email", "magdika92@gmail.com"], ["firstname", "Magdolna"], ["lastname", "Kovács"], ["nickname", nil], ["role", "driver"], ["phone_number", "0739489586"], ["address", "Mun. Gheorgheni str. Stadionului nr. 4"], ["company_uid", "CPY_910P5"], ["tokens", "[FILTERED]"], ["created_at", "2023-10-23 07:49:00.727024"], ["updated_at", "2023-10-23 07:49:00.727024"]]
  [1m[36mTRANSACTION (97.3ms)[0m  [1m[35mCOMMIT[0m
  [1m[36mTRANSACTION (96.2ms)[0m  [1m[35mBEGIN[0m
  [1m[36mCompany Load (114.5ms)[0m  [1m[34mSELECT "companies".* FROM "companies" WHERE "companies"."company_uid" = $1 LIMIT $2[0m  [["company_uid", "CPY_910P5"], ["LIMIT", 1]]
  [1m[36mAdmin Create (198.2ms)[0m  [1m[32mINSERT INTO "admins" ("provider", "admin_uid", "encrypted_password", "reset_password_token", "reset_password_sent_at", "allow_password_change", "remember_created_at", "confirmation_token", "confirmed_at", "confirmation_sent_at", "unconfirmed_email", "email", "firstname", "lastname", "nickname", "role", "phone_number", "address", "company_uid", "tokens", "created_at", "updated_at") VALUES ($1, $2, $3, $4, $5, $6, $7, $8, $9, $10, $11, $12, $13, $14, $15, $16, $17, $18, $19, $20, $21, $22)[0m  [["provider", "email"], ["admin_uid", "ADM_DP3LF"], ["encrypted_password", "[FILTERED]"], ["reset_password_token", "[FILTERED]"], ["reset_password_sent_at", "[FILTERED]"], ["allow_password_change", "[FILTERED]"], ["remember_created_at", nil], ["confirmation_token", "[FILTERED]"], ["confirmed_at", nil], ["confirmation_sent_at", nil], ["unconfirmed_email", nil], ["email", "orsosspista11@gmail.com"], ["firstname", "István"], ["lastname", "Orsós"], ["nickname", nil], ["role", "driver"], ["phone_number", "0755928111"], ["address", "Com. Ciumani str. Inczelaka nr. 1398"], ["company_uid", "CPY_910P5"], ["tokens", "[FILTERED]"], ["created_at", "2023-10-23 07:49:01.656606"], ["updated_at", "2023-10-23 07:49:01.656606"]]
  [1m[36mTRANSACTION (99.9ms)[0m  [1m[35mCOMMIT[0m
  [1m[36mTRANSACTION (104.1ms)[0m  [1m[35mBEGIN[0m
  [1m[36mCompany Load (94.6ms)[0m  [1m[34mSELECT "companies".* FROM "companies" WHERE "companies"."company_uid" = $1 LIMIT $2[0m  [["company_uid", "CPY_910P5"], ["LIMIT", 1]]
  [1m[36mAdmin Create (217.1ms)[0m  [1m[32mINSERT INTO "admins" ("provider", "admin_uid", "encrypted_password", "reset_password_token", "reset_password_sent_at", "allow_password_change", "remember_created_at", "confirmation_token", "confirmed_at", "confirmation_sent_at", "unconfirmed_email", "email", "firstname", "lastname", "nickname", "role", "phone_number", "address", "company_uid", "tokens", "created_at", "updated_at") VALUES ($1, $2, $3, $4, $5, $6, $7, $8, $9, $10, $11, $12, $13, $14, $15, $16, $17, $18, $19, $20, $21, $22)[0m  [["provider", "email"], ["admin_uid", "ADM_1YMJA"], ["encrypted_password", "[FILTERED]"], ["reset_password_token", "[FILTERED]"], ["reset_password_sent_at", "[FILTERED]"], ["allow_password_change", "[FILTERED]"], ["remember_created_at", nil], ["confirmation_token", "[FILTERED]"], ["confirmed_at", nil], ["confirmation_sent_at", nil], ["unconfirmed_email", nil], ["email", "ninjanarch11@yahoo.com"], ["firstname", "Iván"], ["lastname", "Elekes"], ["nickname", nil], ["role", "driver"], ["phone_number", "0724889734"], ["address", "Com. Ciumani str. Principala nr. 12"], ["company_uid", "CPY_910P5"], ["tokens", "[FILTERED]"], ["created_at", "2023-10-23 07:49:02.566218"], ["updated_at", "2023-10-23 07:49:02.566218"]]
  [1m[36mTRANSACTION (99.0ms)[0m  [1m[35mCOMMIT[0m
  [1m[36mTRANSACTION (207.4ms)[0m  [1m[35mBEGIN[0m
  [1m[36mCompany Load (202.5ms)[0m  [1m[34mSELECT "companies".* FROM "companies" WHERE "companies"."company_uid" = $1 LIMIT $2[0m  [["company_uid", "CPY_910P5"], ["LIMIT", 1]]
  [1m[36mAdmin Create (199.6ms)[0m  [1m[32mINSERT INTO "admins" ("provider", "admin_uid", "encrypted_password", "reset_password_token", "reset_password_sent_at", "allow_password_change", "remember_created_at", "confirmation_token", "confirmed_at", "confirmation_sent_at", "unconfirmed_email", "email", "firstname", "lastname", "nickname", "role", "phone_number", "address", "company_uid", "tokens", "created_at", "updated_at") VALUES ($1, $2, $3, $4, $5, $6, $7, $8, $9, $10, $11, $12, $13, $14, $15, $16, $17, $18, $19, $20, $21, $22)[0m  [["provider", "email"], ["admin_uid", "ADM_VF79C"], ["encrypted_password", "[FILTERED]"], ["reset_password_token", "[FILTERED]"], ["reset_password_sent_at", "[FILTERED]"], ["allow_password_change", "[FILTERED]"], ["remember_created_at", nil], ["confirmation_token", "[FILTERED]"], ["confirmed_at", nil], ["confirmation_sent_at", nil], ["unconfirmed_email", nil], ["email", "karoly@gmail.com"], ["firstname", "Károly"], ["lastname", "Elekes"], ["nickname", nil], ["role", "driver"], ["phone_number", "0745399324"], ["address", "Com. Suseni str. Kéthíd nr. 198"], ["company_uid", "CPY_910P5"], ["tokens", "[FILTERED]"], ["created_at", "2023-10-23 07:49:03.704821"], ["updated_at", "2023-10-23 07:49:03.704821"]]
  [1m[36mTRANSACTION (100.2ms)[0m  [1m[35mCOMMIT[0m
  [1m[36mTRANSACTION (214.0ms)[0m  [1m[35mBEGIN[0m
  [1m[36mCompany Load (101.4ms)[0m  [1m[34mSELECT "companies".* FROM "companies" WHERE "companies"."company_uid" = $1 LIMIT $2[0m  [["company_uid", "CPY_EUMTU"], ["LIMIT", 1]]
  [1m[36mAdmin Create (121.2ms)[0m  [1m[32mINSERT INTO "admins" ("provider", "admin_uid", "encrypted_password", "reset_password_token", "reset_password_sent_at", "allow_password_change", "remember_created_at", "confirmation_token", "confirmed_at", "confirmation_sent_at", "unconfirmed_email", "email", "firstname", "lastname", "nickname", "role", "phone_number", "address", "company_uid", "tokens", "created_at", "updated_at") VALUES ($1, $2, $3, $4, $5, $6, $7, $8, $9, $10, $11, $12, $13, $14, $15, $16, $17, $18, $19, $20, $21, $22)[0m  [["provider", "email"], ["admin_uid", "ADM_EYLNE"], ["encrypted_password", "[FILTERED]"], ["reset_password_token", "[FILTERED]"], ["reset_password_sent_at", "[FILTERED]"], ["allow_password_change", "[FILTERED]"], ["remember_created_at", nil], ["confirmation_token", "[FILTERED]"], ["confirmed_at", nil], ["confirmation_sent_at", nil], ["unconfirmed_email", nil], ["email", "office@transloctrans.ro"], ["firstname", "Elemér"], ["lastname", "Kecskeméti"], ["nickname", nil], ["role", "boss"], ["phone_number", "0728493883"], ["address", "Com. Joseni str. Principala nr. 19"], ["company_uid", "CPY_EUMTU"], ["tokens", "[FILTERED]"], ["created_at", "2023-10-23 07:49:04.729516"], ["updated_at", "2023-10-23 07:49:04.729516"]]
  [1m[36mTRANSACTION (108.3ms)[0m  [1m[35mCOMMIT[0m
  [1m[36mTRANSACTION (133.9ms)[0m  [1m[35mBEGIN[0m
  [1m[36mCompany Load (123.6ms)[0m  [1m[34mSELECT "companies".* FROM "companies" WHERE "companies"."company_uid" = $1 LIMIT $2[0m  [["company_uid", "CPY_EUMTU"], ["LIMIT", 1]]
  [1m[36mAdmin Create (132.5ms)[0m  [1m[32mINSERT INTO "admins" ("provider", "admin_uid", "encrypted_password", "reset_password_token", "reset_password_sent_at", "allow_password_change", "remember_created_at", "confirmation_token", "confirmed_at", "confirmation_sent_at", "unconfirmed_email", "email", "firstname", "lastname", "nickname", "role", "phone_number", "address", "company_uid", "tokens", "created_at", "updated_at") VALUES ($1, $2, $3, $4, $5, $6, $7, $8, $9, $10, $11, $12, $13, $14, $15, $16, $17, $18, $19, $20, $21, $22)[0m  [["provider", "email"], ["admin_uid", "ADM_5I2TZ"], ["encrypted_password", "[FILTERED]"], ["reset_password_token", "[FILTERED]"], ["reset_password_sent_at", "[FILTERED]"], ["allow_password_change", "[FILTERED]"], ["remember_created_at", nil], ["confirmation_token", "[FILTERED]"], ["confirmed_at", nil], ["confirmation_sent_at", nil], ["unconfirmed_email", nil], ["email", "hompoth.krisztian2@gmail.com"], ["firstname", "Krisztián"], ["lastname", "Orsós"], ["nickname", nil], ["role", "manager"], ["phone_number", "0761837888"], ["address", "Com. Joseni str. Faluköze nr. 1"], ["company_uid", "CPY_EUMTU"], ["tokens", "[FILTERED]"], ["created_at", "2023-10-23 07:49:05.635734"], ["updated_at", "2023-10-23 07:49:05.635734"]]
  [1m[36mTRANSACTION (95.1ms)[0m  [1m[35mCOMMIT[0m
  [1m[36mTRANSACTION (102.4ms)[0m  [1m[35mBEGIN[0m
  [1m[36mCompany Load (185.4ms)[0m  [1m[34mSELECT "companies".* FROM "companies" WHERE "companies"."company_uid" = $1 LIMIT $2[0m  [["company_uid", "CPY_EUMTU"], ["LIMIT", 1]]
  [1m[36mAdmin Create (134.1ms)[0m  [1m[32mINSERT INTO "admins" ("provider", "admin_uid", "encrypted_password", "reset_password_token", "reset_password_sent_at", "allow_password_change", "remember_created_at", "confirmation_token", "confirmed_at", "confirmation_sent_at", "unconfirmed_email", "email", "firstname", "lastname", "nickname", "role", "phone_number", "address", "company_uid", "tokens", "created_at", "updated_at") VALUES ($1, $2, $3, $4, $5, $6, $7, $8, $9, $10, $11, $12, $13, $14, $15, $16, $17, $18, $19, $20, $21, $22)[0m  [["provider", "email"], ["admin_uid", "ADM_JCMAW"], ["encrypted_password", "[FILTERED]"], ["reset_password_token", "[FILTERED]"], ["reset_password_sent_at", "[FILTERED]"], ["allow_password_change", "[FILTERED]"], ["remember_created_at", nil], ["confirmation_token", "[FILTERED]"], ["confirmed_at", nil], ["confirmation_sent_at", nil], ["unconfirmed_email", nil], ["email", "csatabela2@gmail.com"], ["firstname", "Béla"], ["lastname", "Csata"], ["nickname", nil], ["role", "driver"], ["phone_number", "0752358475"], ["address", "Mun. Gheorgheni str. Ghindei nr. 1"], ["company_uid", "CPY_EUMTU"], ["tokens", "[FILTERED]"], ["created_at", "2023-10-23 07:49:06.561214"], ["updated_at", "2023-10-23 07:49:06.561214"]]
  [1m[36mTRANSACTION (97.9ms)[0m  [1m[35mCOMMIT[0m
  [1m[36mTRANSACTION (146.4ms)[0m  [1m[35mBEGIN[0m
  [1m[36mCompany Load (113.5ms)[0m  [1m[34mSELECT "companies".* FROM "companies" WHERE "companies"."company_uid" = $1 LIMIT $2[0m  [["company_uid", "CPY_EUMTU"], ["LIMIT", 1]]
  [1m[36mAdmin Create (194.0ms)[0m  [1m[32mINSERT INTO "admins" ("provider", "admin_uid", "encrypted_password", "reset_password_token", "reset_password_sent_at", "allow_password_change", "remember_created_at", "confirmation_token", "confirmed_at", "confirmation_sent_at", "unconfirmed_email", "email", "firstname", "lastname", "nickname", "role", "phone_number", "address", "company_uid", "tokens", "created_at", "updated_at") VALUES ($1, $2, $3, $4, $5, $6, $7, $8, $9, $10, $11, $12, $13, $14, $15, $16, $17, $18, $19, $20, $21, $22)[0m  [["provider", "email"], ["admin_uid", "ADM_QKKZ8"], ["encrypted_password", "[FILTERED]"], ["reset_password_token", "[FILTERED]"], ["reset_password_sent_at", "[FILTERED]"], ["allow_password_change", "[FILTERED]"], ["remember_created_at", nil], ["confirmation_token", "[FILTERED]"], ["confirmed_at", nil], ["confirmation_sent_at", nil], ["unconfirmed_email", nil], ["email", "magdi922@gmail.com"], ["firstname", "Magdolna"], ["lastname", "Kovács"], ["nickname", nil], ["role", "driver"], ["phone_number", "0739489586"], ["address", "Mun. Gheorgheni str. Stadionului nr. 4"], ["company_uid", "CPY_EUMTU"], ["tokens", "[FILTERED]"], ["created_at", "2023-10-23 07:49:07.465391"], ["updated_at", "2023-10-23 07:49:07.465391"]]
  [1m[36mTRANSACTION (116.7ms)[0m  [1m[35mCOMMIT[0m
  [1m[36mTRANSACTION (97.2ms)[0m  [1m[35mBEGIN[0m
  [1m[36mCompany Load (103.5ms)[0m  [1m[34mSELECT "companies".* FROM "companies" WHERE "companies"."company_uid" = $1 LIMIT $2[0m  [["company_uid", "CPY_EUMTU"], ["LIMIT", 1]]
  [1m[36mAdmin Create (122.6ms)[0m  [1m[32mINSERT INTO "admins" ("provider", "admin_uid", "encrypted_password", "reset_password_token", "reset_password_sent_at", "allow_password_change", "remember_created_at", "confirmation_token", "confirmed_at", "confirmation_sent_at", "unconfirmed_email", "email", "firstname", "lastname", "nickname", "role", "phone_number", "address", "company_uid", "tokens", "created_at", "updated_at") VALUES ($1, $2, $3, $4, $5, $6, $7, $8, $9, $10, $11, $12, $13, $14, $15, $16, $17, $18, $19, $20, $21, $22)[0m  [["provider", "email"], ["admin_uid", "ADM_VQSHN"], ["encrypted_password", "[FILTERED]"], ["reset_password_token", "[FILTERED]"], ["reset_password_sent_at", "[FILTERED]"], ["allow_password_change", "[FILTERED]"], ["remember_created_at", nil], ["confirmation_token", "[FILTERED]"], ["confirmed_at", nil], ["confirmation_sent_at", nil], ["unconfirmed_email", nil], ["email", "orsospista112@gmail.com"], ["firstname", "István"], ["lastname", "Orsós"], ["nickname", nil], ["role", "driver"], ["phone_number", "0755928111"], ["address", "Com. Ciumani str. Inczelaka nr. 1398"], ["company_uid", "CPY_EUMTU"], ["tokens", "[FILTERED]"], ["created_at", "2023-10-23 07:49:08.406613"], ["updated_at", "2023-10-23 07:49:08.406613"]]
  [1m[36mTRANSACTION (94.6ms)[0m  [1m[35mCOMMIT[0m
  [1m[36mTRANSACTION (156.7ms)[0m  [1m[35mBEGIN[0m
  [1m[36mCompany Load (112.3ms)[0m  [1m[34mSELECT "companies".* FROM "companies" WHERE "companies"."company_uid" = $1 LIMIT $2[0m  [["company_uid", "CPY_EUMTU"], ["LIMIT", 1]]
  [1m[36mAdmin Create (163.0ms)[0m  [1m[32mINSERT INTO "admins" ("provider", "admin_uid", "encrypted_password", "reset_password_token", "reset_password_sent_at", "allow_password_change", "remember_created_at", "confirmation_token", "confirmed_at", "confirmation_sent_at", "unconfirmed_email", "email", "firstname", "lastname", "nickname", "role", "phone_number", "address", "company_uid", "tokens", "created_at", "updated_at") VALUES ($1, $2, $3, $4, $5, $6, $7, $8, $9, $10, $11, $12, $13, $14, $15, $16, $17, $18, $19, $20, $21, $22)[0m  [["provider", "email"], ["admin_uid", "ADM_V9MGF"], ["encrypted_password", "[FILTERED]"], ["reset_password_token", "[FILTERED]"], ["reset_password_sent_at", "[FILTERED]"], ["allow_password_change", "[FILTERED]"], ["remember_created_at", nil], ["confirmation_token", "[FILTERED]"], ["confirmed_at", nil], ["confirmation_sent_at", nil], ["unconfirmed_email", nil], ["email", "ninjanarc2h@yahoo.com"], ["firstname", "Iván"], ["lastname", "Elekes"], ["nickname", nil], ["role", "driver"], ["phone_number", "0724889734"], ["address", "Com. Ciumani str. Principala nr. 12"], ["company_uid", "CPY_EUMTU"], ["tokens", "[FILTERED]"], ["created_at", "2023-10-23 07:49:09.307799"], ["updated_at", "2023-10-23 07:49:09.307799"]]
  [1m[36mTRANSACTION (100.7ms)[0m  [1m[35mCOMMIT[0m
  [1m[36mTRANSACTION (98.8ms)[0m  [1m[35mBEGIN[0m
  [1m[36mCompany Load (103.0ms)[0m  [1m[34mSELECT "companies".* FROM "companies" WHERE "companies"."company_uid" = $1 LIMIT $2[0m  [["company_uid", "CPY_EUMTU"], ["LIMIT", 1]]
  [1m[36mAdmin Create (121.5ms)[0m  [1m[32mINSERT INTO "admins" ("provider", "admin_uid", "encrypted_password", "reset_password_token", "reset_password_sent_at", "allow_password_change", "remember_created_at", "confirmation_token", "confirmed_at", "confirmation_sent_at", "unconfirmed_email", "email", "firstname", "lastname", "nickname", "role", "phone_number", "address", "company_uid", "tokens", "created_at", "updated_at") VALUES ($1, $2, $3, $4, $5, $6, $7, $8, $9, $10, $11, $12, $13, $14, $15, $16, $17, $18, $19, $20, $21, $22)[0m  [["provider", "email"], ["admin_uid", "ADM_A5VSU"], ["encrypted_password", "[FILTERED]"], ["reset_password_token", "[FILTERED]"], ["reset_password_sent_at", "[FILTERED]"], ["allow_password_change", "[FILTERED]"], ["remember_created_at", nil], ["confirmation_token", "[FILTERED]"], ["confirmed_at", nil], ["confirmation_sent_at", nil], ["unconfirmed_email", nil], ["email", "2@gmail.com"], ["firstname", "Károly"], ["lastname", "Elekes"], ["nickname", nil], ["role", "driver"], ["phone_number", "0745399324"], ["address", "Com. Suseni str. Kéthíd nr. 198"], ["company_uid", "CPY_EUMTU"], ["tokens", "[FILTERED]"], ["created_at", "2023-10-23 07:49:10.185518"], ["updated_at", "2023-10-23 07:49:10.185518"]]
  [1m[36mTRANSACTION (95.0ms)[0m  [1m[35mCOMMIT[0m
  [1m[36mTRANSACTION (94.0ms)[0m  [1m[35mBEGIN[0m
  [1m[36mStation Create (182.7ms)[0m  [1m[32mINSERT INTO "stations" ("station_uid", "name", "longitude", "latitude", "city", "address", "created_at", "updated_at") VALUES ($1, $2, $3, $4, $5, $6, $7, $8) RETURNING "station_uid"[0m  [["station_uid", "STT_BPC14"], ["name", "Csomafalva központ"], ["longitude", "25.515264"], ["latitude", "46.6791797"], ["city", "Ciumani"], ["address", "Str. Principala nr. 89"], ["created_at", "2023-10-23 07:49:11.200162"], ["updated_at", "2023-10-23 07:49:11.200162"]]
  [1m[36mTRANSACTION (200.9ms)[0m  [1m[35mCOMMIT[0m
  [1m[36mTRANSACTION (97.9ms)[0m  [1m[35mBEGIN[0m
  [1m[36mStation Create (202.1ms)[0m  [1m[32mINSERT INTO "stations" ("station_uid", "name", "longitude", "latitude", "city", "address", "created_at", "updated_at") VALUES ($1, $2, $3, $4, $5, $6, $7, $8) RETURNING "station_uid"[0m  [["station_uid", "STT_7GNT0"], ["name", "Csomafalva szászfalu"], ["longitude", "25.4547497"], ["latitude", "46.6729104"], ["city", "Ciumani"], ["address", "Str. Tötés nr. 18"], ["created_at", "2023-10-23 07:49:11.690038"], ["updated_at", "2023-10-23 07:49:11.690038"]]
  [1m[36mTRANSACTION (100.3ms)[0m  [1m[35mCOMMIT[0m
  [1m[36mTRANSACTION (94.6ms)[0m  [1m[35mBEGIN[0m
  [1m[36mStation Create (203.9ms)[0m  [1m[32mINSERT INTO "stations" ("station_uid", "name", "longitude", "latitude", "city", "address", "created_at", "updated_at") VALUES ($1, $2, $3, $4, $5, $6, $7, $8) RETURNING "station_uid"[0m  [["station_uid", "STT_R0M7W"], ["name", "Alfalu központ"], ["longitude", "25.493437"], ["latitude", "6.7002046"], ["city", "Joseni"], ["address", "Str. Ciumani nr. 88"], ["created_at", "2023-10-23 07:49:12.100732"], ["updated_at", "2023-10-23 07:49:12.100732"]]
  [1m[36mTRANSACTION (99.4ms)[0m  [1m[35mCOMMIT[0m
  [1m[36mTRANSACTION (100.5ms)[0m  [1m[35mBEGIN[0m
  [1m[36mStation Create (150.6ms)[0m  [1m[32mINSERT INTO "stations" ("station_uid", "name", "longitude", "latitude", "city", "address", "created_at", "updated_at") VALUES ($1, $2, $3, $4, $5, $6, $7, $8) RETURNING "station_uid"[0m  [["station_uid", "STT_SLXQK"], ["name", "Alfalu lengyár"], ["longitude", "25.5151177"], ["latitude", "46.70528"], ["city", "Joseni"], ["address", "Str. Gheorgheni nr. 3"], ["created_at", "2023-10-23 07:49:12.510917"], ["updated_at", "2023-10-23 07:49:12.510917"]]
  [1m[36mTRANSACTION (105.7ms)[0m  [1m[35mCOMMIT[0m
  [1m[36mTRANSACTION (94.5ms)[0m  [1m[35mBEGIN[0m
  [1m[36mStation Create (141.8ms)[0m  [1m[32mINSERT INTO "stations" ("station_uid", "name", "longitude", "latitude", "city", "address", "created_at", "updated_at") VALUES ($1, $2, $3, $4, $5, $6, $7, $8) RETURNING "station_uid"[0m  [["station_uid", "STT_RIOOS"], ["name", "Gyergyó állomás"], ["longitude", "25.5679183"], ["latitude", "46.7164726"], ["city", "Gheorgheni"], ["address", "Str. Garii nr. 16"], ["created_at", "2023-10-23 07:49:12.879694"], ["updated_at", "2023-10-23 07:49:12.879694"]]
  [1m[36mTRANSACTION (103.9ms)[0m  [1m[35mCOMMIT[0m
  [1m[36mTRANSACTION (92.4ms)[0m  [1m[35mBEGIN[0m
  [1m[36mStation Create (110.0ms)[0m  [1m[32mINSERT INTO "stations" ("station_uid", "name", "longitude", "latitude", "city", "address", "created_at", "updated_at") VALUES ($1, $2, $3, $4, $5, $6, $7, $8) RETURNING "station_uid"[0m  [["station_uid", "STT_URMWR"], ["name", "Gyergyó Maros hotel"], ["longitude", "25.5823401"], ["latitude", "46.7209535"], ["city", "Gheorgheni"], ["address", "Bul. Fratiei nr. 65"], ["created_at", "2023-10-23 07:49:13.231499"], ["updated_at", "2023-10-23 07:49:13.231499"]]
  [1m[36mTRANSACTION (95.3ms)[0m  [1m[35mCOMMIT[0m
  [1m[36mTRANSACTION (97.2ms)[0m  [1m[35mBEGIN[0m
  [1m[36mRoute Create (184.6ms)[0m  [1m[32mINSERT INTO "routes" ("route_uid", "name", "created_at", "updated_at") VALUES ($1, $2, $3, $4)[0m  [["route_uid", "ROU_8M78D"], ["name", "Szászfalu-Gyergyó"], ["created_at", "2023-10-23 07:49:13.956904"], ["updated_at", "2023-10-23 07:49:13.956904"]]
  [1m[36mTRANSACTION (102.6ms)[0m  [1m[35mCOMMIT[0m
  [1m[36mRoute Load (204.7ms)[0m  [1m[34mSELECT "routes".* FROM "routes" WHERE "routes"."name" = $1 LIMIT $2[0m  [["name", "Szászfalu-Gyergyó"], ["LIMIT", 1]]
  [1m[36mStation Load (204.6ms)[0m  [1m[34mSELECT "stations".* FROM "stations" WHERE "stations"."name" = $1 LIMIT $2[0m  [["name", "Csomafalva központ"], ["LIMIT", 1]]
  [1m[36mActiveRecord::SchemaMigration Pluck (201.6ms)[0m  [1m[34mSELECT "schema_migrations"."version" FROM "schema_migrations" ORDER BY "schema_migrations"."version" ASC[0m
  [1m[36mActiveRecord::InternalMetadata Pluck (204.7ms)[0m  [1m[34mSELECT "ar_internal_metadata"."value" FROM "ar_internal_metadata" WHERE "ar_internal_metadata"."key" = $1 LIMIT $2[0m  [["key", "environment"], ["LIMIT", 1]]
  [1m[36mActiveRecord::SchemaMigration Pluck (110.2ms)[0m  [1m[34mSELECT "schema_migrations"."version" FROM "schema_migrations" ORDER BY "schema_migrations"."version" ASC[0m
  [1m[36mActiveRecord::InternalMetadata Pluck (107.4ms)[0m  [1m[34mSELECT "ar_internal_metadata"."value" FROM "ar_internal_metadata" WHERE "ar_internal_metadata"."key" = $1 LIMIT $2[0m  [["key", "environment"], ["LIMIT", 1]]
  [1m[36mActiveRecord::SchemaMigration Pluck (100.4ms)[0m  [1m[34mSELECT "schema_migrations"."version" FROM "schema_migrations" ORDER BY "schema_migrations"."version" ASC[0m
  [1m[36mActiveRecord::InternalMetadata Pluck (149.5ms)[0m  [1m[34mSELECT "ar_internal_metadata"."value" FROM "ar_internal_metadata" WHERE "ar_internal_metadata"."key" = $1 LIMIT $2[0m  [["key", "environment"], ["LIMIT", 1]]
  [1m[35m (176.6ms)[0m  [1m[35mDROP DATABASE IF EXISTS "bus4u_db"[0m
  [1m[35m (38.1ms)[0m  [1m[35mDROP DATABASE IF EXISTS "API_test"[0m
  [1m[35m (300.3ms)[0m  [1m[35mCREATE DATABASE "bus4u_db" ENCODING = 'unicode'[0m
  [1m[35m (153.8ms)[0m  [1m[35mCREATE DATABASE "API_test" ENCODING = 'unicode'[0m
  [1m[35m (195.4ms)[0m  [1m[35mCREATE TABLE "schema_migrations" ("version" character varying NOT NULL PRIMARY KEY)[0m
  [1m[35m (203.3ms)[0m  [1m[35mCREATE TABLE "ar_internal_metadata" ("key" character varying NOT NULL PRIMARY KEY, "value" character varying, "created_at" timestamp(6) NOT NULL, "updated_at" timestamp(6) NOT NULL)[0m
  [1m[35m (205.0ms)[0m  [1m[34mSELECT pg_try_advisory_lock(328290156475937670)[0m
  [1m[36mActiveRecord::SchemaMigration Pluck (171.7ms)[0m  [1m[34mSELECT "schema_migrations"."version" FROM "schema_migrations" ORDER BY "schema_migrations"."version" ASC[0m
Migrating to DeviseTokenAuthCreateUsers (20231012145933)
  [1m[36mTRANSACTION (98.9ms)[0m  [1m[35mBEGIN[0m
  [1m[35m (218.2ms)[0m  [1m[35mCREATE TABLE "users" ("provider" character varying DEFAULT 'email' NOT NULL, "user_uid" character varying DEFAULT '' NOT NULL, "encrypted_password" character varying DEFAULT '' NOT NULL, "reset_password_token" character varying, "reset_password_sent_at" timestamp(6), "allow_password_change" boolean DEFAULT FALSE, "remember_created_at" timestamp(6), "confirmation_token" character varying, "confirmed_at" timestamp(6), "confirmation_sent_at" timestamp(6), "unconfirmed_email" character varying, "firstname" character varying, "lastname" character varying, "email" character varying, "phone_number" character varying, "language" character varying, "tokens" json, "created_at" timestamp(6) NOT NULL, "updated_at" timestamp(6) NOT NULL)[0m
  [1m[35m (203.9ms)[0m  [1m[35mCREATE UNIQUE INDEX "index_users_on_email" ON "users" ("email")[0m
  [1m[35m (201.5ms)[0m  [1m[35mCREATE UNIQUE INDEX "index_users_on_user_uid_and_provider" ON "users" ("user_uid", "provider")[0m
  [1m[35m (203.1ms)[0m  [1m[35mCREATE UNIQUE INDEX "index_users_on_reset_password_token" ON "users" ("reset_password_token")[0m
  [1m[35m (201.9ms)[0m  [1m[35mCREATE UNIQUE INDEX "index_users_on_confirmation_token" ON "users" ("confirmation_token")[0m
  [1m[36mActiveRecord::SchemaMigration Create (164.5ms)[0m  [1m[32mINSERT INTO "schema_migrations" ("version") VALUES ($1) RETURNING "version"[0m  [["version", "20231012145933"]]
  [1m[36mTRANSACTION (97.3ms)[0m  [1m[35mCOMMIT[0m
Migrating to DeviseTokenAuthCreateAdmins (20231012150243)
  [1m[36mTRANSACTION (95.3ms)[0m  [1m[35mBEGIN[0m
  [1m[35m (115.8ms)[0m  [1m[35mCREATE TABLE "admins" ("provider" character varying DEFAULT 'email' NOT NULL, "admin_uid" character varying DEFAULT '' NOT NULL, "encrypted_password" character varying DEFAULT '' NOT NULL, "reset_password_token" character varying, "reset_password_sent_at" timestamp(6), "allow_password_change" boolean DEFAULT FALSE, "remember_created_at" timestamp(6), "confirmation_token" character varying, "confirmed_at" timestamp(6), "confirmation_sent_at" timestamp(6), "unconfirmed_email" character varying, "email" character varying, "firstname" character varying, "lastname" character varying, "nickname" character varying, "role" character varying, "phone_number" character varying, "address" character varying, "company_uid" character varying, "tokens" json, "created_at" timestamp(6) NOT NULL, "updated_at" timestamp(6) NOT NULL)[0m
  [1m[35m (107.9ms)[0m  [1m[35mCREATE UNIQUE INDEX "index_admins_on_email" ON "admins" ("email")[0m
  [1m[35m (106.1ms)[0m  [1m[35mCREATE UNIQUE INDEX "index_admins_on_admin_uid_and_provider" ON "admins" ("admin_uid", "provider")[0m
  [1m[35m (129.3ms)[0m  [1m[35mCREATE UNIQUE INDEX "index_admins_on_reset_password_token" ON "admins" ("reset_password_token")[0m
  [1m[35m (155.7ms)[0m  [1m[35mCREATE UNIQUE INDEX "index_admins_on_confirmation_token" ON "admins" ("confirmation_token")[0m
  [1m[36mActiveRecord::SchemaMigration Create (122.0ms)[0m  [1m[32mINSERT INTO "schema_migrations" ("version") VALUES ($1) RETURNING "version"[0m  [["version", "20231012150243"]]
  [1m[36mTRANSACTION (97.4ms)[0m  [1m[35mCOMMIT[0m
Migrating to CreateCompanies (20231022154945)
  [1m[36mTRANSACTION (90.8ms)[0m  [1m[35mBEGIN[0m
  [1m[35m (110.3ms)[0m  [1m[35mCREATE TABLE "companies" ("company_uid" character varying NOT NULL PRIMARY KEY, "name" character varying, "email" character varying, "phone_number" character varying, "tax_number" character varying, "city" character varying, "office_address" character varying, "created_at" timestamp(6) NOT NULL, "updated_at" timestamp(6) NOT NULL)[0m
  [1m[36mActiveRecord::SchemaMigration Create (103.3ms)[0m  [1m[32mINSERT INTO "schema_migrations" ("version") VALUES ($1) RETURNING "version"[0m  [["version", "20231022154945"]]
  [1m[36mTRANSACTION (92.7ms)[0m  [1m[35mCOMMIT[0m
Migrating to CreateBuses (20231022155022)
  [1m[36mTRANSACTION (90.9ms)[0m  [1m[35mBEGIN[0m
  [1m[35m (153.5ms)[0m  [1m[35mCREATE TABLE "buses" ("bus_uid" character varying NOT NULL PRIMARY KEY, "company_uid" character varying, "string" character varying, "license_plate" character varying, "brand" character varying, "manufacturing_year" integer, "capacity" integer, "road_tax" timestamp(6), "insurance" timestamp(6), "technical_exam" timestamp(6), "created_at" timestamp(6) NOT NULL, "updated_at" timestamp(6) NOT NULL)[0m
  [1m[36mActiveRecord::SchemaMigration Create (98.6ms)[0m  [1m[32mINSERT INTO "schema_migrations" ("version") VALUES ($1) RETURNING "version"[0m  [["version", "20231022155022"]]
  [1m[36mTRANSACTION (99.1ms)[0m  [1m[35mCOMMIT[0m
Migrating to CreateStations (20231022155044)
  [1m[36mTRANSACTION (99.9ms)[0m  [1m[35mBEGIN[0m
  [1m[35m (125.7ms)[0m  [1m[35mCREATE TABLE "stations" ("station_uid" character varying NOT NULL PRIMARY KEY, "name" character varying, "longitude" decimal, "latitude" decimal, "city" character varying, "address" character varying, "created_at" timestamp(6) NOT NULL, "updated_at" timestamp(6) NOT NULL)[0m
  [1m[36mActiveRecord::SchemaMigration Create (108.9ms)[0m  [1m[32mINSERT INTO "schema_migrations" ("version") VALUES ($1) RETURNING "version"[0m  [["version", "20231022155044"]]
  [1m[36mTRANSACTION (191.0ms)[0m  [1m[35mCOMMIT[0m
Migrating to CreateRoutes (20231022155105)
  [1m[36mTRANSACTION (199.3ms)[0m  [1m[35mBEGIN[0m
  [1m[35m (200.8ms)[0m  [1m[35mCREATE TABLE "routes" ("route_uid" character varying NOT NULL PRIMARY KEY, "name" character varying, "created_at" timestamp(6) NOT NULL, "updated_at" timestamp(6) NOT NULL)[0m
  [1m[36mActiveRecord::SchemaMigration Create (197.2ms)[0m  [1m[32mINSERT INTO "schema_migrations" ("version") VALUES ($1) RETURNING "version"[0m  [["version", "20231022155105"]]
  [1m[36mTRANSACTION (108.1ms)[0m  [1m[35mCOMMIT[0m
Migrating to CreateRouteStations (20231022155131)
  [1m[36mTRANSACTION (87.9ms)[0m  [1m[35mBEGIN[0m
  [1m[35m (204.3ms)[0m  [1m[35mCREATE TABLE "route_stations" ("route_station_uid" character varying NOT NULL PRIMARY KEY, "station_uid" character varying, "route_uid" character varying, "departure_time" timestamp(6), "sequence" integer, "created_at" timestamp(6) NOT NULL, "updated_at" timestamp(6) NOT NULL)[0m
  [1m[36mActiveRecord::SchemaMigration Create (200.7ms)[0m  [1m[32mINSERT INTO "schema_migrations" ("version") VALUES ($1) RETURNING "version"[0m  [["version", "20231022155131"]]
  [1m[36mTRANSACTION (201.3ms)[0m  [1m[35mCOMMIT[0m
Migrating to CreateTickets (20231022155206)
  [1m[36mTRANSACTION (96.1ms)[0m  [1m[35mBEGIN[0m
  [1m[35m (203.3ms)[0m  [1m[35mCREATE TABLE "tickets" ("ticket_uid" character varying NOT NULL PRIMARY KEY, "company_uid" character varying, "type" character varying, "price_uid" character varying, "created_at" timestamp(6) NOT NULL, "updated_at" timestamp(6) NOT NULL)[0m
  [1m[36mActiveRecord::SchemaMigration Create (200.9ms)[0m  [1m[32mINSERT INTO "schema_migrations" ("version") VALUES ($1) RETURNING "version"[0m  [["version", "20231022155206"]]
  [1m[36mTRANSACTION (98.5ms)[0m  [1m[35mCOMMIT[0m
Migrating to CreateBoughtTickets (20231022155234)
  [1m[36mTRANSACTION (95.6ms)[0m  [1m[35mBEGIN[0m
  [1m[35m (143.7ms)[0m  [1m[35mCREATE TABLE "bought_tickets" ("bought_ticket_uid" character varying NOT NULL PRIMARY KEY, "ticket_uid" character varying, "user_uid" character varying, "date_of_purchase" timestamp(6), "expiration_date" timestamp(6), "is_vaild" boolean, "created_at" timestamp(6) NOT NULL, "updated_at" timestamp(6) NOT NULL)[0m
  [1m[36mActiveRecord::SchemaMigration Create (106.6ms)[0m  [1m[32mINSERT INTO "schema_migrations" ("version") VALUES ($1) RETURNING "version"[0m  [["version", "20231022155234"]]
  [1m[36mTRANSACTION (90.1ms)[0m  [1m[35mCOMMIT[0m
Migrating to CreatePrices (20231022155344)
  [1m[36mTRANSACTION (99.8ms)[0m  [1m[35mBEGIN[0m
  [1m[35m (158.5ms)[0m  [1m[35mCREATE TABLE "prices" ("price_uid" character varying NOT NULL PRIMARY KEY, "route_uid" character varying, "from_station_uid" character varying, "to_station_uid" character varying, "ticket_price" decimal, "created_at" timestamp(6) NOT NULL, "updated_at" timestamp(6) NOT NULL)[0m
  [1m[36mActiveRecord::SchemaMigration Create (204.0ms)[0m  [1m[32mINSERT INTO "schema_migrations" ("version") VALUES ($1) RETURNING "version"[0m  [["version", "20231022155344"]]
  [1m[36mTRANSACTION (102.1ms)[0m  [1m[35mCOMMIT[0m
Migrating to CreateCompanyStations (20231022191053)
  [1m[36mTRANSACTION (93.1ms)[0m  [1m[35mBEGIN[0m
  [1m[35m (153.6ms)[0m  [1m[35mCREATE TABLE "company_stations" ("company_station_uid" character varying NOT NULL PRIMARY KEY, "created_at" timestamp(6) NOT NULL, "updated_at" timestamp(6) NOT NULL)[0m
  [1m[36mActiveRecord::SchemaMigration Create (106.2ms)[0m  [1m[32mINSERT INTO "schema_migrations" ("version") VALUES ($1) RETURNING "version"[0m  [["version", "20231022191053"]]
  [1m[36mTRANSACTION (95.2ms)[0m  [1m[35mCOMMIT[0m
  [1m[36mActiveRecord::InternalMetadata Load (97.7ms)[0m  [1m[34mSELECT "ar_internal_metadata".* FROM "ar_internal_metadata" WHERE "ar_internal_metadata"."key" = $1 LIMIT $2[0m  [["key", "environment"], ["LIMIT", 1]]
  [1m[36mTRANSACTION (93.2ms)[0m  [1m[35mBEGIN[0m
  [1m[36mActiveRecord::InternalMetadata Create (117.2ms)[0m  [1m[32mINSERT INTO "ar_internal_metadata" ("key", "value", "created_at", "updated_at") VALUES ($1, $2, $3, $4) RETURNING "key"[0m  [["key", "environment"], ["value", "development"], ["created_at", "2023-10-23 07:51:34.080985"], ["updated_at", "2023-10-23 07:51:34.080985"]]
  [1m[36mTRANSACTION (96.5ms)[0m  [1m[35mCOMMIT[0m
  [1m[35m (110.3ms)[0m  [1m[34mSELECT pg_advisory_unlock(328290156475937670)[0m
  [1m[36mActiveRecord::SchemaMigration Pluck (106.7ms)[0m  [1m[34mSELECT "schema_migrations"."version" FROM "schema_migrations" ORDER BY "schema_migrations"."version" ASC[0m
  [1m[36mActiveRecord::SchemaMigration Pluck (119.9ms)[0m  [1m[34mSELECT "schema_migrations"."version" FROM "schema_migrations" ORDER BY "schema_migrations"."version" ASC[0m
  [1m[36mTRANSACTION (133.5ms)[0m  [1m[35mBEGIN[0m
  [1m[36mCompany Create (201.7ms)[0m  [1m[32mINSERT INTO "companies" ("company_uid", "name", "email", "phone_number", "tax_number", "city", "office_address", "created_at", "updated_at") VALUES ($1, $2, $3, $4, $5, $6, $7, $8, $9) RETURNING "company_uid"[0m  [["company_uid", "CPY_4BYYP"], ["name", "VANDOR TRANS TOURS SRL"], ["email", "office@vandortrans.ro"], ["phone_number", "0762883716"], ["tax_number", "49281782"], ["city", "Gheorgheni"], ["office_address", "Str. Kossuth Lajos nr. 91"], ["created_at", "2023-10-23 07:52:06.336390"], ["updated_at", "2023-10-23 07:52:06.336390"]]
  [1m[36mTRANSACTION (117.6ms)[0m  [1m[35mCOMMIT[0m
  [1m[36mTRANSACTION (114.8ms)[0m  [1m[35mBEGIN[0m
  [1m[36mCompany Create (119.7ms)[0m  [1m[32mINSERT INTO "companies" ("company_uid", "name", "email", "phone_number", "tax_number", "city", "office_address", "created_at", "updated_at") VALUES ($1, $2, $3, $4, $5, $6, $7, $8, $9) RETURNING "company_uid"[0m  [["company_uid", "CPY_9WDRE"], ["name", "PANORAMA TURIST SRL"], ["email", "panorama@gmail.com"], ["phone_number", "0755197688"], ["tax_number", "74112365"], ["city", "Ditrau"], ["office_address", "Str. Dealul frumos 73/A"], ["created_at", "2023-10-23 07:52:06.802699"], ["updated_at", "2023-10-23 07:52:06.802699"]]
  [1m[36mTRANSACTION (96.8ms)[0m  [1m[35mCOMMIT[0m
  [1m[36mTRANSACTION (145.1ms)[0m  [1m[35mBEGIN[0m
  [1m[36mCompany Create (202.1ms)[0m  [1m[32mINSERT INTO "companies" ("company_uid", "name", "email", "phone_number", "tax_number", "city", "office_address", "created_at", "updated_at") VALUES ($1, $2, $3, $4, $5, $6, $7, $8, $9) RETURNING "company_uid"[0m  [["company_uid", "CPY_RNPUV"], ["name", "BALINT TRANS SRL"], ["email", "balinttrans@yahoo.com"], ["phone_number", "0723763998"], ["tax_number", "41549877"], ["city", "Targu Mures"], ["office_address", "Str. Bega nr. 9"], ["created_at", "2023-10-23 07:52:07.145923"], ["updated_at", "2023-10-23 07:52:07.145923"]]
  [1m[36mTRANSACTION (199.5ms)[0m  [1m[35mCOMMIT[0m
  [1m[36mTRANSACTION (202.8ms)[0m  [1m[35mBEGIN[0m
  [1m[36mCompany Create (198.1ms)[0m  [1m[32mINSERT INTO "companies" ("company_uid", "name", "email", "phone_number", "tax_number", "city", "office_address", "created_at", "updated_at") VALUES ($1, $2, $3, $4, $5, $6, $7, $8, $9) RETURNING "company_uid"[0m  [["company_uid", "CPY_ME599"], ["name", "TRANSPORT LOCAL SA"], ["email", "office@vandortrans.ro"], ["phone_number", "0763777716"], ["tax_number", "87654782"], ["city", "Targu Mures"], ["office_address", "Str. Bega nr. 2"], ["created_at", "2023-10-23 07:52:07.704476"], ["updated_at", "2023-10-23 07:52:07.704476"]]
  [1m[36mTRANSACTION (200.3ms)[0m  [1m[35mCOMMIT[0m
  [1m[36mCompany Load (203.1ms)[0m  [1m[34mSELECT "companies".* FROM "companies" WHERE "companies"."name" = $1 LIMIT $2[0m  [["name", "VANDOR TRANS TOURS SRL"], ["LIMIT", 1]]
  [1m[36mTRANSACTION (145.4ms)[0m  [1m[35mBEGIN[0m
  [1m[36mCompany Load (204.7ms)[0m  [1m[34mSELECT "companies".* FROM "companies" WHERE "companies"."company_uid" = $1 LIMIT $2[0m  [["company_uid", "CPY_4BYYP"], ["LIMIT", 1]]
  [1m[36mBus Create (120.4ms)[0m  [1m[32mINSERT INTO "buses" ("bus_uid", "company_uid", "string", "license_plate", "brand", "manufacturing_year", "capacity", "road_tax", "insurance", "technical_exam", "created_at", "updated_at") VALUES ($1, $2, $3, $4, $5, $6, $7, $8, $9, $10, $11, $12) RETURNING "bus_uid"[0m  [["bus_uid", "BUS_NYMWF"], ["company_uid", "CPY_4BYYP"], ["string", nil], ["license_plate", "HR49VTT"], ["brand", "Mercedes Integro"], ["manufacturing_year", 2003], ["capacity", 73], ["road_tax", "2023-12-10 00:00:00"], ["insurance", "2023-12-22 00:00:00"], ["technical_exam", "2023-10-10 00:00:00"], ["created_at", "2023-10-23 07:52:09.855331"], ["updated_at", "2023-10-23 07:52:09.855331"]]
  [1m[36mTRANSACTION (176.6ms)[0m  [1m[35mCOMMIT[0m
  [1m[36mTRANSACTION (106.5ms)[0m  [1m[35mBEGIN[0m
  [1m[36mCompany Load (113.3ms)[0m  [1m[34mSELECT "companies".* FROM "companies" WHERE "companies"."company_uid" = $1 LIMIT $2[0m  [["company_uid", "CPY_4BYYP"], ["LIMIT", 1]]
  [1m[36mBus Create (175.8ms)[0m  [1m[32mINSERT INTO "buses" ("bus_uid", "company_uid", "string", "license_plate", "brand", "manufacturing_year", "capacity", "road_tax", "insurance", "technical_exam", "created_at", "updated_at") VALUES ($1, $2, $3, $4, $5, $6, $7, $8, $9, $10, $11, $12) RETURNING "bus_uid"[0m  [["bus_uid", "BUS_ZKUX2"], ["company_uid", "CPY_4BYYP"], ["string", nil], ["license_plate", "HR22VTT"], ["brand", "Setra S516"], ["manufacturing_year", 2009], ["capacity", 57], ["road_tax", "2024-04-28 00:00:00"], ["insurance", "2024-12-02 00:00:00"], ["technical_exam", "2024-03-03 00:00:00"], ["created_at", "2023-10-23 07:52:10.390170"], ["updated_at", "2023-10-23 07:52:10.390170"]]
  [1m[36mTRANSACTION (199.7ms)[0m  [1m[35mCOMMIT[0m
  [1m[36mTRANSACTION (200.9ms)[0m  [1m[35mBEGIN[0m
  [1m[36mCompany Load (200.5ms)[0m  [1m[34mSELECT "companies".* FROM "companies" WHERE "companies"."company_uid" = $1 LIMIT $2[0m  [["company_uid", "CPY_4BYYP"], ["LIMIT", 1]]
  [1m[36mBus Create (201.0ms)[0m  [1m[32mINSERT INTO "buses" ("bus_uid", "company_uid", "string", "license_plate", "brand", "manufacturing_year", "capacity", "road_tax", "insurance", "technical_exam", "created_at", "updated_at") VALUES ($1, $2, $3, $4, $5, $6, $7, $8, $9, $10, $11, $12) RETURNING "bus_uid"[0m  [["bus_uid", "BUS_JMK2C"], ["company_uid", "CPY_4BYYP"], ["string", nil], ["license_plate", "HR56VTT"], ["brand", "Mercedes Vario"], ["manufacturing_year", 2019], ["capacity", 45], ["road_tax", "2024-05-21 00:00:00"], ["insurance", "2023-10-22 00:00:00"], ["technical_exam", "2024-11-08 00:00:00"], ["created_at", "2023-10-23 07:52:11.184679"], ["updated_at", "2023-10-23 07:52:11.184679"]]
  [1m[36mTRANSACTION (199.8ms)[0m  [1m[35mCOMMIT[0m
  [1m[36mTRANSACTION (199.7ms)[0m  [1m[35mBEGIN[0m
  [1m[36mCompany Load (202.7ms)[0m  [1m[34mSELECT "companies".* FROM "companies" WHERE "companies"."company_uid" = $1 LIMIT $2[0m  [["company_uid", "CPY_4BYYP"], ["LIMIT", 1]]
  [1m[36mBus Create (199.6ms)[0m  [1m[32mINSERT INTO "buses" ("bus_uid", "company_uid", "string", "license_plate", "brand", "manufacturing_year", "capacity", "road_tax", "insurance", "technical_exam", "created_at", "updated_at") VALUES ($1, $2, $3, $4, $5, $6, $7, $8, $9, $10, $11, $12) RETURNING "bus_uid"[0m  [["bus_uid", "BUS_HH78U"], ["company_uid", "CPY_4BYYP"], ["string", nil], ["license_plate", "HR67VTT"], ["brand", "Mercedes Vito"], ["manufacturing_year", 2011], ["capacity", 24], ["road_tax", "2024-06-29 00:00:00"], ["insurance", "2024-01-28 00:00:00"], ["technical_exam", "2024-06-11 00:00:00"], ["created_at", "2023-10-23 07:52:12.005463"], ["updated_at", "2023-10-23 07:52:12.005463"]]
  [1m[36mTRANSACTION (200.1ms)[0m  [1m[35mCOMMIT[0m
  [1m[36mTRANSACTION (200.0ms)[0m  [1m[35mBEGIN[0m
  [1m[36mCompany Load (200.1ms)[0m  [1m[34mSELECT "companies".* FROM "companies" WHERE "companies"."company_uid" = $1 LIMIT $2[0m  [["company_uid", "CPY_4BYYP"], ["LIMIT", 1]]
  [1m[36mBus Create (202.0ms)[0m  [1m[32mINSERT INTO "buses" ("bus_uid", "company_uid", "string", "license_plate", "brand", "manufacturing_year", "capacity", "road_tax", "insurance", "technical_exam", "created_at", "updated_at") VALUES ($1, $2, $3, $4, $5, $6, $7, $8, $9, $10, $11, $12) RETURNING "bus_uid"[0m  [["bus_uid", "BUS_4JAY4"], ["company_uid", "CPY_4BYYP"], ["string", nil], ["license_plate", "HR12VTT"], ["brand", "Otokar Sultan"], ["manufacturing_year", 2011], ["capacity", 24], ["road_tax", "2024-06-29 00:00:00"], ["insurance", "2024-01-25 00:00:00"], ["technical_exam", "2024-06-11 00:00:00"], ["created_at", "2023-10-23 07:52:12.823174"], ["updated_at", "2023-10-23 07:52:12.823174"]]
  [1m[36mTRANSACTION (200.1ms)[0m  [1m[35mCOMMIT[0m
  [1m[36mTRANSACTION (198.9ms)[0m  [1m[35mBEGIN[0m
  [1m[36mCompany Load (200.7ms)[0m  [1m[34mSELECT "companies".* FROM "companies" WHERE "companies"."company_uid" = $1 LIMIT $2[0m  [["company_uid", "CPY_4BYYP"], ["LIMIT", 1]]
  [1m[36mBus Create (198.9ms)[0m  [1m[32mINSERT INTO "buses" ("bus_uid", "company_uid", "string", "license_plate", "brand", "manufacturing_year", "capacity", "road_tax", "insurance", "technical_exam", "created_at", "updated_at") VALUES ($1, $2, $3, $4, $5, $6, $7, $8, $9, $10, $11, $12) RETURNING "bus_uid"[0m  [["bus_uid", "BUS_BETN5"], ["company_uid", "CPY_4BYYP"], ["string", nil], ["license_plate", "HR23VTT"], ["brand", "Mercedes Sprinter"], ["manufacturing_year", 2011], ["capacity", 24], ["road_tax", "2024-06-11 00:00:00"], ["insurance", "2024-06-21 00:00:00"], ["technical_exam", "2023-10-11 00:00:00"], ["created_at", "2023-10-23 07:52:13.642316"], ["updated_at", "2023-10-23 07:52:13.642316"]]
  [1m[36mTRANSACTION (201.7ms)[0m  [1m[35mCOMMIT[0m
  [1m[36mTRANSACTION (107.4ms)[0m  [1m[35mBEGIN[0m
  [1m[36mCompany Load (190.4ms)[0m  [1m[34mSELECT "companies".* FROM "companies" WHERE "companies"."company_uid" = $1 LIMIT $2[0m  [["company_uid", "CPY_4BYYP"], ["LIMIT", 1]]
  [1m[36mBus Create (125.7ms)[0m  [1m[32mINSERT INTO "buses" ("bus_uid", "company_uid", "string", "license_plate", "brand", "manufacturing_year", "capacity", "road_tax", "insurance", "technical_exam", "created_at", "updated_at") VALUES ($1, $2, $3, $4, $5, $6, $7, $8, $9, $10, $11, $12) RETURNING "bus_uid"[0m  [["bus_uid", "BUS_ENNER"], ["company_uid", "CPY_4BYYP"], ["string", nil], ["license_plate", "HR01VTT"], ["brand", "Mercedes Sprinter"], ["manufacturing_year", 2020], ["capacity", 28], ["road_tax", "2024-04-21 00:00:00"], ["insurance", "2024-01-22 00:00:00"], ["technical_exam", "2024-01-23 00:00:00"], ["created_at", "2023-10-23 07:52:14.357939"], ["updated_at", "2023-10-23 07:52:14.357939"]]
  [1m[36mTRANSACTION (163.4ms)[0m  [1m[35mCOMMIT[0m
  [1m[36mCompany Load (111.9ms)[0m  [1m[34mSELECT "companies".* FROM "companies" WHERE "companies"."name" = $1 LIMIT $2[0m  [["name", "PANORAMA TURIST SRL"], ["LIMIT", 1]]
  [1m[36mTRANSACTION (162.4ms)[0m  [1m[35mBEGIN[0m
  [1m[36mCompany Load (114.0ms)[0m  [1m[34mSELECT "companies".* FROM "companies" WHERE "companies"."company_uid" = $1 LIMIT $2[0m  [["company_uid", "CPY_9WDRE"], ["LIMIT", 1]]
  [1m[36mBus Create (157.0ms)[0m  [1m[32mINSERT INTO "buses" ("bus_uid", "company_uid", "string", "license_plate", "brand", "manufacturing_year", "capacity", "road_tax", "insurance", "technical_exam", "created_at", "updated_at") VALUES ($1, $2, $3, $4, $5, $6, $7, $8, $9, $10, $11, $12) RETURNING "bus_uid"[0m  [["bus_uid", "BUS_ZFN2I"], ["company_uid", "CPY_9WDRE"], ["string", nil], ["license_plate", "HR34ERT"], ["brand", "Mercedes Sprinter"], ["manufacturing_year", 2010], ["capacity", 50], ["road_tax", "2024-01-15 00:00:00"], ["insurance", "2024-01-25 00:00:00"], ["technical_exam", "2024-01-05 00:00:00"], ["created_at", "2023-10-23 07:52:15.054881"], ["updated_at", "2023-10-23 07:52:15.054881"]]
  [1m[36mTRANSACTION (112.8ms)[0m  [1m[35mCOMMIT[0m
  [1m[36mTRANSACTION (147.6ms)[0m  [1m[35mBEGIN[0m
  [1m[36mCompany Load (118.0ms)[0m  [1m[34mSELECT "companies".* FROM "companies" WHERE "companies"."company_uid" = $1 LIMIT $2[0m  [["company_uid", "CPY_9WDRE"], ["LIMIT", 1]]
  [1m[36mBus Create (176.5ms)[0m  [1m[32mINSERT INTO "buses" ("bus_uid", "company_uid", "string", "license_plate", "brand", "manufacturing_year", "capacity", "road_tax", "insurance", "technical_exam", "created_at", "updated_at") VALUES ($1, $2, $3, $4, $5, $6, $7, $8, $9, $10, $11, $12) RETURNING "bus_uid"[0m  [["bus_uid", "BUS_24PYM"], ["company_uid", "CPY_9WDRE"], ["string", nil], ["license_plate", "HR75RGB"], ["brand", "Mercedes Vario"], ["manufacturing_year", 2012], ["capacity", 55], ["road_tax", "2024-02-15 00:00:00"], ["insurance", "2024-02-25 00:00:00"], ["technical_exam", "2024-02-05 00:00:00"], ["created_at", "2023-10-23 07:52:15.607300"], ["updated_at", "2023-10-23 07:52:15.607300"]]
  [1m[36mTRANSACTION (110.1ms)[0m  [1m[35mCOMMIT[0m
  [1m[36mTRANSACTION (191.9ms)[0m  [1m[35mBEGIN[0m
  [1m[36mCompany Load (166.1ms)[0m  [1m[34mSELECT "companies".* FROM "companies" WHERE "companies"."company_uid" = $1 LIMIT $2[0m  [["company_uid", "CPY_9WDRE"], ["LIMIT", 1]]
  [1m[36mBus Create (118.3ms)[0m  [1m[32mINSERT INTO "buses" ("bus_uid", "company_uid", "string", "license_plate", "brand", "manufacturing_year", "capacity", "road_tax", "insurance", "technical_exam", "created_at", "updated_at") VALUES ($1, $2, $3, $4, $5, $6, $7, $8, $9, $10, $11, $12) RETURNING "bus_uid"[0m  [["bus_uid", "BUS_XH4J3"], ["company_uid", "CPY_9WDRE"], ["string", nil], ["license_plate", "HR23UZI"], ["brand", "Mercedes Vario"], ["manufacturing_year", 2015], ["capacity", 60], ["road_tax", "2024-03-15 00:00:00"], ["insurance", "2024-03-25 00:00:00"], ["technical_exam", "2024-03-05 00:00:00"], ["created_at", "2023-10-23 07:52:16.269687"], ["updated_at", "2023-10-23 07:52:16.269687"]]
  [1m[36mTRANSACTION (214.9ms)[0m  [1m[35mCOMMIT[0m
  [1m[36mTRANSACTION (125.1ms)[0m  [1m[35mBEGIN[0m
  [1m[36mCompany Load (117.8ms)[0m  [1m[34mSELECT "companies".* FROM "companies" WHERE "companies"."company_uid" = $1 LIMIT $2[0m  [["company_uid", "CPY_9WDRE"], ["LIMIT", 1]]
  [1m[36mBus Create (153.1ms)[0m  [1m[32mINSERT INTO "buses" ("bus_uid", "company_uid", "string", "license_plate", "brand", "manufacturing_year", "capacity", "road_tax", "insurance", "technical_exam", "created_at", "updated_at") VALUES ($1, $2, $3, $4, $5, $6, $7, $8, $9, $10, $11, $12) RETURNING "bus_uid"[0m  [["bus_uid", "BUS_992ND"], ["company_uid", "CPY_9WDRE"], ["string", nil], ["license_plate", "HR98GHD"], ["brand", "Setra ComfortClass 500"], ["manufacturing_year", 2018], ["capacity", 65], ["road_tax", "2024-04-15 00:00:00"], ["insurance", "2024-04-25 00:00:00"], ["technical_exam", "2024-04-05 00:00:00"], ["created_at", "2023-10-23 07:52:16.863014"], ["updated_at", "2023-10-23 07:52:16.863014"]]
  [1m[36mTRANSACTION (123.9ms)[0m  [1m[35mCOMMIT[0m
  [1m[36mTRANSACTION (106.7ms)[0m  [1m[35mBEGIN[0m
  [1m[36mCompany Load (167.4ms)[0m  [1m[34mSELECT "companies".* FROM "companies" WHERE "companies"."company_uid" = $1 LIMIT $2[0m  [["company_uid", "CPY_9WDRE"], ["LIMIT", 1]]
  [1m[36mBus Create (200.0ms)[0m  [1m[32mINSERT INTO "buses" ("bus_uid", "company_uid", "string", "license_plate", "brand", "manufacturing_year", "capacity", "road_tax", "insurance", "technical_exam", "created_at", "updated_at") VALUES ($1, $2, $3, $4, $5, $6, $7, $8, $9, $10, $11, $12) RETURNING "bus_uid"[0m  [["bus_uid", "BUS_LUIM0"], ["company_uid", "CPY_9WDRE"], ["string", nil], ["license_plate", "HR56LSA"], ["brand", "Volvo B12B"], ["manufacturing_year", 2014], ["capacity", 70], ["road_tax", "2024-05-15 00:00:00"], ["insurance", "2024-05-25 00:00:00"], ["technical_exam", "2024-05-05 00:00:00"], ["created_at", "2023-10-23 07:52:17.431507"], ["updated_at", "2023-10-23 07:52:17.431507"]]
  [1m[36mTRANSACTION (200.8ms)[0m  [1m[35mCOMMIT[0m
  [1m[36mTRANSACTION (199.3ms)[0m  [1m[35mBEGIN[0m
  [1m[36mCompany Load (201.5ms)[0m  [1m[34mSELECT "companies".* FROM "companies" WHERE "companies"."company_uid" = $1 LIMIT $2[0m  [["company_uid", "CPY_9WDRE"], ["LIMIT", 1]]
  [1m[36mBus Create (200.2ms)[0m  [1m[32mINSERT INTO "buses" ("bus_uid", "company_uid", "string", "license_plate", "brand", "manufacturing_year", "capacity", "road_tax", "insurance", "technical_exam", "created_at", "updated_at") VALUES ($1, $2, $3, $4, $5, $6, $7, $8, $9, $10, $11, $12) RETURNING "bus_uid"[0m  [["bus_uid", "BUS_GPMKB"], ["company_uid", "CPY_9WDRE"], ["string", nil], ["license_plate", "HR11PAN"], ["brand", "Mercedes Tourismo"], ["manufacturing_year", 2017], ["capacity", 75], ["road_tax", "2024-06-15 00:00:00"], ["insurance", "2024-06-25 00:00:00"], ["technical_exam", "2024-06-05 00:00:00"], ["created_at", "2023-10-23 07:52:18.250717"], ["updated_at", "2023-10-23 07:52:18.250717"]]
  [1m[36mTRANSACTION (199.3ms)[0m  [1m[35mCOMMIT[0m
  [1m[36mTRANSACTION (165.3ms)[0m  [1m[35mBEGIN[0m
  [1m[36mCompany Load (107.3ms)[0m  [1m[34mSELECT "companies".* FROM "companies" WHERE "companies"."company_uid" = $1 LIMIT $2[0m  [["company_uid", "CPY_9WDRE"], ["LIMIT", 1]]
  [1m[36mBus Create (228.4ms)[0m  [1m[32mINSERT INTO "buses" ("bus_uid", "company_uid", "string", "license_plate", "brand", "manufacturing_year", "capacity", "road_tax", "insurance", "technical_exam", "created_at", "updated_at") VALUES ($1, $2, $3, $4, $5, $6, $7, $8, $9, $10, $11, $12) RETURNING "bus_uid"[0m  [["bus_uid", "BUS_5KGOY"], ["company_uid", "CPY_9WDRE"], ["string", nil], ["license_plate", "HR14PAN"], ["brand", "Neoplan Starliner"], ["manufacturing_year", 2000], ["capacity", 80], ["road_tax", "2024-07-15 00:00:00"], ["insurance", "2024-07-25 00:00:00"], ["technical_exam", "2024-07-05 00:00:00"], ["created_at", "2023-10-23 07:52:18.940598"], ["updated_at", "2023-10-23 07:52:18.940598"]]
  [1m[36mTRANSACTION (198.3ms)[0m  [1m[35mCOMMIT[0m
  [1m[36mCompany Load (201.8ms)[0m  [1m[34mSELECT "companies".* FROM "companies" WHERE "companies"."name" = $1 LIMIT $2[0m  [["name", "BALINT TRANS SRL"], ["LIMIT", 1]]
  [1m[36mTRANSACTION (201.1ms)[0m  [1m[35mBEGIN[0m
  [1m[36mCompany Load (201.0ms)[0m  [1m[34mSELECT "companies".* FROM "companies" WHERE "companies"."company_uid" = $1 LIMIT $2[0m  [["company_uid", "CPY_RNPUV"], ["LIMIT", 1]]
  [1m[36mBus Create (155.1ms)[0m  [1m[32mINSERT INTO "buses" ("bus_uid", "company_uid", "string", "license_plate", "brand", "manufacturing_year", "capacity", "road_tax", "insurance", "technical_exam", "created_at", "updated_at") VALUES ($1, $2, $3, $4, $5, $6, $7, $8, $9, $10, $11, $12) RETURNING "bus_uid"[0m  [["bus_uid", "BUS_KBER2"], ["company_uid", "CPY_RNPUV"], ["string", nil], ["license_plate", "MS01CD"], ["brand", "Volvo 9700"], ["manufacturing_year", 2011], ["capacity", 50], ["road_tax", "2024-01-15 00:00:00"], ["insurance", "2024-01-25 00:00:00"], ["technical_exam", "2024-01-05 00:00:00"], ["created_at", "2023-10-23 07:52:19.991144"], ["updated_at", "2023-10-23 07:52:19.991144"]]
  [1m[36mTRANSACTION (126.0ms)[0m  [1m[35mCOMMIT[0m
  [1m[36mTRANSACTION (219.4ms)[0m  [1m[35mBEGIN[0m
  [1m[36mCompany Load (201.2ms)[0m  [1m[34mSELECT "companies".* FROM "companies" WHERE "companies"."company_uid" = $1 LIMIT $2[0m  [["company_uid", "CPY_RNPUV"], ["LIMIT", 1]]
  [1m[36mBus Create (195.1ms)[0m  [1m[32mINSERT INTO "buses" ("bus_uid", "company_uid", "string", "license_plate", "brand", "manufacturing_year", "capacity", "road_tax", "insurance", "technical_exam", "created_at", "updated_at") VALUES ($1, $2, $3, $4, $5, $6, $7, $8, $9, $10, $11, $12) RETURNING "bus_uid"[0m  [["bus_uid", "BUS_RCPY0"], ["company_uid", "CPY_RNPUV"], ["string", nil], ["license_plate", "MS23OUP"], ["brand", "MAN Lion's Intercity"], ["manufacturing_year", 2013], ["capacity", 55], ["road_tax", "2024-02-15 00:00:00"], ["insurance", "2024-02-25 00:00:00"], ["technical_exam", "2024-02-05 00:00:00"], ["created_at", "2023-10-23 07:52:20.710473"], ["updated_at", "2023-10-23 07:52:20.710473"]]
  [1m[36mTRANSACTION (201.8ms)[0m  [1m[35mCOMMIT[0m
  [1m[36mTRANSACTION (100.9ms)[0m  [1m[35mBEGIN[0m
  [1m[36mCompany Load (201.0ms)[0m  [1m[34mSELECT "companies".* FROM "companies" WHERE "companies"."company_uid" = $1 LIMIT $2[0m  [["company_uid", "CPY_RNPUV"], ["LIMIT", 1]]
  [1m[36mBus Create (195.8ms)[0m  [1m[32mINSERT INTO "buses" ("bus_uid", "company_uid", "string", "license_plate", "brand", "manufacturing_year", "capacity", "road_tax", "insurance", "technical_exam", "created_at", "updated_at") VALUES ($1, $2, $3, $4, $5, $6, $7, $8, $9, $10, $11, $12) RETURNING "bus_uid"[0m  [["bus_uid", "BUS_CV4U2"], ["company_uid", "CPY_RNPUV"], ["string", nil], ["license_plate", "MS65BTS"], ["brand", "Scania Touring"], ["manufacturing_year", 2006], ["capacity", 60], ["road_tax", "2024-03-15 00:00:00"], ["insurance", "2024-03-25 00:00:00"], ["technical_exam", "2024-03-05 00:00:00"], ["created_at", "2023-10-23 07:52:21.427408"], ["updated_at", "2023-10-23 07:52:21.427408"]]
  [1m[36mTRANSACTION (203.8ms)[0m  [1m[35mCOMMIT[0m
  [1m[36mTRANSACTION (102.0ms)[0m  [1m[35mBEGIN[0m
  [1m[36mCompany Load (162.6ms)[0m  [1m[34mSELECT "companies".* FROM "companies" WHERE "companies"."company_uid" = $1 LIMIT $2[0m  [["company_uid", "CPY_RNPUV"], ["LIMIT", 1]]
  [1m[36mBus Create (113.1ms)[0m  [1m[32mINSERT INTO "buses" ("bus_uid", "company_uid", "string", "license_plate", "brand", "manufacturing_year", "capacity", "road_tax", "insurance", "technical_exam", "created_at", "updated_at") VALUES ($1, $2, $3, $4, $5, $6, $7, $8, $9, $10, $11, $12) RETURNING "bus_uid"[0m  [["bus_uid", "BUS_O9N2F"], ["company_uid", "CPY_RNPUV"], ["string", nil], ["license_plate", "MS74BTS"], ["brand", "Volvo B12B"], ["manufacturing_year", 2009], ["capacity", 65], ["road_tax", "2024-04-15 00:00:00"], ["insurance", "2024-04-25 00:00:00"], ["technical_exam", "2024-04-05 00:00:00"], ["created_at", "2023-10-23 07:52:22.109343"], ["updated_at", "2023-10-23 07:52:22.109343"]]
  [1m[36mTRANSACTION (219.0ms)[0m  [1m[35mCOMMIT[0m
  [1m[36mTRANSACTION (197.9ms)[0m  [1m[35mBEGIN[0m
  [1m[36mCompany Load (202.5ms)[0m  [1m[34mSELECT "companies".* FROM "companies" WHERE "companies"."company_uid" = $1 LIMIT $2[0m  [["company_uid", "CPY_RNPUV"], ["LIMIT", 1]]
  [1m[36mBus Create (198.5ms)[0m  [1m[32mINSERT INTO "buses" ("bus_uid", "company_uid", "string", "license_plate", "brand", "manufacturing_year", "capacity", "road_tax", "insurance", "technical_exam", "created_at", "updated_at") VALUES ($1, $2, $3, $4, $5, $6, $7, $8, $9, $10, $11, $12) RETURNING "bus_uid"[0m  [["bus_uid", "BUS_JK3AK"], ["company_uid", "CPY_RNPUV"], ["string", nil], ["license_plate", "MS99WEQ"], ["brand", "Volvo B12B"], ["manufacturing_year", 2014], ["capacity", 70], ["road_tax", "2024-05-15 00:00:00"], ["insurance", "2024-05-25 00:00:00"], ["technical_exam", "2024-05-05 00:00:00"], ["created_at", "2023-10-23 07:52:22.859180"], ["updated_at", "2023-10-23 07:52:22.859180"]]
  [1m[36mTRANSACTION (200.7ms)[0m  [1m[35mCOMMIT[0m
  [1m[36mTRANSACTION (200.4ms)[0m  [1m[35mBEGIN[0m
  [1m[36mCompany Load (202.8ms)[0m  [1m[34mSELECT "companies".* FROM "companies" WHERE "companies"."company_uid" = $1 LIMIT $2[0m  [["company_uid", "CPY_RNPUV"], ["LIMIT", 1]]
  [1m[36mBus Create (197.5ms)[0m  [1m[32mINSERT INTO "buses" ("bus_uid", "company_uid", "string", "license_plate", "brand", "manufacturing_year", "capacity", "road_tax", "insurance", "technical_exam", "created_at", "updated_at") VALUES ($1, $2, $3, $4, $5, $6, $7, $8, $9, $10, $11, $12) RETURNING "bus_uid"[0m  [["bus_uid", "BUS_JKCR4"], ["company_uid", "CPY_RNPUV"], ["string", nil], ["license_plate", "MS34ALM"], ["brand", "Mercedes Tourismo"], ["manufacturing_year", 2000], ["capacity", 75], ["road_tax", "2024-06-15 00:00:00"], ["insurance", "2024-06-25 00:00:00"], ["technical_exam", "2024-06-05 00:00:00"], ["created_at", "2023-10-23 07:52:23.678036"], ["updated_at", "2023-10-23 07:52:23.678036"]]
  [1m[36mTRANSACTION (202.1ms)[0m  [1m[35mCOMMIT[0m
  [1m[36mTRANSACTION (101.0ms)[0m  [1m[35mBEGIN[0m
  [1m[36mCompany Load (198.4ms)[0m  [1m[34mSELECT "companies".* FROM "companies" WHERE "companies"."company_uid" = $1 LIMIT $2[0m  [["company_uid", "CPY_RNPUV"], ["LIMIT", 1]]
  [1m[36mBus Create (203.6ms)[0m  [1m[32mINSERT INTO "buses" ("bus_uid", "company_uid", "string", "license_plate", "brand", "manufacturing_year", "capacity", "road_tax", "insurance", "technical_exam", "created_at", "updated_at") VALUES ($1, $2, $3, $4, $5, $6, $7, $8, $9, $10, $11, $12) RETURNING "bus_uid"[0m  [["bus_uid", "BUS_UT57H"], ["company_uid", "CPY_RNPUV"], ["string", nil], ["license_plate", "MS66ALMROM"], ["brand", "Mercedes Tourismo"], ["manufacturing_year", 2019], ["capacity", 80], ["road_tax", "2024-07-15 00:00:00"], ["insurance", "2024-07-25 00:00:00"], ["technical_exam", "2024-07-05 00:00:00"], ["created_at", "2023-10-23 07:52:24.394359"], ["updated_at", "2023-10-23 07:52:24.394359"]]
  [1m[36mTRANSACTION (196.0ms)[0m  [1m[35mCOMMIT[0m
  [1m[36mCompany Load (201.7ms)[0m  [1m[34mSELECT "companies".* FROM "companies" WHERE "companies"."name" = $1 LIMIT $2[0m  [["name", "TRANSPORT LOCAL SA"], ["LIMIT", 1]]
  [1m[36mTRANSACTION (200.2ms)[0m  [1m[35mBEGIN[0m
  [1m[36mCompany Load (135.6ms)[0m  [1m[34mSELECT "companies".* FROM "companies" WHERE "companies"."company_uid" = $1 LIMIT $2[0m  [["company_uid", "CPY_ME599"], ["LIMIT", 1]]
  [1m[36mBus Create (110.3ms)[0m  [1m[32mINSERT INTO "buses" ("bus_uid", "company_uid", "string", "license_plate", "brand", "manufacturing_year", "capacity", "road_tax", "insurance", "technical_exam", "created_at", "updated_at") VALUES ($1, $2, $3, $4, $5, $6, $7, $8, $9, $10, $11, $12) RETURNING "bus_uid"[0m  [["bus_uid", "BUS_9ALLP"], ["company_uid", "CPY_ME599"], ["string", nil], ["license_plate", "MS23TGM"], ["brand", "Volvo 9700"], ["manufacturing_year", 2010], ["capacity", 50], ["road_tax", "2024-01-15 00:00:00"], ["insurance", "2024-01-25 00:00:00"], ["technical_exam", "2024-01-05 00:00:00"], ["created_at", "2023-10-23 07:52:25.351885"], ["updated_at", "2023-10-23 07:52:25.351885"]]
  [1m[36mTRANSACTION (103.1ms)[0m  [1m[35mCOMMIT[0m
  [1m[36mTRANSACTION (103.7ms)[0m  [1m[35mBEGIN[0m
  [1m[36mCompany Load (123.8ms)[0m  [1m[34mSELECT "companies".* FROM "companies" WHERE "companies"."company_uid" = $1 LIMIT $2[0m  [["company_uid", "CPY_ME599"], ["LIMIT", 1]]
  [1m[36mBus Create (218.2ms)[0m  [1m[32mINSERT INTO "buses" ("bus_uid", "company_uid", "string", "license_plate", "brand", "manufacturing_year", "capacity", "road_tax", "insurance", "technical_exam", "created_at", "updated_at") VALUES ($1, $2, $3, $4, $5, $6, $7, $8, $9, $10, $11, $12) RETURNING "bus_uid"[0m  [["bus_uid", "BUS_0NR2G"], ["company_uid", "CPY_ME599"], ["string", nil], ["license_plate", "MS34TGM"], ["brand", "MAN Lion's Intercity"], ["manufacturing_year", 2012], ["capacity", 55], ["road_tax", "2024-02-15 00:00:00"], ["insurance", "2024-02-25 00:00:00"], ["technical_exam", "2024-02-05 00:00:00"], ["created_at", "2023-10-23 07:52:25.809188"], ["updated_at", "2023-10-23 07:52:25.809188"]]
  [1m[36mTRANSACTION (200.4ms)[0m  [1m[35mCOMMIT[0m
  [1m[36mTRANSACTION (201.6ms)[0m  [1m[35mBEGIN[0m
  [1m[36mCompany Load (201.4ms)[0m  [1m[34mSELECT "companies".* FROM "companies" WHERE "companies"."company_uid" = $1 LIMIT $2[0m  [["company_uid", "CPY_ME599"], ["LIMIT", 1]]
  [1m[36mBus Create (198.9ms)[0m  [1m[32mINSERT INTO "buses" ("bus_uid", "company_uid", "string", "license_plate", "brand", "manufacturing_year", "capacity", "road_tax", "insurance", "technical_exam", "created_at", "updated_at") VALUES ($1, $2, $3, $4, $5, $6, $7, $8, $9, $10, $11, $12) RETURNING "bus_uid"[0m  [["bus_uid", "BUS_KIK4M"], ["company_uid", "CPY_ME599"], ["string", nil], ["license_plate", "MS98TGM"], ["brand", "Mercedes Integro"], ["manufacturing_year", 2015], ["capacity", 60], ["road_tax", "2024-03-15 00:00:00"], ["insurance", "2024-03-25 00:00:00"], ["technical_exam", "2024-03-05 00:00:00"], ["created_at", "2023-10-23 07:52:26.648407"], ["updated_at", "2023-10-23 07:52:26.648407"]]
  [1m[36mTRANSACTION (199.5ms)[0m  [1m[35mCOMMIT[0m
  [1m[36mTRANSACTION (201.3ms)[0m  [1m[35mBEGIN[0m
  [1m[36mCompany Load (201.2ms)[0m  [1m[34mSELECT "companies".* FROM "companies" WHERE "companies"."company_uid" = $1 LIMIT $2[0m  [["company_uid", "CPY_ME599"], ["LIMIT", 1]]
  [1m[36mBus Create (197.5ms)[0m  [1m[32mINSERT INTO "buses" ("bus_uid", "company_uid", "string", "license_plate", "brand", "manufacturing_year", "capacity", "road_tax", "insurance", "technical_exam", "created_at", "updated_at") VALUES ($1, $2, $3, $4, $5, $6, $7, $8, $9, $10, $11, $12) RETURNING "bus_uid"[0m  [["bus_uid", "BUS_EYN8L"], ["company_uid", "CPY_ME599"], ["string", nil], ["license_plate", "MS12TGM"], ["brand", "Mercedes Integro"], ["manufacturing_year", 2011], ["capacity", 65], ["road_tax", "2024-04-15 00:00:00"], ["insurance", "2024-04-25 00:00:00"], ["technical_exam", "2024-04-05 00:00:00"], ["created_at", "2023-10-23 07:52:27.466939"], ["updated_at", "2023-10-23 07:52:27.466939"]]
  [1m[36mTRANSACTION (111.2ms)[0m  [1m[35mCOMMIT[0m
  [1m[36mTRANSACTION (172.9ms)[0m  [1m[35mBEGIN[0m
  [1m[36mCompany Load (118.9ms)[0m  [1m[34mSELECT "companies".* FROM "companies" WHERE "companies"."company_uid" = $1 LIMIT $2[0m  [["company_uid", "CPY_ME599"], ["LIMIT", 1]]
  [1m[36mBus Create (161.1ms)[0m  [1m[32mINSERT INTO "buses" ("bus_uid", "company_uid", "string", "license_plate", "brand", "manufacturing_year", "capacity", "road_tax", "insurance", "technical_exam", "created_at", "updated_at") VALUES ($1, $2, $3, $4, $5, $6, $7, $8, $9, $10, $11, $12) RETURNING "bus_uid"[0m  [["bus_uid", "BUS_QVPUS"], ["company_uid", "CPY_ME599"], ["string", nil], ["license_plate", "MS23MUI"], ["brand", "Volvo B12B"], ["manufacturing_year", 2011], ["capacity", 70], ["road_tax", "2024-05-15 00:00:00"], ["insurance", "2024-05-25 00:00:00"], ["technical_exam", "2024-05-05 00:00:00"], ["created_at", "2023-10-23 07:52:28.084667"], ["updated_at", "2023-10-23 07:52:28.084667"]]
  [1m[36mTRANSACTION (110.8ms)[0m  [1m[35mCOMMIT[0m
  [1m[36mTRANSACTION (101.4ms)[0m  [1m[35mBEGIN[0m
  [1m[36mCompany Load (113.9ms)[0m  [1m[34mSELECT "companies".* FROM "companies" WHERE "companies"."company_uid" = $1 LIMIT $2[0m  [["company_uid", "CPY_ME599"], ["LIMIT", 1]]
  [1m[36mBus Create (115.2ms)[0m  [1m[32mINSERT INTO "buses" ("bus_uid", "company_uid", "string", "license_plate", "brand", "manufacturing_year", "capacity", "road_tax", "insurance", "technical_exam", "created_at", "updated_at") VALUES ($1, $2, $3, $4, $5, $6, $7, $8, $9, $10, $11, $12) RETURNING "bus_uid"[0m  [["bus_uid", "BUS_YCCQK"], ["company_uid", "CPY_ME599"], ["string", nil], ["license_plate", "MS22UZI"], ["brand", "Mercedes Tourismo"], ["manufacturing_year", 2017], ["capacity", 75], ["road_tax", "2024-06-15 00:00:00"], ["insurance", "2024-06-25 00:00:00"], ["technical_exam", "2024-06-05 00:00:00"], ["created_at", "2023-10-23 07:52:28.590107"], ["updated_at", "2023-10-23 07:52:28.590107"]]
  [1m[36mTRANSACTION (108.2ms)[0m  [1m[35mCOMMIT[0m
  [1m[36mTRANSACTION (104.1ms)[0m  [1m[35mBEGIN[0m
  [1m[36mCompany Load (156.1ms)[0m  [1m[34mSELECT "companies".* FROM "companies" WHERE "companies"."company_uid" = $1 LIMIT $2[0m  [["company_uid", "CPY_ME599"], ["LIMIT", 1]]
  [1m[36mBus Create (131.0ms)[0m  [1m[32mINSERT INTO "buses" ("bus_uid", "company_uid", "string", "license_plate", "brand", "manufacturing_year", "capacity", "road_tax", "insurance", "technical_exam", "created_at", "updated_at") VALUES ($1, $2, $3, $4, $5, $6, $7, $8, $9, $10, $11, $12) RETURNING "bus_uid"[0m  [["bus_uid", "BUS_08EZM"], ["company_uid", "CPY_ME599"], ["string", nil], ["license_plate", "MS33ALS"], ["brand", "Neoplan Starliner"], ["manufacturing_year", 2019], ["capacity", 80], ["road_tax", "2024-01-15 00:00:00"], ["insurance", "2024-07-25 00:00:00"], ["technical_exam", "2024-07-05 00:00:00"], ["created_at", "2023-10-23 07:52:29.091016"], ["updated_at", "2023-10-23 07:52:29.091016"]]
  [1m[36mTRANSACTION (148.0ms)[0m  [1m[35mCOMMIT[0m
  [1m[36mTRANSACTION (170.2ms)[0m  [1m[35mBEGIN[0m
  [1m[36mCompany Load (124.4ms)[0m  [1m[34mSELECT "companies".* FROM "companies" WHERE "companies"."company_uid" = $1 LIMIT $2[0m  [["company_uid", "CPY_4BYYP"], ["LIMIT", 1]]
  [1m[36mAdmin Create (172.9ms)[0m  [1m[32mINSERT INTO "admins" ("provider", "admin_uid", "encrypted_password", "reset_password_token", "reset_password_sent_at", "allow_password_change", "remember_created_at", "confirmation_token", "confirmed_at", "confirmation_sent_at", "unconfirmed_email", "email", "firstname", "lastname", "nickname", "role", "phone_number", "address", "company_uid", "tokens", "created_at", "updated_at") VALUES ($1, $2, $3, $4, $5, $6, $7, $8, $9, $10, $11, $12, $13, $14, $15, $16, $17, $18, $19, $20, $21, $22)[0m  [["provider", "email"], ["admin_uid", "ADM_HM6QT"], ["encrypted_password", "[FILTERED]"], ["reset_password_token", "[FILTERED]"], ["reset_password_sent_at", "[FILTERED]"], ["allow_password_change", "[FILTERED]"], ["remember_created_at", nil], ["confirmation_token", "[FILTERED]"], ["confirmed_at", nil], ["confirmation_sent_at", nil], ["unconfirmed_email", nil], ["email", "office@vandortrans.ro"], ["firstname", "Elemér"], ["lastname", "Kecskeméti"], ["nickname", nil], ["role", "boss"], ["phone_number", "0728493883"], ["address", "Com. Joseni str. Principala nr. 19"], ["company_uid", "CPY_4BYYP"], ["tokens", "[FILTERED]"], ["created_at", "2023-10-23 07:52:30.460750"], ["updated_at", "2023-10-23 07:52:30.460750"]]
  [1m[36mTRANSACTION (110.9ms)[0m  [1m[35mCOMMIT[0m
  [1m[36mTRANSACTION (103.6ms)[0m  [1m[35mBEGIN[0m
  [1m[36mCompany Load (195.4ms)[0m  [1m[34mSELECT "companies".* FROM "companies" WHERE "companies"."company_uid" = $1 LIMIT $2[0m  [["company_uid", "CPY_4BYYP"], ["LIMIT", 1]]
  [1m[36mAdmin Create (200.1ms)[0m  [1m[32mINSERT INTO "admins" ("provider", "admin_uid", "encrypted_password", "reset_password_token", "reset_password_sent_at", "allow_password_change", "remember_created_at", "confirmation_token", "confirmed_at", "confirmation_sent_at", "unconfirmed_email", "email", "firstname", "lastname", "nickname", "role", "phone_number", "address", "company_uid", "tokens", "created_at", "updated_at") VALUES ($1, $2, $3, $4, $5, $6, $7, $8, $9, $10, $11, $12, $13, $14, $15, $16, $17, $18, $19, $20, $21, $22)[0m  [["provider", "email"], ["admin_uid", "ADM_73MWN"], ["encrypted_password", "[FILTERED]"], ["reset_password_token", "[FILTERED]"], ["reset_password_sent_at", "[FILTERED]"], ["allow_password_change", "[FILTERED]"], ["remember_created_at", nil], ["confirmation_token", "[FILTERED]"], ["confirmed_at", nil], ["confirmation_sent_at", nil], ["unconfirmed_email", nil], ["email", "hompoth.krisztian@gmail.com"], ["firstname", "Krisztián"], ["lastname", "Orsós"], ["nickname", nil], ["role", "manager"], ["phone_number", "0761837888"], ["address", "Com. Joseni str. Faluköze nr. 1"], ["company_uid", "CPY_4BYYP"], ["tokens", "[FILTERED]"], ["created_at", "2023-10-23 07:52:31.459659"], ["updated_at", "2023-10-23 07:52:31.459659"]]
  [1m[36mTRANSACTION (199.7ms)[0m  [1m[35mCOMMIT[0m
  [1m[36mTRANSACTION (150.9ms)[0m  [1m[35mBEGIN[0m
  [1m[36mCompany Load (108.9ms)[0m  [1m[34mSELECT "companies".* FROM "companies" WHERE "companies"."company_uid" = $1 LIMIT $2[0m  [["company_uid", "CPY_4BYYP"], ["LIMIT", 1]]
  [1m[36mAdmin Create (150.2ms)[0m  [1m[32mINSERT INTO "admins" ("provider", "admin_uid", "encrypted_password", "reset_password_token", "reset_password_sent_at", "allow_password_change", "remember_created_at", "confirmation_token", "confirmed_at", "confirmation_sent_at", "unconfirmed_email", "email", "firstname", "lastname", "nickname", "role", "phone_number", "address", "company_uid", "tokens", "created_at", "updated_at") VALUES ($1, $2, $3, $4, $5, $6, $7, $8, $9, $10, $11, $12, $13, $14, $15, $16, $17, $18, $19, $20, $21, $22)[0m  [["provider", "email"], ["admin_uid", "ADM_Q54PR"], ["encrypted_password", "[FILTERED]"], ["reset_password_token", "[FILTERED]"], ["reset_password_sent_at", "[FILTERED]"], ["allow_password_change", "[FILTERED]"], ["remember_created_at", nil], ["confirmation_token", "[FILTERED]"], ["confirmed_at", nil], ["confirmation_sent_at", nil], ["unconfirmed_email", nil], ["email", "csatabela@gmail.com"], ["firstname", "Béla"], ["lastname", "Csata"], ["nickname", nil], ["role", "driver"], ["phone_number", "0752358475"], ["address", "Mun. Gheorgheni str. Ghindei nr. 1"], ["company_uid", "CPY_4BYYP"], ["tokens", "[FILTERED]"], ["created_at", "2023-10-23 07:52:32.531985"], ["updated_at", "2023-10-23 07:52:32.531985"]]
  [1m[36mTRANSACTION (202.6ms)[0m  [1m[35mCOMMIT[0m
  [1m[36mTRANSACTION (209.1ms)[0m  [1m[35mBEGIN[0m
  [1m[36mCompany Load (201.3ms)[0m  [1m[34mSELECT "companies".* FROM "companies" WHERE "companies"."company_uid" = $1 LIMIT $2[0m  [["company_uid", "CPY_4BYYP"], ["LIMIT", 1]]
  [1m[36mAdmin Create (199.1ms)[0m  [1m[32mINSERT INTO "admins" ("provider", "admin_uid", "encrypted_password", "reset_password_token", "reset_password_sent_at", "allow_password_change", "remember_created_at", "confirmation_token", "confirmed_at", "confirmation_sent_at", "unconfirmed_email", "email", "firstname", "lastname", "nickname", "role", "phone_number", "address", "company_uid", "tokens", "created_at", "updated_at") VALUES ($1, $2, $3, $4, $5, $6, $7, $8, $9, $10, $11, $12, $13, $14, $15, $16, $17, $18, $19, $20, $21, $22)[0m  [["provider", "email"], ["admin_uid", "ADM_ZSCA4"], ["encrypted_password", "[FILTERED]"], ["reset_password_token", "[FILTERED]"], ["reset_password_sent_at", "[FILTERED]"], ["allow_password_change", "[FILTERED]"], ["remember_created_at", nil], ["confirmation_token", "[FILTERED]"], ["confirmed_at", nil], ["confirmation_sent_at", nil], ["unconfirmed_email", nil], ["email", "magdi92@gmail.com"], ["firstname", "Magdolna"], ["lastname", "Kovács"], ["nickname", nil], ["role", "driver"], ["phone_number", "0739489586"], ["address", "Mun. Gheorgheni str. Stadionului nr. 4"], ["company_uid", "CPY_4BYYP"], ["tokens", "[FILTERED]"], ["created_at", "2023-10-23 07:52:33.711392"], ["updated_at", "2023-10-23 07:52:33.711392"]]
  [1m[36mTRANSACTION (200.8ms)[0m  [1m[35mCOMMIT[0m
  [1m[36mTRANSACTION (219.3ms)[0m  [1m[35mBEGIN[0m
  [1m[36mCompany Load (199.6ms)[0m  [1m[34mSELECT "companies".* FROM "companies" WHERE "companies"."company_uid" = $1 LIMIT $2[0m  [["company_uid", "CPY_4BYYP"], ["LIMIT", 1]]
  [1m[36mAdmin Create (133.6ms)[0m  [1m[32mINSERT INTO "admins" ("provider", "admin_uid", "encrypted_password", "reset_password_token", "reset_password_sent_at", "allow_password_change", "remember_created_at", "confirmation_token", "confirmed_at", "confirmation_sent_at", "unconfirmed_email", "email", "firstname", "lastname", "nickname", "role", "phone_number", "address", "company_uid", "tokens", "created_at", "updated_at") VALUES ($1, $2, $3, $4, $5, $6, $7, $8, $9, $10, $11, $12, $13, $14, $15, $16, $17, $18, $19, $20, $21, $22)[0m  [["provider", "email"], ["admin_uid", "ADM_0U8NQ"], ["encrypted_password", "[FILTERED]"], ["reset_password_token", "[FILTERED]"], ["reset_password_sent_at", "[FILTERED]"], ["allow_password_change", "[FILTERED]"], ["remember_created_at", nil], ["confirmation_token", "[FILTERED]"], ["confirmed_at", nil], ["confirmation_sent_at", nil], ["unconfirmed_email", nil], ["email", "orsospista11@gmail.com"], ["firstname", "István"], ["lastname", "Orsós"], ["nickname", nil], ["role", "driver"], ["phone_number", "0755928111"], ["address", "Com. Ciumani str. Inczelaka nr. 1398"], ["company_uid", "CPY_4BYYP"], ["tokens", "[FILTERED]"], ["created_at", "2023-10-23 07:52:34.940720"], ["updated_at", "2023-10-23 07:52:34.940720"]]
  [1m[36mTRANSACTION (120.8ms)[0m  [1m[35mCOMMIT[0m
  [1m[36mTRANSACTION (108.2ms)[0m  [1m[35mBEGIN[0m
  [1m[36mCompany Load (115.4ms)[0m  [1m[34mSELECT "companies".* FROM "companies" WHERE "companies"."company_uid" = $1 LIMIT $2[0m  [["company_uid", "CPY_4BYYP"], ["LIMIT", 1]]
  [1m[36mAdmin Create (130.5ms)[0m  [1m[32mINSERT INTO "admins" ("provider", "admin_uid", "encrypted_password", "reset_password_token", "reset_password_sent_at", "allow_password_change", "remember_created_at", "confirmation_token", "confirmed_at", "confirmation_sent_at", "unconfirmed_email", "email", "firstname", "lastname", "nickname", "role", "phone_number", "address", "company_uid", "tokens", "created_at", "updated_at") VALUES ($1, $2, $3, $4, $5, $6, $7, $8, $9, $10, $11, $12, $13, $14, $15, $16, $17, $18, $19, $20, $21, $22)[0m  [["provider", "email"], ["admin_uid", "ADM_2YDM4"], ["encrypted_password", "[FILTERED]"], ["reset_password_token", "[FILTERED]"], ["reset_password_sent_at", "[FILTERED]"], ["allow_password_change", "[FILTERED]"], ["remember_created_at", nil], ["confirmation_token", "[FILTERED]"], ["confirmed_at", nil], ["confirmation_sent_at", nil], ["unconfirmed_email", nil], ["email", "ninjanarch@yahoo.com"], ["firstname", "Iván"], ["lastname", "Elekes"], ["nickname", nil], ["role", "driver"], ["phone_number", "0724889734"], ["address", "Com. Ciumani str. Principala nr. 12"], ["company_uid", "CPY_4BYYP"], ["tokens", "[FILTERED]"], ["created_at", "2023-10-23 07:52:35.829627"], ["updated_at", "2023-10-23 07:52:35.829627"]]
  [1m[36mTRANSACTION (104.7ms)[0m  [1m[35mCOMMIT[0m
  [1m[36mTRANSACTION (106.2ms)[0m  [1m[35mBEGIN[0m
  [1m[36mCompany Load (115.4ms)[0m  [1m[34mSELECT "companies".* FROM "companies" WHERE "companies"."company_uid" = $1 LIMIT $2[0m  [["company_uid", "CPY_4BYYP"], ["LIMIT", 1]]
  [1m[36mAdmin Create (118.3ms)[0m  [1m[32mINSERT INTO "admins" ("provider", "admin_uid", "encrypted_password", "reset_password_token", "reset_password_sent_at", "allow_password_change", "remember_created_at", "confirmation_token", "confirmed_at", "confirmation_sent_at", "unconfirmed_email", "email", "firstname", "lastname", "nickname", "role", "phone_number", "address", "company_uid", "tokens", "created_at", "updated_at") VALUES ($1, $2, $3, $4, $5, $6, $7, $8, $9, $10, $11, $12, $13, $14, $15, $16, $17, $18, $19, $20, $21, $22)[0m  [["provider", "email"], ["admin_uid", "ADM_UXB7S"], ["encrypted_password", "[FILTERED]"], ["reset_password_token", "[FILTERED]"], ["reset_password_sent_at", "[FILTERED]"], ["allow_password_change", "[FILTERED]"], ["remember_created_at", nil], ["confirmation_token", "[FILTERED]"], ["confirmed_at", nil], ["confirmation_sent_at", nil], ["unconfirmed_email", nil], ["email", "karoly_elekes@gmail.com"], ["firstname", "Károly"], ["lastname", "Elekes"], ["nickname", nil], ["role", "driver"], ["phone_number", "0745399324"], ["address", "Com. Suseni str. Kéthíd nr. 198"], ["company_uid", "CPY_4BYYP"], ["tokens", "[FILTERED]"], ["created_at", "2023-10-23 07:52:36.698967"], ["updated_at", "2023-10-23 07:52:36.698967"]]
  [1m[36mTRANSACTION (109.2ms)[0m  [1m[35mCOMMIT[0m
  [1m[36mTRANSACTION (164.9ms)[0m  [1m[35mBEGIN[0m
  [1m[36mCompany Load (200.2ms)[0m  [1m[34mSELECT "companies".* FROM "companies" WHERE "companies"."company_uid" = $1 LIMIT $2[0m  [["company_uid", "CPY_RNPUV"], ["LIMIT", 1]]
  [1m[36mAdmin Create (199.1ms)[0m  [1m[32mINSERT INTO "admins" ("provider", "admin_uid", "encrypted_password", "reset_password_token", "reset_password_sent_at", "allow_password_change", "remember_created_at", "confirmation_token", "confirmed_at", "confirmation_sent_at", "unconfirmed_email", "email", "firstname", "lastname", "nickname", "role", "phone_number", "address", "company_uid", "tokens", "created_at", "updated_at") VALUES ($1, $2, $3, $4, $5, $6, $7, $8, $9, $10, $11, $12, $13, $14, $15, $16, $17, $18, $19, $20, $21, $22)[0m  [["provider", "email"], ["admin_uid", "ADM_VD8ZO"], ["encrypted_password", "[FILTERED]"], ["reset_password_token", "[FILTERED]"], ["reset_password_sent_at", "[FILTERED]"], ["allow_password_change", "[FILTERED]"], ["remember_created_at", nil], ["confirmation_token", "[FILTERED]"], ["confirmed_at", nil], ["confirmation_sent_at", nil], ["unconfirmed_email", nil], ["email", "office@balinttrans.ro"], ["firstname", "Elemér"], ["lastname", "Kecskeméti"], ["nickname", nil], ["role", "boss"], ["phone_number", "0728493883"], ["address", "Com. Joseni str. Principala nr. 19"], ["company_uid", "CPY_RNPUV"], ["tokens", "[FILTERED]"], ["created_at", "2023-10-23 07:52:37.704464"], ["updated_at", "2023-10-23 07:52:37.704464"]]
  [1m[36mTRANSACTION (108.8ms)[0m  [1m[35mCOMMIT[0m
  [1m[36mTRANSACTION (109.5ms)[0m  [1m[35mBEGIN[0m
  [1m[36mCompany Load (193.7ms)[0m  [1m[34mSELECT "companies".* FROM "companies" WHERE "companies"."company_uid" = $1 LIMIT $2[0m  [["company_uid", "CPY_RNPUV"], ["LIMIT", 1]]
  [1m[36mAdmin Create (199.0ms)[0m  [1m[32mINSERT INTO "admins" ("provider", "admin_uid", "encrypted_password", "reset_password_token", "reset_password_sent_at", "allow_password_change", "remember_created_at", "confirmation_token", "confirmed_at", "confirmation_sent_at", "unconfirmed_email", "email", "firstname", "lastname", "nickname", "role", "phone_number", "address", "company_uid", "tokens", "created_at", "updated_at") VALUES ($1, $2, $3, $4, $5, $6, $7, $8, $9, $10, $11, $12, $13, $14, $15, $16, $17, $18, $19, $20, $21, $22)[0m  [["provider", "email"], ["admin_uid", "ADM_OVGZO"], ["encrypted_password", "[FILTERED]"], ["reset_password_token", "[FILTERED]"], ["reset_password_sent_at", "[FILTERED]"], ["allow_password_change", "[FILTERED]"], ["remember_created_at", nil], ["confirmation_token", "[FILTERED]"], ["confirmed_at", nil], ["confirmation_sent_at", nil], ["unconfirmed_email", nil], ["email", "hompoth.krisztiian@gmail.com"], ["firstname", "Krisztián"], ["lastname", "Orsós"], ["nickname", nil], ["role", "manager"], ["phone_number", "0761837888"], ["address", "Com. Joseni str. Faluköze nr. 1"], ["company_uid", "CPY_RNPUV"], ["tokens", "[FILTERED]"], ["created_at", "2023-10-23 07:52:38.728745"], ["updated_at", "2023-10-23 07:52:38.728745"]]
  [1m[36mTRANSACTION (202.0ms)[0m  [1m[35mCOMMIT[0m
  [1m[36mTRANSACTION (141.3ms)[0m  [1m[35mBEGIN[0m
  [1m[36mCompany Load (106.3ms)[0m  [1m[34mSELECT "companies".* FROM "companies" WHERE "companies"."company_uid" = $1 LIMIT $2[0m  [["company_uid", "CPY_RNPUV"], ["LIMIT", 1]]
  [1m[36mAdmin Create (161.1ms)[0m  [1m[32mINSERT INTO "admins" ("provider", "admin_uid", "encrypted_password", "reset_password_token", "reset_password_sent_at", "allow_password_change", "remember_created_at", "confirmation_token", "confirmed_at", "confirmation_sent_at", "unconfirmed_email", "email", "firstname", "lastname", "nickname", "role", "phone_number", "address", "company_uid", "tokens", "created_at", "updated_at") VALUES ($1, $2, $3, $4, $5, $6, $7, $8, $9, $10, $11, $12, $13, $14, $15, $16, $17, $18, $19, $20, $21, $22)[0m  [["provider", "email"], ["admin_uid", "ADM_ZH40W"], ["encrypted_password", "[FILTERED]"], ["reset_password_token", "[FILTERED]"], ["reset_password_sent_at", "[FILTERED]"], ["allow_password_change", "[FILTERED]"], ["remember_created_at", nil], ["confirmation_token", "[FILTERED]"], ["confirmed_at", nil], ["confirmation_sent_at", nil], ["unconfirmed_email", nil], ["email", "csatabellla@gmail.com"], ["firstname", "Béla"], ["lastname", "Csata"], ["nickname", nil], ["role", "driver"], ["phone_number", "0752358475"], ["address", "Mun. Gheorgheni str. Ghindei nr. 1"], ["company_uid", "CPY_RNPUV"], ["tokens", "[FILTERED]"], ["created_at", "2023-10-23 07:52:39.791112"], ["updated_at", "2023-10-23 07:52:39.791112"]]
  [1m[36mTRANSACTION (201.4ms)[0m  [1m[35mCOMMIT[0m
  [1m[36mTRANSACTION (139.5ms)[0m  [1m[35mBEGIN[0m
  [1m[36mCompany Load (178.1ms)[0m  [1m[34mSELECT "companies".* FROM "companies" WHERE "companies"."company_uid" = $1 LIMIT $2[0m  [["company_uid", "CPY_RNPUV"], ["LIMIT", 1]]
  [1m[36mAdmin Create (198.2ms)[0m  [1m[32mINSERT INTO "admins" ("provider", "admin_uid", "encrypted_password", "reset_password_token", "reset_password_sent_at", "allow_password_change", "remember_created_at", "confirmation_token", "confirmed_at", "confirmation_sent_at", "unconfirmed_email", "email", "firstname", "lastname", "nickname", "role", "phone_number", "address", "company_uid", "tokens", "created_at", "updated_at") VALUES ($1, $2, $3, $4, $5, $6, $7, $8, $9, $10, $11, $12, $13, $14, $15, $16, $17, $18, $19, $20, $21, $22)[0m  [["provider", "email"], ["admin_uid", "ADM_3DIB7"], ["encrypted_password", "[FILTERED]"], ["reset_password_token", "[FILTERED]"], ["reset_password_sent_at", "[FILTERED]"], ["allow_password_change", "[FILTERED]"], ["remember_created_at", nil], ["confirmation_token", "[FILTERED]"], ["confirmed_at", nil], ["confirmation_sent_at", nil], ["unconfirmed_email", nil], ["email", "magdi982@gmail.com"], ["firstname", "Magdolna"], ["lastname", "Kovács"], ["nickname", nil], ["role", "driver"], ["phone_number", "0739489586"], ["address", "Mun. Gheorgheni str. Stadionului nr. 4"], ["company_uid", "CPY_RNPUV"], ["tokens", "[FILTERED]"], ["created_at", "2023-10-23 07:52:40.880825"], ["updated_at", "2023-10-23 07:52:40.880825"]]
  [1m[36mTRANSACTION (202.1ms)[0m  [1m[35mCOMMIT[0m
  [1m[36mTRANSACTION (218.1ms)[0m  [1m[35mBEGIN[0m
  [1m[36mCompany Load (204.2ms)[0m  [1m[34mSELECT "companies".* FROM "companies" WHERE "companies"."company_uid" = $1 LIMIT $2[0m  [["company_uid", "CPY_RNPUV"], ["LIMIT", 1]]
  [1m[36mAdmin Create (112.8ms)[0m  [1m[32mINSERT INTO "admins" ("provider", "admin_uid", "encrypted_password", "reset_password_token", "reset_password_sent_at", "allow_password_change", "remember_created_at", "confirmation_token", "confirmed_at", "confirmation_sent_at", "unconfirmed_email", "email", "firstname", "lastname", "nickname", "role", "phone_number", "address", "company_uid", "tokens", "created_at", "updated_at") VALUES ($1, $2, $3, $4, $5, $6, $7, $8, $9, $10, $11, $12, $13, $14, $15, $16, $17, $18, $19, $20, $21, $22)[0m  [["provider", "email"], ["admin_uid", "ADM_W2NJP"], ["encrypted_password", "[FILTERED]"], ["reset_password_token", "[FILTERED]"], ["reset_password_sent_at", "[FILTERED]"], ["allow_password_change", "[FILTERED]"], ["remember_created_at", nil], ["confirmation_token", "[FILTERED]"], ["confirmed_at", nil], ["confirmation_sent_at", nil], ["unconfirmed_email", nil], ["email", "o1rsospista11@gmail.com"], ["firstname", "István"], ["lastname", "Orsós"], ["nickname", nil], ["role", "driver"], ["phone_number", "0755928111"], ["address", "Com. Ciumani str. Inczelaka nr. 1398"], ["company_uid", "CPY_RNPUV"], ["tokens", "[FILTERED]"], ["created_at", "2023-10-23 07:52:42.110808"], ["updated_at", "2023-10-23 07:52:42.110808"]]
  [1m[36mTRANSACTION (111.4ms)[0m  [1m[35mCOMMIT[0m
  [1m[36mTRANSACTION (183.2ms)[0m  [1m[35mBEGIN[0m
  [1m[36mCompany Load (108.5ms)[0m  [1m[34mSELECT "companies".* FROM "companies" WHERE "companies"."company_uid" = $1 LIMIT $2[0m  [["company_uid", "CPY_RNPUV"], ["LIMIT", 1]]
  [1m[36mAdmin Create (189.1ms)[0m  [1m[32mINSERT INTO "admins" ("provider", "admin_uid", "encrypted_password", "reset_password_token", "reset_password_sent_at", "allow_password_change", "remember_created_at", "confirmation_token", "confirmed_at", "confirmation_sent_at", "unconfirmed_email", "email", "firstname", "lastname", "nickname", "role", "phone_number", "address", "company_uid", "tokens", "created_at", "updated_at") VALUES ($1, $2, $3, $4, $5, $6, $7, $8, $9, $10, $11, $12, $13, $14, $15, $16, $17, $18, $19, $20, $21, $22)[0m  [["provider", "email"], ["admin_uid", "ADM_ZUSM7"], ["encrypted_password", "[FILTERED]"], ["reset_password_token", "[FILTERED]"], ["reset_password_sent_at", "[FILTERED]"], ["allow_password_change", "[FILTERED]"], ["remember_created_at", nil], ["confirmation_token", "[FILTERED]"], ["confirmed_at", nil], ["confirmation_sent_at", nil], ["unconfirmed_email", nil], ["email", "ninbjjanarch@yahoo.com"], ["firstname", "Iván"], ["lastname", "Elekes"], ["nickname", nil], ["role", "driver"], ["phone_number", "0724889734"], ["address", "Com. Ciumani str. Principala nr. 12"], ["company_uid", "CPY_RNPUV"], ["tokens", "[FILTERED]"], ["created_at", "2023-10-23 07:52:43.039606"], ["updated_at", "2023-10-23 07:52:43.039606"]]
  [1m[36mTRANSACTION (200.8ms)[0m  [1m[35mCOMMIT[0m
  [1m[36mTRANSACTION (213.7ms)[0m  [1m[35mBEGIN[0m
  [1m[36mCompany Load (201.2ms)[0m  [1m[34mSELECT "companies".* FROM "companies" WHERE "companies"."company_uid" = $1 LIMIT $2[0m  [["company_uid", "CPY_RNPUV"], ["LIMIT", 1]]
  [1m[36mAdmin Create (198.7ms)[0m  [1m[32mINSERT INTO "admins" ("provider", "admin_uid", "encrypted_password", "reset_password_token", "reset_password_sent_at", "allow_password_change", "remember_created_at", "confirmation_token", "confirmed_at", "confirmation_sent_at", "unconfirmed_email", "email", "firstname", "lastname", "nickname", "role", "phone_number", "address", "company_uid", "tokens", "created_at", "updated_at") VALUES ($1, $2, $3, $4, $5, $6, $7, $8, $9, $10, $11, $12, $13, $14, $15, $16, $17, $18, $19, $20, $21, $22)[0m  [["provider", "email"], ["admin_uid", "ADM_WCBRC"], ["encrypted_password", "[FILTERED]"], ["reset_password_token", "[FILTERED]"], ["reset_password_sent_at", "[FILTERED]"], ["allow_password_change", "[FILTERED]"], ["remember_created_at", nil], ["confirmation_token", "[FILTERED]"], ["confirmed_at", nil], ["confirmation_sent_at", nil], ["unconfirmed_email", nil], ["email", "karolyka_elekes@gmail.com"], ["firstname", "Károly"], ["lastname", "Elekes"], ["nickname", nil], ["role", "driver"], ["phone_number", "0745399324"], ["address", "Com. Suseni str. Kéthíd nr. 198"], ["company_uid", "CPY_RNPUV"], ["tokens", "[FILTERED]"], ["created_at", "2023-10-23 07:52:44.258502"], ["updated_at", "2023-10-23 07:52:44.258502"]]
  [1m[36mTRANSACTION (201.3ms)[0m  [1m[35mCOMMIT[0m
  [1m[36mTRANSACTION (183.4ms)[0m  [1m[35mBEGIN[0m
  [1m[36mCompany Load (123.6ms)[0m  [1m[34mSELECT "companies".* FROM "companies" WHERE "companies"."company_uid" = $1 LIMIT $2[0m  [["company_uid", "CPY_9WDRE"], ["LIMIT", 1]]
  [1m[36mAdmin Create (199.3ms)[0m  [1m[32mINSERT INTO "admins" ("provider", "admin_uid", "encrypted_password", "reset_password_token", "reset_password_sent_at", "allow_password_change", "remember_created_at", "confirmation_token", "confirmed_at", "confirmation_sent_at", "unconfirmed_email", "email", "firstname", "lastname", "nickname", "role", "phone_number", "address", "company_uid", "tokens", "created_at", "updated_at") VALUES ($1, $2, $3, $4, $5, $6, $7, $8, $9, $10, $11, $12, $13, $14, $15, $16, $17, $18, $19, $20, $21, $22)[0m  [["provider", "email"], ["admin_uid", "ADM_FB7LL"], ["encrypted_password", "[FILTERED]"], ["reset_password_token", "[FILTERED]"], ["reset_password_sent_at", "[FILTERED]"], ["allow_password_change", "[FILTERED]"], ["remember_created_at", nil], ["confirmation_token", "[FILTERED]"], ["confirmed_at", nil], ["confirmation_sent_at", nil], ["unconfirmed_email", nil], ["email", "office@panoramatrans.ro"], ["firstname", "Elemér"], ["lastname", "Kecskeméti"], ["nickname", nil], ["role", "boss"], ["phone_number", "0728493883"], ["address", "Com. Joseni str. Principala nr. 19"], ["company_uid", "CPY_9WDRE"], ["tokens", "[FILTERED]"], ["created_at", "2023-10-23 07:52:45.384407"], ["updated_at", "2023-10-23 07:52:45.384407"]]
  [1m[36mTRANSACTION (201.8ms)[0m  [1m[35mCOMMIT[0m
  [1m[36mTRANSACTION (216.4ms)[0m  [1m[35mBEGIN[0m
  [1m[36mCompany Load (201.0ms)[0m  [1m[34mSELECT "companies".* FROM "companies" WHERE "companies"."company_uid" = $1 LIMIT $2[0m  [["company_uid", "CPY_9WDRE"], ["LIMIT", 1]]
  [1m[36mAdmin Create (199.0ms)[0m  [1m[32mINSERT INTO "admins" ("provider", "admin_uid", "encrypted_password", "reset_password_token", "reset_password_sent_at", "allow_password_change", "remember_created_at", "confirmation_token", "confirmed_at", "confirmation_sent_at", "unconfirmed_email", "email", "firstname", "lastname", "nickname", "role", "phone_number", "address", "company_uid", "tokens", "created_at", "updated_at") VALUES ($1, $2, $3, $4, $5, $6, $7, $8, $9, $10, $11, $12, $13, $14, $15, $16, $17, $18, $19, $20, $21, $22)[0m  [["provider", "email"], ["admin_uid", "ADM_CLFJB"], ["encrypted_password", "[FILTERED]"], ["reset_password_token", "[FILTERED]"], ["reset_password_sent_at", "[FILTERED]"], ["allow_password_change", "[FILTERED]"], ["remember_created_at", nil], ["confirmation_token", "[FILTERED]"], ["confirmed_at", nil], ["confirmation_sent_at", nil], ["unconfirmed_email", nil], ["email", "hompothh.krisztian@gmail.com"], ["firstname", "Krisztián"], ["lastname", "Orsós"], ["nickname", nil], ["role", "manager"], ["phone_number", "0761837888"], ["address", "Com. Joseni str. Faluköze nr. 1"], ["company_uid", "CPY_9WDRE"], ["tokens", "[FILTERED]"], ["created_at", "2023-10-23 07:52:46.613743"], ["updated_at", "2023-10-23 07:52:46.613743"]]
  [1m[36mTRANSACTION (202.1ms)[0m  [1m[35mCOMMIT[0m
  [1m[36mTRANSACTION (216.4ms)[0m  [1m[35mBEGIN[0m
  [1m[36mCompany Load (202.6ms)[0m  [1m[34mSELECT "companies".* FROM "companies" WHERE "companies"."company_uid" = $1 LIMIT $2[0m  [["company_uid", "CPY_9WDRE"], ["LIMIT", 1]]
  [1m[36mAdmin Create (197.9ms)[0m  [1m[32mINSERT INTO "admins" ("provider", "admin_uid", "encrypted_password", "reset_password_token", "reset_password_sent_at", "allow_password_change", "remember_created_at", "confirmation_token", "confirmed_at", "confirmation_sent_at", "unconfirmed_email", "email", "firstname", "lastname", "nickname", "role", "phone_number", "address", "company_uid", "tokens", "created_at", "updated_at") VALUES ($1, $2, $3, $4, $5, $6, $7, $8, $9, $10, $11, $12, $13, $14, $15, $16, $17, $18, $19, $20, $21, $22)[0m  [["provider", "email"], ["admin_uid", "ADM_MSOBA"], ["encrypted_password", "[FILTERED]"], ["reset_password_token", "[FILTERED]"], ["reset_password_sent_at", "[FILTERED]"], ["allow_password_change", "[FILTERED]"], ["remember_created_at", nil], ["confirmation_token", "[FILTERED]"], ["confirmed_at", nil], ["confirmation_sent_at", nil], ["unconfirmed_email", nil], ["email", "csatabelus@gmail.com"], ["firstname", "Béla"], ["lastname", "Csata"], ["nickname", nil], ["role", "driver"], ["phone_number", "0752358475"], ["address", "Mun. Gheorgheni str. Ghindei nr. 1"], ["company_uid", "CPY_9WDRE"], ["tokens", "[FILTERED]"], ["created_at", "2023-10-23 07:52:47.842687"], ["updated_at", "2023-10-23 07:52:47.842687"]]
  [1m[36mTRANSACTION (201.8ms)[0m  [1m[35mCOMMIT[0m
  [1m[36mTRANSACTION (216.9ms)[0m  [1m[35mBEGIN[0m
  [1m[36mCompany Load (201.8ms)[0m  [1m[34mSELECT "companies".* FROM "companies" WHERE "companies"."company_uid" = $1 LIMIT $2[0m  [["company_uid", "CPY_9WDRE"], ["LIMIT", 1]]
  [1m[36mAdmin Create (114.1ms)[0m  [1m[32mINSERT INTO "admins" ("provider", "admin_uid", "encrypted_password", "reset_password_token", "reset_password_sent_at", "allow_password_change", "remember_created_at", "confirmation_token", "confirmed_at", "confirmation_sent_at", "unconfirmed_email", "email", "firstname", "lastname", "nickname", "role", "phone_number", "address", "company_uid", "tokens", "created_at", "updated_at") VALUES ($1, $2, $3, $4, $5, $6, $7, $8, $9, $10, $11, $12, $13, $14, $15, $16, $17, $18, $19, $20, $21, $22)[0m  [["provider", "email"], ["admin_uid", "ADM_BR6MY"], ["encrypted_password", "[FILTERED]"], ["reset_password_token", "[FILTERED]"], ["reset_password_sent_at", "[FILTERED]"], ["allow_password_change", "[FILTERED]"], ["remember_created_at", nil], ["confirmation_token", "[FILTERED]"], ["confirmed_at", nil], ["confirmation_sent_at", nil], ["unconfirmed_email", nil], ["email", "magdika92@gmail.com"], ["firstname", "Magdolna"], ["lastname", "Kovács"], ["nickname", nil], ["role", "driver"], ["phone_number", "0739489586"], ["address", "Mun. Gheorgheni str. Stadionului nr. 4"], ["company_uid", "CPY_9WDRE"], ["tokens", "[FILTERED]"], ["created_at", "2023-10-23 07:52:49.070298"], ["updated_at", "2023-10-23 07:52:49.070298"]]
  [1m[36mTRANSACTION (184.8ms)[0m  [1m[35mCOMMIT[0m
  [1m[36mTRANSACTION (215.5ms)[0m  [1m[35mBEGIN[0m
  [1m[36mCompany Load (201.7ms)[0m  [1m[34mSELECT "companies".* FROM "companies" WHERE "companies"."company_uid" = $1 LIMIT $2[0m  [["company_uid", "CPY_9WDRE"], ["LIMIT", 1]]
  [1m[36mAdmin Create (199.3ms)[0m  [1m[32mINSERT INTO "admins" ("provider", "admin_uid", "encrypted_password", "reset_password_token", "reset_password_sent_at", "allow_password_change", "remember_created_at", "confirmation_token", "confirmed_at", "confirmation_sent_at", "unconfirmed_email", "email", "firstname", "lastname", "nickname", "role", "phone_number", "address", "company_uid", "tokens", "created_at", "updated_at") VALUES ($1, $2, $3, $4, $5, $6, $7, $8, $9, $10, $11, $12, $13, $14, $15, $16, $17, $18, $19, $20, $21, $22)[0m  [["provider", "email"], ["admin_uid", "ADM_KGEQE"], ["encrypted_password", "[FILTERED]"], ["reset_password_token", "[FILTERED]"], ["reset_password_sent_at", "[FILTERED]"], ["allow_password_change", "[FILTERED]"], ["remember_created_at", nil], ["confirmation_token", "[FILTERED]"], ["confirmed_at", nil], ["confirmation_sent_at", nil], ["unconfirmed_email", nil], ["email", "orsosspista11@gmail.com"], ["firstname", "István"], ["lastname", "Orsós"], ["nickname", nil], ["role", "driver"], ["phone_number", "0755928111"], ["address", "Com. Ciumani str. Inczelaka nr. 1398"], ["company_uid", "CPY_9WDRE"], ["tokens", "[FILTERED]"], ["created_at", "2023-10-23 07:52:50.197113"], ["updated_at", "2023-10-23 07:52:50.197113"]]
  [1m[36mTRANSACTION (200.7ms)[0m  [1m[35mCOMMIT[0m
  [1m[36mTRANSACTION (215.2ms)[0m  [1m[35mBEGIN[0m
  [1m[36mCompany Load (203.7ms)[0m  [1m[34mSELECT "companies".* FROM "companies" WHERE "companies"."company_uid" = $1 LIMIT $2[0m  [["company_uid", "CPY_9WDRE"], ["LIMIT", 1]]
  [1m[36mAdmin Create (197.0ms)[0m  [1m[32mINSERT INTO "admins" ("provider", "admin_uid", "encrypted_password", "reset_password_token", "reset_password_sent_at", "allow_password_change", "remember_created_at", "confirmation_token", "confirmed_at", "confirmation_sent_at", "unconfirmed_email", "email", "firstname", "lastname", "nickname", "role", "phone_number", "address", "company_uid", "tokens", "created_at", "updated_at") VALUES ($1, $2, $3, $4, $5, $6, $7, $8, $9, $10, $11, $12, $13, $14, $15, $16, $17, $18, $19, $20, $21, $22)[0m  [["provider", "email"], ["admin_uid", "ADM_8Z6UG"], ["encrypted_password", "[FILTERED]"], ["reset_password_token", "[FILTERED]"], ["reset_password_sent_at", "[FILTERED]"], ["allow_password_change", "[FILTERED]"], ["remember_created_at", nil], ["confirmation_token", "[FILTERED]"], ["confirmed_at", nil], ["confirmation_sent_at", nil], ["unconfirmed_email", nil], ["email", "ninjanarch11@yahoo.com"], ["firstname", "Iván"], ["lastname", "Elekes"], ["nickname", nil], ["role", "driver"], ["phone_number", "0724889734"], ["address", "Com. Ciumani str. Principala nr. 12"], ["company_uid", "CPY_9WDRE"], ["tokens", "[FILTERED]"], ["created_at", "2023-10-23 07:52:51.427979"], ["updated_at", "2023-10-23 07:52:51.427979"]]
  [1m[36mTRANSACTION (201.4ms)[0m  [1m[35mCOMMIT[0m
  [1m[36mTRANSACTION (214.7ms)[0m  [1m[35mBEGIN[0m
  [1m[36mCompany Load (204.1ms)[0m  [1m[34mSELECT "companies".* FROM "companies" WHERE "companies"."company_uid" = $1 LIMIT $2[0m  [["company_uid", "CPY_9WDRE"], ["LIMIT", 1]]
  [1m[36mAdmin Create (196.6ms)[0m  [1m[32mINSERT INTO "admins" ("provider", "admin_uid", "encrypted_password", "reset_password_token", "reset_password_sent_at", "allow_password_change", "remember_created_at", "confirmation_token", "confirmed_at", "confirmation_sent_at", "unconfirmed_email", "email", "firstname", "lastname", "nickname", "role", "phone_number", "address", "company_uid", "tokens", "created_at", "updated_at") VALUES ($1, $2, $3, $4, $5, $6, $7, $8, $9, $10, $11, $12, $13, $14, $15, $16, $17, $18, $19, $20, $21, $22)[0m  [["provider", "email"], ["admin_uid", "ADM_7VRI9"], ["encrypted_password", "[FILTERED]"], ["reset_password_token", "[FILTERED]"], ["reset_password_sent_at", "[FILTERED]"], ["allow_password_change", "[FILTERED]"], ["remember_created_at", nil], ["confirmation_token", "[FILTERED]"], ["confirmed_at", nil], ["confirmation_sent_at", nil], ["unconfirmed_email", nil], ["email", "karoly@gmail.com"], ["firstname", "Károly"], ["lastname", "Elekes"], ["nickname", nil], ["role", "driver"], ["phone_number", "0745399324"], ["address", "Com. Suseni str. Kéthíd nr. 198"], ["company_uid", "CPY_9WDRE"], ["tokens", "[FILTERED]"], ["created_at", "2023-10-23 07:52:52.657178"], ["updated_at", "2023-10-23 07:52:52.657178"]]
  [1m[36mTRANSACTION (201.7ms)[0m  [1m[35mCOMMIT[0m
  [1m[36mTRANSACTION (213.9ms)[0m  [1m[35mBEGIN[0m
  [1m[36mCompany Load (114.5ms)[0m  [1m[34mSELECT "companies".* FROM "companies" WHERE "companies"."company_uid" = $1 LIMIT $2[0m  [["company_uid", "CPY_ME599"], ["LIMIT", 1]]
  [1m[36mAdmin Create (118.2ms)[0m  [1m[32mINSERT INTO "admins" ("provider", "admin_uid", "encrypted_password", "reset_password_token", "reset_password_sent_at", "allow_password_change", "remember_created_at", "confirmation_token", "confirmed_at", "confirmation_sent_at", "unconfirmed_email", "email", "firstname", "lastname", "nickname", "role", "phone_number", "address", "company_uid", "tokens", "created_at", "updated_at") VALUES ($1, $2, $3, $4, $5, $6, $7, $8, $9, $10, $11, $12, $13, $14, $15, $16, $17, $18, $19, $20, $21, $22)[0m  [["provider", "email"], ["admin_uid", "ADM_ZYIYP"], ["encrypted_password", "[FILTERED]"], ["reset_password_token", "[FILTERED]"], ["reset_password_sent_at", "[FILTERED]"], ["allow_password_change", "[FILTERED]"], ["remember_created_at", nil], ["confirmation_token", "[FILTERED]"], ["confirmed_at", nil], ["confirmation_sent_at", nil], ["unconfirmed_email", nil], ["email", "office@transloctrans.ro"], ["firstname", "Elemér"], ["lastname", "Kecskeméti"], ["nickname", nil], ["role", "boss"], ["phone_number", "0728493883"], ["address", "Com. Joseni str. Principala nr. 19"], ["company_uid", "CPY_ME599"], ["tokens", "[FILTERED]"], ["created_at", "2023-10-23 07:52:53.795986"], ["updated_at", "2023-10-23 07:52:53.795986"]]
  [1m[36mTRANSACTION (108.9ms)[0m  [1m[35mCOMMIT[0m
  [1m[36mTRANSACTION (108.1ms)[0m  [1m[35mBEGIN[0m
  [1m[36mCompany Load (159.0ms)[0m  [1m[34mSELECT "companies".* FROM "companies" WHERE "companies"."company_uid" = $1 LIMIT $2[0m  [["company_uid", "CPY_ME599"], ["LIMIT", 1]]
  [1m[36mAdmin Create (122.7ms)[0m  [1m[32mINSERT INTO "admins" ("provider", "admin_uid", "encrypted_password", "reset_password_token", "reset_password_sent_at", "allow_password_change", "remember_created_at", "confirmation_token", "confirmed_at", "confirmation_sent_at", "unconfirmed_email", "email", "firstname", "lastname", "nickname", "role", "phone_number", "address", "company_uid", "tokens", "created_at", "updated_at") VALUES ($1, $2, $3, $4, $5, $6, $7, $8, $9, $10, $11, $12, $13, $14, $15, $16, $17, $18, $19, $20, $21, $22)[0m  [["provider", "email"], ["admin_uid", "ADM_B0WPK"], ["encrypted_password", "[FILTERED]"], ["reset_password_token", "[FILTERED]"], ["reset_password_sent_at", "[FILTERED]"], ["allow_password_change", "[FILTERED]"], ["remember_created_at", nil], ["confirmation_token", "[FILTERED]"], ["confirmed_at", nil], ["confirmation_sent_at", nil], ["unconfirmed_email", nil], ["email", "hompoth.krisztian2@gmail.com"], ["firstname", "Krisztián"], ["lastname", "Orsós"], ["nickname", nil], ["role", "manager"], ["phone_number", "0761837888"], ["address", "Com. Joseni str. Faluköze nr. 1"], ["company_uid", "CPY_ME599"], ["tokens", "[FILTERED]"], ["created_at", "2023-10-23 07:52:54.702441"], ["updated_at", "2023-10-23 07:52:54.702441"]]
  [1m[36mTRANSACTION (177.5ms)[0m  [1m[35mCOMMIT[0m
  [1m[36mTRANSACTION (132.4ms)[0m  [1m[35mBEGIN[0m
  [1m[36mCompany Load (111.8ms)[0m  [1m[34mSELECT "companies".* FROM "companies" WHERE "companies"."company_uid" = $1 LIMIT $2[0m  [["company_uid", "CPY_ME599"], ["LIMIT", 1]]
  [1m[36mAdmin Create (119.0ms)[0m  [1m[32mINSERT INTO "admins" ("provider", "admin_uid", "encrypted_password", "reset_password_token", "reset_password_sent_at", "allow_password_change", "remember_created_at", "confirmation_token", "confirmed_at", "confirmation_sent_at", "unconfirmed_email", "email", "firstname", "lastname", "nickname", "role", "phone_number", "address", "company_uid", "tokens", "created_at", "updated_at") VALUES ($1, $2, $3, $4, $5, $6, $7, $8, $9, $10, $11, $12, $13, $14, $15, $16, $17, $18, $19, $20, $21, $22)[0m  [["provider", "email"], ["admin_uid", "ADM_R1JHO"], ["encrypted_password", "[FILTERED]"], ["reset_password_token", "[FILTERED]"], ["reset_password_sent_at", "[FILTERED]"], ["allow_password_change", "[FILTERED]"], ["remember_created_at", nil], ["confirmation_token", "[FILTERED]"], ["confirmed_at", nil], ["confirmation_sent_at", nil], ["unconfirmed_email", nil], ["email", "csatabela2@gmail.com"], ["firstname", "Béla"], ["lastname", "Csata"], ["nickname", nil], ["role", "driver"], ["phone_number", "0752358475"], ["address", "Mun. Gheorgheni str. Ghindei nr. 1"], ["company_uid", "CPY_ME599"], ["tokens", "[FILTERED]"], ["created_at", "2023-10-23 07:52:55.664832"], ["updated_at", "2023-10-23 07:52:55.664832"]]
  [1m[36mTRANSACTION (110.2ms)[0m  [1m[35mCOMMIT[0m
  [1m[36mTRANSACTION (130.2ms)[0m  [1m[35mBEGIN[0m
  [1m[36mCompany Load (180.6ms)[0m  [1m[34mSELECT "companies".* FROM "companies" WHERE "companies"."company_uid" = $1 LIMIT $2[0m  [["company_uid", "CPY_ME599"], ["LIMIT", 1]]
  [1m[36mAdmin Create (118.3ms)[0m  [1m[32mINSERT INTO "admins" ("provider", "admin_uid", "encrypted_password", "reset_password_token", "reset_password_sent_at", "allow_password_change", "remember_created_at", "confirmation_token", "confirmed_at", "confirmation_sent_at", "unconfirmed_email", "email", "firstname", "lastname", "nickname", "role", "phone_number", "address", "company_uid", "tokens", "created_at", "updated_at") VALUES ($1, $2, $3, $4, $5, $6, $7, $8, $9, $10, $11, $12, $13, $14, $15, $16, $17, $18, $19, $20, $21, $22)[0m  [["provider", "email"], ["admin_uid", "ADM_8ATDS"], ["encrypted_password", "[FILTERED]"], ["reset_password_token", "[FILTERED]"], ["reset_password_sent_at", "[FILTERED]"], ["allow_password_change", "[FILTERED]"], ["remember_created_at", nil], ["confirmation_token", "[FILTERED]"], ["confirmed_at", nil], ["confirmation_sent_at", nil], ["unconfirmed_email", nil], ["email", "magdi922@gmail.com"], ["firstname", "Magdolna"], ["lastname", "Kovács"], ["nickname", nil], ["role", "driver"], ["phone_number", "0739489586"], ["address", "Mun. Gheorgheni str. Stadionului nr. 4"], ["company_uid", "CPY_ME599"], ["tokens", "[FILTERED]"], ["created_at", "2023-10-23 07:52:56.612949"], ["updated_at", "2023-10-23 07:52:56.612949"]]
  [1m[36mTRANSACTION (104.3ms)[0m  [1m[35mCOMMIT[0m
  [1m[36mTRANSACTION (123.1ms)[0m  [1m[35mBEGIN[0m
  [1m[36mCompany Load (111.9ms)[0m  [1m[34mSELECT "companies".* FROM "companies" WHERE "companies"."company_uid" = $1 LIMIT $2[0m  [["company_uid", "CPY_ME599"], ["LIMIT", 1]]
  [1m[36mAdmin Create (114.7ms)[0m  [1m[32mINSERT INTO "admins" ("provider", "admin_uid", "encrypted_password", "reset_password_token", "reset_password_sent_at", "allow_password_change", "remember_created_at", "confirmation_token", "confirmed_at", "confirmation_sent_at", "unconfirmed_email", "email", "firstname", "lastname", "nickname", "role", "phone_number", "address", "company_uid", "tokens", "created_at", "updated_at") VALUES ($1, $2, $3, $4, $5, $6, $7, $8, $9, $10, $11, $12, $13, $14, $15, $16, $17, $18, $19, $20, $21, $22)[0m  [["provider", "email"], ["admin_uid", "ADM_9SI7V"], ["encrypted_password", "[FILTERED]"], ["reset_password_token", "[FILTERED]"], ["reset_password_sent_at", "[FILTERED]"], ["allow_password_change", "[FILTERED]"], ["remember_created_at", nil], ["confirmation_token", "[FILTERED]"], ["confirmed_at", nil], ["confirmation_sent_at", nil], ["unconfirmed_email", nil], ["email", "orsospista112@gmail.com"], ["firstname", "István"], ["lastname", "Orsós"], ["nickname", nil], ["role", "driver"], ["phone_number", "0755928111"], ["address", "Com. Ciumani str. Inczelaka nr. 1398"], ["company_uid", "CPY_ME599"], ["tokens", "[FILTERED]"], ["created_at", "2023-10-23 07:52:57.478844"], ["updated_at", "2023-10-23 07:52:57.478844"]]
  [1m[36mTRANSACTION (122.4ms)[0m  [1m[35mCOMMIT[0m
  [1m[36mTRANSACTION (126.4ms)[0m  [1m[35mBEGIN[0m
  [1m[36mCompany Load (118.2ms)[0m  [1m[34mSELECT "companies".* FROM "companies" WHERE "companies"."company_uid" = $1 LIMIT $2[0m  [["company_uid", "CPY_ME599"], ["LIMIT", 1]]
  [1m[36mAdmin Create (112.7ms)[0m  [1m[32mINSERT INTO "admins" ("provider", "admin_uid", "encrypted_password", "reset_password_token", "reset_password_sent_at", "allow_password_change", "remember_created_at", "confirmation_token", "confirmed_at", "confirmation_sent_at", "unconfirmed_email", "email", "firstname", "lastname", "nickname", "role", "phone_number", "address", "company_uid", "tokens", "created_at", "updated_at") VALUES ($1, $2, $3, $4, $5, $6, $7, $8, $9, $10, $11, $12, $13, $14, $15, $16, $17, $18, $19, $20, $21, $22)[0m  [["provider", "email"], ["admin_uid", "ADM_YHGK4"], ["encrypted_password", "[FILTERED]"], ["reset_password_token", "[FILTERED]"], ["reset_password_sent_at", "[FILTERED]"], ["allow_password_change", "[FILTERED]"], ["remember_created_at", nil], ["confirmation_token", "[FILTERED]"], ["confirmed_at", nil], ["confirmation_sent_at", nil], ["unconfirmed_email", nil], ["email", "ninjanarc2h@yahoo.com"], ["firstname", "Iván"], ["lastname", "Elekes"], ["nickname", nil], ["role", "driver"], ["phone_number", "0724889734"], ["address", "Com. Ciumani str. Principala nr. 12"], ["company_uid", "CPY_ME599"], ["tokens", "[FILTERED]"], ["created_at", "2023-10-23 07:52:58.371146"], ["updated_at", "2023-10-23 07:52:58.371146"]]
  [1m[36mTRANSACTION (204.1ms)[0m  [1m[35mCOMMIT[0m
  [1m[36mTRANSACTION (122.3ms)[0m  [1m[35mBEGIN[0m
  [1m[36mCompany Load (190.5ms)[0m  [1m[34mSELECT "companies".* FROM "companies" WHERE "companies"."company_uid" = $1 LIMIT $2[0m  [["company_uid", "CPY_ME599"], ["LIMIT", 1]]
  [1m[36mAdmin Create (200.0ms)[0m  [1m[32mINSERT INTO "admins" ("provider", "admin_uid", "encrypted_password", "reset_password_token", "reset_password_sent_at", "allow_password_change", "remember_created_at", "confirmation_token", "confirmed_at", "confirmation_sent_at", "unconfirmed_email", "email", "firstname", "lastname", "nickname", "role", "phone_number", "address", "company_uid", "tokens", "created_at", "updated_at") VALUES ($1, $2, $3, $4, $5, $6, $7, $8, $9, $10, $11, $12, $13, $14, $15, $16, $17, $18, $19, $20, $21, $22)[0m  [["provider", "email"], ["admin_uid", "ADM_NKUJ2"], ["encrypted_password", "[FILTERED]"], ["reset_password_token", "[FILTERED]"], ["reset_password_sent_at", "[FILTERED]"], ["allow_password_change", "[FILTERED]"], ["remember_created_at", nil], ["confirmation_token", "[FILTERED]"], ["confirmed_at", nil], ["confirmation_sent_at", nil], ["unconfirmed_email", nil], ["email", "2@gmail.com"], ["firstname", "Károly"], ["lastname", "Elekes"], ["nickname", nil], ["role", "driver"], ["phone_number", "0745399324"], ["address", "Com. Suseni str. Kéthíd nr. 198"], ["company_uid", "CPY_ME599"], ["tokens", "[FILTERED]"], ["created_at", "2023-10-23 07:52:59.411048"], ["updated_at", "2023-10-23 07:52:59.411048"]]
  [1m[36mTRANSACTION (202.1ms)[0m  [1m[35mCOMMIT[0m
  [1m[36mTRANSACTION (125.2ms)[0m  [1m[35mBEGIN[0m
  [1m[36mStation Create (108.3ms)[0m  [1m[32mINSERT INTO "stations" ("station_uid", "name", "longitude", "latitude", "city", "address", "created_at", "updated_at") VALUES ($1, $2, $3, $4, $5, $6, $7, $8) RETURNING "station_uid"[0m  [["station_uid", "STT_HYOD6"], ["name", "Csomafalva központ"], ["longitude", "25.515264"], ["latitude", "46.6791797"], ["city", "Ciumani"], ["address", "Str. Principala nr. 89"], ["created_at", "2023-10-23 07:53:00.656066"], ["updated_at", "2023-10-23 07:53:00.656066"]]
  [1m[36mTRANSACTION (149.6ms)[0m  [1m[35mCOMMIT[0m
  [1m[36mTRANSACTION (117.0ms)[0m  [1m[35mBEGIN[0m
  [1m[36mStation Create (184.6ms)[0m  [1m[32mINSERT INTO "stations" ("station_uid", "name", "longitude", "latitude", "city", "address", "created_at", "updated_at") VALUES ($1, $2, $3, $4, $5, $6, $7, $8) RETURNING "station_uid"[0m  [["station_uid", "STT_H911Q"], ["name", "Csomafalva szászfalu"], ["longitude", "25.4547497"], ["latitude", "46.6729104"], ["city", "Ciumani"], ["address", "Str. Tötés nr. 18"], ["created_at", "2023-10-23 07:53:01.050587"], ["updated_at", "2023-10-23 07:53:01.050587"]]
  [1m[36mTRANSACTION (199.2ms)[0m  [1m[35mCOMMIT[0m
  [1m[36mTRANSACTION (112.4ms)[0m  [1m[35mBEGIN[0m
  [1m[36mStation Create (115.2ms)[0m  [1m[32mINSERT INTO "stations" ("station_uid", "name", "longitude", "latitude", "city", "address", "created_at", "updated_at") VALUES ($1, $2, $3, $4, $5, $6, $7, $8) RETURNING "station_uid"[0m  [["station_uid", "STT_AF941"], ["name", "Alfalu központ"], ["longitude", "25.493437"], ["latitude", "6.7002046"], ["city", "Joseni"], ["address", "Str. Ciumani nr. 88"], ["created_at", "2023-10-23 07:53:01.562159"], ["updated_at", "2023-10-23 07:53:01.562159"]]
  [1m[36mTRANSACTION (171.0ms)[0m  [1m[35mCOMMIT[0m
  [1m[36mTRANSACTION (201.1ms)[0m  [1m[35mBEGIN[0m
  [1m[36mStation Create (201.4ms)[0m  [1m[32mINSERT INTO "stations" ("station_uid", "name", "longitude", "latitude", "city", "address", "created_at", "updated_at") VALUES ($1, $2, $3, $4, $5, $6, $7, $8) RETURNING "station_uid"[0m  [["station_uid", "STT_WBGFD"], ["name", "Alfalu lengyár"], ["longitude", "25.5151177"], ["latitude", "46.70528"], ["city", "Joseni"], ["address", "Str. Gheorgheni nr. 3"], ["created_at", "2023-10-23 07:53:01.971491"], ["updated_at", "2023-10-23 07:53:01.971491"]]
  [1m[36mTRANSACTION (200.9ms)[0m  [1m[35mCOMMIT[0m
  [1m[36mTRANSACTION (203.6ms)[0m  [1m[35mBEGIN[0m
  [1m[36mStation Create (201.2ms)[0m  [1m[32mINSERT INTO "stations" ("station_uid", "name", "longitude", "latitude", "city", "address", "created_at", "updated_at") VALUES ($1, $2, $3, $4, $5, $6, $7, $8) RETURNING "station_uid"[0m  [["station_uid", "STT_B44GX"], ["name", "Gyergyó állomás"], ["longitude", "25.5679183"], ["latitude", "46.7164726"], ["city", "Gheorgheni"], ["address", "Str. Garii nr. 16"], ["created_at", "2023-10-23 07:53:02.586037"], ["updated_at", "2023-10-23 07:53:02.586037"]]
  [1m[36mTRANSACTION (198.9ms)[0m  [1m[35mCOMMIT[0m
  [1m[36mTRANSACTION (200.7ms)[0m  [1m[35mBEGIN[0m
  [1m[36mStation Create (200.5ms)[0m  [1m[32mINSERT INTO "stations" ("station_uid", "name", "longitude", "latitude", "city", "address", "created_at", "updated_at") VALUES ($1, $2, $3, $4, $5, $6, $7, $8) RETURNING "station_uid"[0m  [["station_uid", "STT_J4D3L"], ["name", "Gyergyó Maros hotel"], ["longitude", "25.5823401"], ["latitude", "46.7209535"], ["city", "Gheorgheni"], ["address", "Bul. Fratiei nr. 65"], ["created_at", "2023-10-23 07:53:03.200791"], ["updated_at", "2023-10-23 07:53:03.200791"]]
  [1m[36mTRANSACTION (201.9ms)[0m  [1m[35mCOMMIT[0m
  [1m[36mTRANSACTION (157.1ms)[0m  [1m[35mBEGIN[0m
  [1m[36mRoute Create (200.6ms)[0m  [1m[32mINSERT INTO "routes" ("route_uid", "name", "created_at", "updated_at") VALUES ($1, $2, $3, $4) RETURNING "route_uid"[0m  [["route_uid", "ROU_BW63O"], ["name", "Szászfalu-Gyergyó"], ["created_at", "2023-10-23 07:53:04.162600"], ["updated_at", "2023-10-23 07:53:04.162600"]]
  [1m[36mTRANSACTION (196.7ms)[0m  [1m[35mCOMMIT[0m
  [1m[36mRoute Load (205.5ms)[0m  [1m[34mSELECT "routes".* FROM "routes" WHERE "routes"."name" = $1 LIMIT $2[0m  [["name", "Szászfalu-Gyergyó"], ["LIMIT", 1]]
  [1m[36mStation Load (203.7ms)[0m  [1m[34mSELECT "stations".* FROM "stations" WHERE "stations"."name" = $1 LIMIT $2[0m  [["name", "Csomafalva központ"], ["LIMIT", 1]]
  [1m[36mActiveRecord::SchemaMigration Pluck (201.8ms)[0m  [1m[34mSELECT "schema_migrations"."version" FROM "schema_migrations" ORDER BY "schema_migrations"."version" ASC[0m
  [1m[35m (98.2ms)[0m  [1m[34mSELECT pg_try_advisory_lock(328290156475937670)[0m
  [1m[36mActiveRecord::SchemaMigration Pluck (97.1ms)[0m  [1m[34mSELECT "schema_migrations"."version" FROM "schema_migrations" ORDER BY "schema_migrations"."version" ASC[0m
Migrating to CreateCities (20231023160822)
  [1m[36mTRANSACTION (88.5ms)[0m  [1m[35mBEGIN[0m
  [1m[35m (130.1ms)[0m  [1m[35mCREATE TABLE "cities" ("id" bigserial primary key, "city_uid" character varying, "name" character varying, "zip_code" character varying, "created_at" timestamp(6) NOT NULL, "updated_at" timestamp(6) NOT NULL)[0m
  [1m[36mActiveRecord::SchemaMigration Create (100.5ms)[0m  [1m[32mINSERT INTO "schema_migrations" ("version") VALUES ($1) RETURNING "version"[0m  [["version", "20231023160822"]]
  [1m[36mTRANSACTION (98.3ms)[0m  [1m[35mCOMMIT[0m
  [1m[36mActiveRecord::InternalMetadata Load (103.0ms)[0m  [1m[34mSELECT "ar_internal_metadata".* FROM "ar_internal_metadata" WHERE "ar_internal_metadata"."key" = $1 LIMIT $2[0m  [["key", "environment"], ["LIMIT", 1]]
  [1m[35m (198.1ms)[0m  [1m[34mSELECT pg_advisory_unlock(328290156475937670)[0m
  [1m[36mActiveRecord::SchemaMigration Pluck (100.2ms)[0m  [1m[34mSELECT "schema_migrations"."version" FROM "schema_migrations" ORDER BY "schema_migrations"."version" ASC[0m
  [1m[36mActiveRecord::SchemaMigration Pluck (94.3ms)[0m  [1m[34mSELECT "schema_migrations"."version" FROM "schema_migrations" ORDER BY "schema_migrations"."version" ASC[0m
  [1m[36mActiveRecord::InternalMetadata Pluck (104.4ms)[0m  [1m[34mSELECT "ar_internal_metadata"."value" FROM "ar_internal_metadata" WHERE "ar_internal_metadata"."key" = $1 LIMIT $2[0m  [["key", "environment"], ["LIMIT", 1]]
  [1m[36mActiveRecord::SchemaMigration Pluck (108.3ms)[0m  [1m[34mSELECT "schema_migrations"."version" FROM "schema_migrations" ORDER BY "schema_migrations"."version" ASC[0m
  [1m[36mActiveRecord::InternalMetadata Pluck (97.1ms)[0m  [1m[34mSELECT "ar_internal_metadata"."value" FROM "ar_internal_metadata" WHERE "ar_internal_metadata"."key" = $1 LIMIT $2[0m  [["key", "environment"], ["LIMIT", 1]]
  [1m[36mActiveRecord::SchemaMigration Pluck (102.1ms)[0m  [1m[34mSELECT "schema_migrations"."version" FROM "schema_migrations" ORDER BY "schema_migrations"."version" ASC[0m
  [1m[36mActiveRecord::InternalMetadata Pluck (95.2ms)[0m  [1m[34mSELECT "ar_internal_metadata"."value" FROM "ar_internal_metadata" WHERE "ar_internal_metadata"."key" = $1 LIMIT $2[0m  [["key", "environment"], ["LIMIT", 1]]
  [1m[35m (152.7ms)[0m  [1m[35mDROP DATABASE IF EXISTS "bus4u_db"[0m
  [1m[35m (19.5ms)[0m  [1m[35mDROP DATABASE IF EXISTS "API_test"[0m
  [1m[35m (324.5ms)[0m  [1m[35mCREATE DATABASE "bus4u_db" ENCODING = 'unicode'[0m
  [1m[35m (68.2ms)[0m  [1m[35mCREATE DATABASE "API_test" ENCODING = 'unicode'[0m
  [1m[35m (117.9ms)[0m  [1m[35mCREATE TABLE "schema_migrations" ("version" character varying NOT NULL PRIMARY KEY)[0m
  [1m[35m (120.8ms)[0m  [1m[35mCREATE TABLE "ar_internal_metadata" ("key" character varying NOT NULL PRIMARY KEY, "value" character varying, "created_at" timestamp(6) NOT NULL, "updated_at" timestamp(6) NOT NULL)[0m
  [1m[35m (89.4ms)[0m  [1m[34mSELECT pg_try_advisory_lock(328290156475937670)[0m
  [1m[36mActiveRecord::SchemaMigration Pluck (97.5ms)[0m  [1m[34mSELECT "schema_migrations"."version" FROM "schema_migrations" ORDER BY "schema_migrations"."version" ASC[0m
Migrating to DeviseTokenAuthCreateUsers (20231012145933)
  [1m[36mTRANSACTION (84.9ms)[0m  [1m[35mBEGIN[0m
  [1m[35m (116.7ms)[0m  [1m[35mCREATE TABLE "users" ("provider" character varying DEFAULT 'email' NOT NULL, "user_uid" character varying DEFAULT '' NOT NULL, "encrypted_password" character varying DEFAULT '' NOT NULL, "reset_password_token" character varying, "reset_password_sent_at" timestamp(6), "allow_password_change" boolean DEFAULT FALSE, "remember_created_at" timestamp(6), "confirmation_token" character varying, "confirmed_at" timestamp(6), "confirmation_sent_at" timestamp(6), "unconfirmed_email" character varying, "firstname" character varying, "lastname" character varying, "email" character varying, "phone_number" character varying, "language" character varying, "tokens" json, "created_at" timestamp(6) NOT NULL, "updated_at" timestamp(6) NOT NULL)[0m
  [1m[35m (114.0ms)[0m  [1m[35mCREATE UNIQUE INDEX "index_users_on_email" ON "users" ("email")[0m
  [1m[35m (96.7ms)[0m  [1m[35mCREATE UNIQUE INDEX "index_users_on_user_uid_and_provider" ON "users" ("user_uid", "provider")[0m
  [1m[35m (108.4ms)[0m  [1m[35mCREATE UNIQUE INDEX "index_users_on_reset_password_token" ON "users" ("reset_password_token")[0m
  [1m[35m (97.9ms)[0m  [1m[35mCREATE UNIQUE INDEX "index_users_on_confirmation_token" ON "users" ("confirmation_token")[0m
  [1m[36mActiveRecord::SchemaMigration Create (96.0ms)[0m  [1m[32mINSERT INTO "schema_migrations" ("version") VALUES ($1) RETURNING "version"[0m  [["version", "20231012145933"]]
  [1m[36mTRANSACTION (92.0ms)[0m  [1m[35mCOMMIT[0m
Migrating to DeviseTokenAuthCreateAdmins (20231012150243)
  [1m[36mTRANSACTION (89.6ms)[0m  [1m[35mBEGIN[0m
  [1m[35m (106.6ms)[0m  [1m[35mCREATE TABLE "admins" ("provider" character varying DEFAULT 'email' NOT NULL, "admin_uid" character varying DEFAULT '' NOT NULL, "encrypted_password" character varying DEFAULT '' NOT NULL, "reset_password_token" character varying, "reset_password_sent_at" timestamp(6), "allow_password_change" boolean DEFAULT FALSE, "remember_created_at" timestamp(6), "confirmation_token" character varying, "confirmed_at" timestamp(6), "confirmation_sent_at" timestamp(6), "unconfirmed_email" character varying, "email" character varying, "firstname" character varying, "lastname" character varying, "nickname" character varying, "role" character varying, "phone_number" character varying, "address" character varying, "company_uid" character varying, "tokens" json, "created_at" timestamp(6) NOT NULL, "updated_at" timestamp(6) NOT NULL)[0m
  [1m[35m (106.4ms)[0m  [1m[35mCREATE UNIQUE INDEX "index_admins_on_email" ON "admins" ("email")[0m
  [1m[35m (112.2ms)[0m  [1m[35mCREATE UNIQUE INDEX "index_admins_on_admin_uid_and_provider" ON "admins" ("admin_uid", "provider")[0m
  [1m[35m (114.1ms)[0m  [1m[35mCREATE UNIQUE INDEX "index_admins_on_reset_password_token" ON "admins" ("reset_password_token")[0m
  [1m[35m (113.3ms)[0m  [1m[35mCREATE UNIQUE INDEX "index_admins_on_confirmation_token" ON "admins" ("confirmation_token")[0m
  [1m[36mActiveRecord::SchemaMigration Create (93.6ms)[0m  [1m[32mINSERT INTO "schema_migrations" ("version") VALUES ($1) RETURNING "version"[0m  [["version", "20231012150243"]]
  [1m[36mTRANSACTION (93.0ms)[0m  [1m[35mCOMMIT[0m
Migrating to CreateCompanies (20231022154945)
  [1m[36mTRANSACTION (90.3ms)[0m  [1m[35mBEGIN[0m
  [1m[35m (114.6ms)[0m  [1m[35mCREATE TABLE "companies" ("company_uid" character varying NOT NULL PRIMARY KEY, "name" character varying, "email" character varying, "phone_number" character varying, "tax_number" character varying, "city" character varying, "office_address" character varying, "created_at" timestamp(6) NOT NULL, "updated_at" timestamp(6) NOT NULL)[0m
  [1m[36mActiveRecord::SchemaMigration Create (108.4ms)[0m  [1m[32mINSERT INTO "schema_migrations" ("version") VALUES ($1) RETURNING "version"[0m  [["version", "20231022154945"]]
  [1m[36mTRANSACTION (98.8ms)[0m  [1m[35mCOMMIT[0m
Migrating to CreateBuses (20231022155022)
  [1m[36mTRANSACTION (86.0ms)[0m  [1m[35mBEGIN[0m
  [1m[35m (113.6ms)[0m  [1m[35mCREATE TABLE "buses" ("bus_uid" character varying NOT NULL PRIMARY KEY, "company_uid" character varying, "string" character varying, "license_plate" character varying, "brand" character varying, "manufacturing_year" integer, "capacity" integer, "road_tax" timestamp(6), "insurance" timestamp(6), "technical_exam" timestamp(6), "created_at" timestamp(6) NOT NULL, "updated_at" timestamp(6) NOT NULL)[0m
  [1m[36mActiveRecord::SchemaMigration Create (88.0ms)[0m  [1m[32mINSERT INTO "schema_migrations" ("version") VALUES ($1) RETURNING "version"[0m  [["version", "20231022155022"]]
  [1m[36mTRANSACTION (92.8ms)[0m  [1m[35mCOMMIT[0m
Migrating to CreateStations (20231022155044)
  [1m[36mTRANSACTION (81.0ms)[0m  [1m[35mBEGIN[0m
  [1m[35m (115.9ms)[0m  [1m[35mCREATE TABLE "stations" ("station_uid" character varying NOT NULL PRIMARY KEY, "name" character varying, "longitude" decimal, "latitude" decimal, "city_uid" character varying, "address" character varying, "created_at" timestamp(6) NOT NULL, "updated_at" timestamp(6) NOT NULL)[0m
  [1m[36mActiveRecord::SchemaMigration Create (96.9ms)[0m  [1m[32mINSERT INTO "schema_migrations" ("version") VALUES ($1) RETURNING "version"[0m  [["version", "20231022155044"]]
  [1m[36mTRANSACTION (94.2ms)[0m  [1m[35mCOMMIT[0m
Migrating to CreateRoutes (20231022155105)
  [1m[36mTRANSACTION (81.2ms)[0m  [1m[35mBEGIN[0m
  [1m[35m (114.6ms)[0m  [1m[35mCREATE TABLE "routes" ("route_uid" character varying NOT NULL PRIMARY KEY, "name" character varying, "created_at" timestamp(6) NOT NULL, "updated_at" timestamp(6) NOT NULL)[0m
  [1m[36mActiveRecord::SchemaMigration Create (97.6ms)[0m  [1m[32mINSERT INTO "schema_migrations" ("version") VALUES ($1) RETURNING "version"[0m  [["version", "20231022155105"]]
  [1m[36mTRANSACTION (95.5ms)[0m  [1m[35mCOMMIT[0m
Migrating to CreateRouteStations (20231022155131)
  [1m[36mTRANSACTION (90.0ms)[0m  [1m[35mBEGIN[0m
  [1m[35m (114.7ms)[0m  [1m[35mCREATE TABLE "route_stations" ("route_station_uid" character varying NOT NULL PRIMARY KEY, "station_uid" character varying, "company_uid" character varying, "route_uid" character varying, "departure_time" timestamp(6), "sequence" integer, "created_at" timestamp(6) NOT NULL, "updated_at" timestamp(6) NOT NULL)[0m
  [1m[36mActiveRecord::SchemaMigration Create (98.2ms)[0m  [1m[32mINSERT INTO "schema_migrations" ("version") VALUES ($1) RETURNING "version"[0m  [["version", "20231022155131"]]
  [1m[36mTRANSACTION (93.5ms)[0m  [1m[35mCOMMIT[0m
Migrating to CreateTickets (20231022155206)
  [1m[36mTRANSACTION (91.7ms)[0m  [1m[35mBEGIN[0m
  [1m[35m (114.6ms)[0m  [1m[35mCREATE TABLE "tickets" ("ticket_uid" character varying NOT NULL PRIMARY KEY, "company_uid" character varying, "type" character varying, "price_uid" character varying, "created_at" timestamp(6) NOT NULL, "updated_at" timestamp(6) NOT NULL)[0m
  [1m[36mActiveRecord::SchemaMigration Create (100.4ms)[0m  [1m[32mINSERT INTO "schema_migrations" ("version") VALUES ($1) RETURNING "version"[0m  [["version", "20231022155206"]]
  [1m[36mTRANSACTION (91.8ms)[0m  [1m[35mCOMMIT[0m
Migrating to CreateBoughtTickets (20231022155234)
  [1m[36mTRANSACTION (82.8ms)[0m  [1m[35mBEGIN[0m
  [1m[35m (130.2ms)[0m  [1m[35mCREATE TABLE "bought_tickets" ("bought_ticket_uid" character varying NOT NULL PRIMARY KEY, "ticket_uid" character varying, "user_uid" character varying, "date_of_purchase" timestamp(6), "expiration_date" timestamp(6), "is_vaild" boolean, "created_at" timestamp(6) NOT NULL, "updated_at" timestamp(6) NOT NULL)[0m
  [1m[36mActiveRecord::SchemaMigration Create (98.9ms)[0m  [1m[32mINSERT INTO "schema_migrations" ("version") VALUES ($1) RETURNING "version"[0m  [["version", "20231022155234"]]
  [1m[36mTRANSACTION (86.0ms)[0m  [1m[35mCOMMIT[0m
Migrating to CreatePrices (20231022155344)
  [1m[36mTRANSACTION (83.3ms)[0m  [1m[35mBEGIN[0m
  [1m[35m (110.2ms)[0m  [1m[35mCREATE TABLE "prices" ("price_uid" character varying NOT NULL PRIMARY KEY, "route_uid" character varying, "from_station_uid" character varying, "to_station_uid" character varying, "ticket_price" decimal, "created_at" timestamp(6) NOT NULL, "updated_at" timestamp(6) NOT NULL)[0m
  [1m[36mActiveRecord::SchemaMigration Create (91.5ms)[0m  [1m[32mINSERT INTO "schema_migrations" ("version") VALUES ($1) RETURNING "version"[0m  [["version", "20231022155344"]]
  [1m[36mTRANSACTION (93.0ms)[0m  [1m[35mCOMMIT[0m
Migrating to CreateCompanyStations (20231022191053)
  [1m[36mTRANSACTION (95.1ms)[0m  [1m[35mBEGIN[0m
  [1m[35m (107.9ms)[0m  [1m[35mCREATE TABLE "company_stations" ("company_station_uid" character varying NOT NULL PRIMARY KEY, "created_at" timestamp(6) NOT NULL, "updated_at" timestamp(6) NOT NULL)[0m
  [1m[36mActiveRecord::SchemaMigration Create (98.7ms)[0m  [1m[32mINSERT INTO "schema_migrations" ("version") VALUES ($1) RETURNING "version"[0m  [["version", "20231022191053"]]
  [1m[36mTRANSACTION (91.0ms)[0m  [1m[35mCOMMIT[0m
Migrating to CreateCities (20231023160822)
  [1m[36mTRANSACTION (95.1ms)[0m  [1m[35mBEGIN[0m
  [1m[35m (116.4ms)[0m  [1m[35mCREATE TABLE "cities" ("id" bigserial primary key, "city_uid" character varying, "name" character varying, "zip_code" character varying, "created_at" timestamp(6) NOT NULL, "updated_at" timestamp(6) NOT NULL)[0m
  [1m[36mActiveRecord::SchemaMigration Create (90.4ms)[0m  [1m[32mINSERT INTO "schema_migrations" ("version") VALUES ($1) RETURNING "version"[0m  [["version", "20231023160822"]]
  [1m[36mTRANSACTION (92.1ms)[0m  [1m[35mCOMMIT[0m
  [1m[36mActiveRecord::InternalMetadata Load (96.9ms)[0m  [1m[34mSELECT "ar_internal_metadata".* FROM "ar_internal_metadata" WHERE "ar_internal_metadata"."key" = $1 LIMIT $2[0m  [["key", "environment"], ["LIMIT", 1]]
  [1m[36mTRANSACTION (83.8ms)[0m  [1m[35mBEGIN[0m
  [1m[36mActiveRecord::InternalMetadata Create (93.7ms)[0m  [1m[32mINSERT INTO "ar_internal_metadata" ("key", "value", "created_at", "updated_at") VALUES ($1, $2, $3, $4) RETURNING "key"[0m  [["key", "environment"], ["value", "development"], ["created_at", "2023-10-23 16:20:20.773419"], ["updated_at", "2023-10-23 16:20:20.773419"]]
  [1m[36mTRANSACTION (97.2ms)[0m  [1m[35mCOMMIT[0m
  [1m[35m (95.4ms)[0m  [1m[34mSELECT pg_advisory_unlock(328290156475937670)[0m
  [1m[36mActiveRecord::SchemaMigration Pluck (97.3ms)[0m  [1m[34mSELECT "schema_migrations"."version" FROM "schema_migrations" ORDER BY "schema_migrations"."version" ASC[0m
  [1m[36mActiveRecord::SchemaMigration Pluck (105.3ms)[0m  [1m[34mSELECT "schema_migrations"."version" FROM "schema_migrations" ORDER BY "schema_migrations"."version" ASC[0m
  [1m[36mTRANSACTION (111.4ms)[0m  [1m[35mBEGIN[0m
  [1m[36mCompany Create (103.2ms)[0m  [1m[32mINSERT INTO "companies" ("company_uid", "name", "email", "phone_number", "tax_number", "city", "office_address", "created_at", "updated_at") VALUES ($1, $2, $3, $4, $5, $6, $7, $8, $9) RETURNING "company_uid"[0m  [["company_uid", "CPY_3PV8L"], ["name", "VANDOR TRANS TOURS SRL"], ["email", "office@vandortrans.ro"], ["phone_number", "0762883716"], ["tax_number", "49281782"], ["city", "Gheorgheni"], ["office_address", "Str. Kossuth Lajos nr. 91"], ["created_at", "2023-10-23 16:20:48.245025"], ["updated_at", "2023-10-23 16:20:48.245025"]]
  [1m[36mTRANSACTION (124.2ms)[0m  [1m[35mCOMMIT[0m
  [1m[36mTRANSACTION (94.8ms)[0m  [1m[35mBEGIN[0m
  [1m[36mCompany Create (313.4ms)[0m  [1m[32mINSERT INTO "companies" ("company_uid", "name", "email", "phone_number", "tax_number", "city", "office_address", "created_at", "updated_at") VALUES ($1, $2, $3, $4, $5, $6, $7, $8, $9) RETURNING "company_uid"[0m  [["company_uid", "CPY_MW82S"], ["name", "PANORAMA TURIST SRL"], ["email", "panorama@gmail.com"], ["phone_number", "0755197688"], ["tax_number", "74112365"], ["city", "Ditrau"], ["office_address", "Str. Dealul frumos 73/A"], ["created_at", "2023-10-23 16:20:48.596926"], ["updated_at", "2023-10-23 16:20:48.596926"]]
  [1m[36mTRANSACTION (107.6ms)[0m  [1m[35mCOMMIT[0m
  [1m[36mTRANSACTION (125.1ms)[0m  [1m[35mBEGIN[0m
  [1m[36mCompany Create (316.5ms)[0m  [1m[32mINSERT INTO "companies" ("company_uid", "name", "email", "phone_number", "tax_number", "city", "office_address", "created_at", "updated_at") VALUES ($1, $2, $3, $4, $5, $6, $7, $8, $9) RETURNING "company_uid"[0m  [["company_uid", "CPY_3GGYF"], ["name", "BALINT TRANS SRL"], ["email", "balinttrans@yahoo.com"], ["phone_number", "0723763998"], ["tax_number", "41549877"], ["city", "Targu Mures"], ["office_address", "Str. Bega nr. 9"], ["created_at", "2023-10-23 16:20:49.125848"], ["updated_at", "2023-10-23 16:20:49.125848"]]
  [1m[36mTRANSACTION (332.3ms)[0m  [1m[35mCOMMIT[0m
  [1m[36mTRANSACTION (528.0ms)[0m  [1m[35mBEGIN[0m
  [1m[36mCompany Create (381.0ms)[0m  [1m[32mINSERT INTO "companies" ("company_uid", "name", "email", "phone_number", "tax_number", "city", "office_address", "created_at", "updated_at") VALUES ($1, $2, $3, $4, $5, $6, $7, $8, $9) RETURNING "company_uid"[0m  [["company_uid", "CPY_9ZUCX"], ["name", "TRANSPORT LOCAL SA"], ["email", "office@vandortrans.ro"], ["phone_number", "0763777716"], ["tax_number", "87654782"], ["city", "Targu Mures"], ["office_address", "Str. Bega nr. 2"], ["created_at", "2023-10-23 16:20:49.915381"], ["updated_at", "2023-10-23 16:20:49.915381"]]
  [1m[36mTRANSACTION (166.1ms)[0m  [1m[35mCOMMIT[0m
  [1m[36mCompany Load (123.5ms)[0m  [1m[34mSELECT "companies".* FROM "companies" WHERE "companies"."name" = $1 LIMIT $2[0m  [["name", "VANDOR TRANS TOURS SRL"], ["LIMIT", 1]]
  [1m[36mTRANSACTION (349.0ms)[0m  [1m[35mBEGIN[0m
  [1m[36mCompany Load (115.7ms)[0m  [1m[34mSELECT "companies".* FROM "companies" WHERE "companies"."company_uid" = $1 LIMIT $2[0m  [["company_uid", "CPY_3PV8L"], ["LIMIT", 1]]
  [1m[36mBus Create (107.8ms)[0m  [1m[32mINSERT INTO "buses" ("bus_uid", "company_uid", "string", "license_plate", "brand", "manufacturing_year", "capacity", "road_tax", "insurance", "technical_exam", "created_at", "updated_at") VALUES ($1, $2, $3, $4, $5, $6, $7, $8, $9, $10, $11, $12) RETURNING "bus_uid"[0m  [["bus_uid", "BUS_WVKW2"], ["company_uid", "CPY_3PV8L"], ["string", nil], ["license_plate", "HR49VTT"], ["brand", "Mercedes Integro"], ["manufacturing_year", 2003], ["capacity", 73], ["road_tax", "2023-12-10 00:00:00"], ["insurance", "2023-12-22 00:00:00"], ["technical_exam", "2023-10-10 00:00:00"], ["created_at", "2023-10-23 16:20:53.015529"], ["updated_at", "2023-10-23 16:20:53.015529"]]
  [1m[36mTRANSACTION (153.5ms)[0m  [1m[35mCOMMIT[0m
  [1m[36mTRANSACTION (143.2ms)[0m  [1m[35mBEGIN[0m
  [1m[36mCompany Load (160.5ms)[0m  [1m[34mSELECT "companies".* FROM "companies" WHERE "companies"."company_uid" = $1 LIMIT $2[0m  [["company_uid", "CPY_3PV8L"], ["LIMIT", 1]]
  [1m[36mBus Create (143.3ms)[0m  [1m[32mINSERT INTO "buses" ("bus_uid", "company_uid", "string", "license_plate", "brand", "manufacturing_year", "capacity", "road_tax", "insurance", "technical_exam", "created_at", "updated_at") VALUES ($1, $2, $3, $4, $5, $6, $7, $8, $9, $10, $11, $12) RETURNING "bus_uid"[0m  [["bus_uid", "BUS_F15DE"], ["company_uid", "CPY_3PV8L"], ["string", nil], ["license_plate", "HR22VTT"], ["brand", "Setra S516"], ["manufacturing_year", 2009], ["capacity", 57], ["road_tax", "2024-04-28 00:00:00"], ["insurance", "2024-12-02 00:00:00"], ["technical_exam", "2024-03-03 00:00:00"], ["created_at", "2023-10-23 16:20:53.598513"], ["updated_at", "2023-10-23 16:20:53.598513"]]
  [1m[36mTRANSACTION (92.7ms)[0m  [1m[35mCOMMIT[0m
  [1m[36mTRANSACTION (574.6ms)[0m  [1m[35mBEGIN[0m
  [1m[36mCompany Load (99.2ms)[0m  [1m[34mSELECT "companies".* FROM "companies" WHERE "companies"."company_uid" = $1 LIMIT $2[0m  [["company_uid", "CPY_3PV8L"], ["LIMIT", 1]]
  [1m[36mBus Create (120.1ms)[0m  [1m[32mINSERT INTO "buses" ("bus_uid", "company_uid", "string", "license_plate", "brand", "manufacturing_year", "capacity", "road_tax", "insurance", "technical_exam", "created_at", "updated_at") VALUES ($1, $2, $3, $4, $5, $6, $7, $8, $9, $10, $11, $12) RETURNING "bus_uid"[0m  [["bus_uid", "BUS_EW1BY"], ["company_uid", "CPY_3PV8L"], ["string", nil], ["license_plate", "HR56VTT"], ["brand", "Mercedes Vario"], ["manufacturing_year", 2019], ["capacity", 45], ["road_tax", "2024-05-21 00:00:00"], ["insurance", "2023-10-22 00:00:00"], ["technical_exam", "2024-11-08 00:00:00"], ["created_at", "2023-10-23 16:20:54.527304"], ["updated_at", "2023-10-23 16:20:54.527304"]]
  [1m[36mTRANSACTION (102.3ms)[0m  [1m[35mCOMMIT[0m
  [1m[36mTRANSACTION (84.0ms)[0m  [1m[35mBEGIN[0m
  [1m[36mCompany Load (88.5ms)[0m  [1m[34mSELECT "companies".* FROM "companies" WHERE "companies"."company_uid" = $1 LIMIT $2[0m  [["company_uid", "CPY_3PV8L"], ["LIMIT", 1]]
  [1m[36mBus Create (362.6ms)[0m  [1m[32mINSERT INTO "buses" ("bus_uid", "company_uid", "string", "license_plate", "brand", "manufacturing_year", "capacity", "road_tax", "insurance", "technical_exam", "created_at", "updated_at") VALUES ($1, $2, $3, $4, $5, $6, $7, $8, $9, $10, $11, $12) RETURNING "bus_uid"[0m  [["bus_uid", "BUS_QAGNZ"], ["company_uid", "CPY_3PV8L"], ["string", nil], ["license_plate", "HR67VTT"], ["brand", "Mercedes Vito"], ["manufacturing_year", 2011], ["capacity", 24], ["road_tax", "2024-06-29 00:00:00"], ["insurance", "2024-01-28 00:00:00"], ["technical_exam", "2024-06-11 00:00:00"], ["created_at", "2023-10-23 16:20:54.941669"], ["updated_at", "2023-10-23 16:20:54.941669"]]
  [1m[36mTRANSACTION (136.6ms)[0m  [1m[35mCOMMIT[0m
  [1m[36mTRANSACTION (188.6ms)[0m  [1m[35mBEGIN[0m
  [1m[36mCompany Load (402.0ms)[0m  [1m[34mSELECT "companies".* FROM "companies" WHERE "companies"."company_uid" = $1 LIMIT $2[0m  [["company_uid", "CPY_3PV8L"], ["LIMIT", 1]]
  [1m[36mBus Create (217.5ms)[0m  [1m[32mINSERT INTO "buses" ("bus_uid", "company_uid", "string", "license_plate", "brand", "manufacturing_year", "capacity", "road_tax", "insurance", "technical_exam", "created_at", "updated_at") VALUES ($1, $2, $3, $4, $5, $6, $7, $8, $9, $10, $11, $12) RETURNING "bus_uid"[0m  [["bus_uid", "BUS_IUOWW"], ["company_uid", "CPY_3PV8L"], ["string", nil], ["license_plate", "HR12VTT"], ["brand", "Otokar Sultan"], ["manufacturing_year", 2011], ["capacity", 24], ["road_tax", "2024-06-29 00:00:00"], ["insurance", "2024-01-25 00:00:00"], ["technical_exam", "2024-06-11 00:00:00"], ["created_at", "2023-10-23 16:20:56.051083"], ["updated_at", "2023-10-23 16:20:56.051083"]]
  [1m[36mTRANSACTION (84.5ms)[0m  [1m[35mCOMMIT[0m
  [1m[36mTRANSACTION (84.0ms)[0m  [1m[35mBEGIN[0m
  [1m[36mCompany Load (94.5ms)[0m  [1m[34mSELECT "companies".* FROM "companies" WHERE "companies"."company_uid" = $1 LIMIT $2[0m  [["company_uid", "CPY_3PV8L"], ["LIMIT", 1]]
  [1m[36mBus Create (101.9ms)[0m  [1m[32mINSERT INTO "buses" ("bus_uid", "company_uid", "string", "license_plate", "brand", "manufacturing_year", "capacity", "road_tax", "insurance", "technical_exam", "created_at", "updated_at") VALUES ($1, $2, $3, $4, $5, $6, $7, $8, $9, $10, $11, $12) RETURNING "bus_uid"[0m  [["bus_uid", "BUS_K077O"], ["company_uid", "CPY_3PV8L"], ["string", nil], ["license_plate", "HR23VTT"], ["brand", "Mercedes Sprinter"], ["manufacturing_year", 2011], ["capacity", 24], ["road_tax", "2024-06-11 00:00:00"], ["insurance", "2024-06-21 00:00:00"], ["technical_exam", "2023-10-11 00:00:00"], ["created_at", "2023-10-23 16:20:56.551244"], ["updated_at", "2023-10-23 16:20:56.551244"]]
  [1m[36mTRANSACTION (97.4ms)[0m  [1m[35mCOMMIT[0m
  [1m[36mTRANSACTION (93.3ms)[0m  [1m[35mBEGIN[0m
  [1m[36mCompany Load (98.3ms)[0m  [1m[34mSELECT "companies".* FROM "companies" WHERE "companies"."company_uid" = $1 LIMIT $2[0m  [["company_uid", "CPY_3PV8L"], ["LIMIT", 1]]
  [1m[36mBus Create (124.1ms)[0m  [1m[32mINSERT INTO "buses" ("bus_uid", "company_uid", "string", "license_plate", "brand", "manufacturing_year", "capacity", "road_tax", "insurance", "technical_exam", "created_at", "updated_at") VALUES ($1, $2, $3, $4, $5, $6, $7, $8, $9, $10, $11, $12) RETURNING "bus_uid"[0m  [["bus_uid", "BUS_6PU1R"], ["company_uid", "CPY_3PV8L"], ["string", nil], ["license_plate", "HR01VTT"], ["brand", "Mercedes Sprinter"], ["manufacturing_year", 2020], ["capacity", 28], ["road_tax", "2024-04-21 00:00:00"], ["insurance", "2024-01-22 00:00:00"], ["technical_exam", "2024-01-23 00:00:00"], ["created_at", "2023-10-23 16:20:56.959728"], ["updated_at", "2023-10-23 16:20:56.959728"]]
  [1m[36mTRANSACTION (91.1ms)[0m  [1m[35mCOMMIT[0m
  [1m[36mCompany Load (133.1ms)[0m  [1m[34mSELECT "companies".* FROM "companies" WHERE "companies"."name" = $1 LIMIT $2[0m  [["name", "PANORAMA TURIST SRL"], ["LIMIT", 1]]
  [1m[36mTRANSACTION (261.3ms)[0m  [1m[35mBEGIN[0m
  [1m[36mCompany Load (154.3ms)[0m  [1m[34mSELECT "companies".* FROM "companies" WHERE "companies"."company_uid" = $1 LIMIT $2[0m  [["company_uid", "CPY_MW82S"], ["LIMIT", 1]]
  [1m[36mBus Create (96.8ms)[0m  [1m[32mINSERT INTO "buses" ("bus_uid", "company_uid", "string", "license_plate", "brand", "manufacturing_year", "capacity", "road_tax", "insurance", "technical_exam", "created_at", "updated_at") VALUES ($1, $2, $3, $4, $5, $6, $7, $8, $9, $10, $11, $12) RETURNING "bus_uid"[0m  [["bus_uid", "BUS_HP3N2"], ["company_uid", "CPY_MW82S"], ["string", nil], ["license_plate", "HR34ERT"], ["brand", "Mercedes Sprinter"], ["manufacturing_year", 2010], ["capacity", 50], ["road_tax", "2024-01-15 00:00:00"], ["insurance", "2024-01-25 00:00:00"], ["technical_exam", "2024-01-05 00:00:00"], ["created_at", "2023-10-23 16:20:57.745478"], ["updated_at", "2023-10-23 16:20:57.745478"]]
  [1m[36mTRANSACTION (90.4ms)[0m  [1m[35mCOMMIT[0m
  [1m[36mTRANSACTION (81.8ms)[0m  [1m[35mBEGIN[0m
  [1m[36mCompany Load (96.0ms)[0m  [1m[34mSELECT "companies".* FROM "companies" WHERE "companies"."company_uid" = $1 LIMIT $2[0m  [["company_uid", "CPY_MW82S"], ["LIMIT", 1]]
  [1m[36mBus Create (105.1ms)[0m  [1m[32mINSERT INTO "buses" ("bus_uid", "company_uid", "string", "license_plate", "brand", "manufacturing_year", "capacity", "road_tax", "insurance", "technical_exam", "created_at", "updated_at") VALUES ($1, $2, $3, $4, $5, $6, $7, $8, $9, $10, $11, $12) RETURNING "bus_uid"[0m  [["bus_uid", "BUS_3HRAH"], ["company_uid", "CPY_MW82S"], ["string", nil], ["license_plate", "HR75RGB"], ["brand", "Mercedes Vario"], ["manufacturing_year", 2012], ["capacity", 55], ["road_tax", "2024-02-15 00:00:00"], ["insurance", "2024-02-25 00:00:00"], ["technical_exam", "2024-02-05 00:00:00"], ["created_at", "2023-10-23 16:20:58.129413"], ["updated_at", "2023-10-23 16:20:58.129413"]]
  [1m[36mTRANSACTION (94.7ms)[0m  [1m[35mCOMMIT[0m
  [1m[36mTRANSACTION (93.7ms)[0m  [1m[35mBEGIN[0m
  [1m[36mCompany Load (106.1ms)[0m  [1m[34mSELECT "companies".* FROM "companies" WHERE "companies"."company_uid" = $1 LIMIT $2[0m  [["company_uid", "CPY_MW82S"], ["LIMIT", 1]]
  [1m[36mBus Create (111.7ms)[0m  [1m[32mINSERT INTO "buses" ("bus_uid", "company_uid", "string", "license_plate", "brand", "manufacturing_year", "capacity", "road_tax", "insurance", "technical_exam", "created_at", "updated_at") VALUES ($1, $2, $3, $4, $5, $6, $7, $8, $9, $10, $11, $12) RETURNING "bus_uid"[0m  [["bus_uid", "BUS_GEQBP"], ["company_uid", "CPY_MW82S"], ["string", nil], ["license_plate", "HR23UZI"], ["brand", "Mercedes Vario"], ["manufacturing_year", 2015], ["capacity", 60], ["road_tax", "2024-03-15 00:00:00"], ["insurance", "2024-03-25 00:00:00"], ["technical_exam", "2024-03-05 00:00:00"], ["created_at", "2023-10-23 16:20:58.549433"], ["updated_at", "2023-10-23 16:20:58.549433"]]
  [1m[36mTRANSACTION (95.0ms)[0m  [1m[35mCOMMIT[0m
  [1m[36mTRANSACTION (92.5ms)[0m  [1m[35mBEGIN[0m
  [1m[36mCompany Load (107.0ms)[0m  [1m[34mSELECT "companies".* FROM "companies" WHERE "companies"."company_uid" = $1 LIMIT $2[0m  [["company_uid", "CPY_MW82S"], ["LIMIT", 1]]
  [1m[36mBus Create (107.3ms)[0m  [1m[32mINSERT INTO "buses" ("bus_uid", "company_uid", "string", "license_plate", "brand", "manufacturing_year", "capacity", "road_tax", "insurance", "technical_exam", "created_at", "updated_at") VALUES ($1, $2, $3, $4, $5, $6, $7, $8, $9, $10, $11, $12) RETURNING "bus_uid"[0m  [["bus_uid", "BUS_P2KOH"], ["company_uid", "CPY_MW82S"], ["string", nil], ["license_plate", "HR98GHD"], ["brand", "Setra ComfortClass 500"], ["manufacturing_year", 2018], ["capacity", 65], ["road_tax", "2024-04-15 00:00:00"], ["insurance", "2024-04-25 00:00:00"], ["technical_exam", "2024-04-05 00:00:00"], ["created_at", "2023-10-23 16:20:58.974657"], ["updated_at", "2023-10-23 16:20:58.974657"]]
  [1m[36mTRANSACTION (107.5ms)[0m  [1m[35mCOMMIT[0m
  [1m[36mTRANSACTION (522.2ms)[0m  [1m[35mBEGIN[0m
  [1m[36mCompany Load (111.1ms)[0m  [1m[34mSELECT "companies".* FROM "companies" WHERE "companies"."company_uid" = $1 LIMIT $2[0m  [["company_uid", "CPY_MW82S"], ["LIMIT", 1]]
  [1m[36mBus Create (132.0ms)[0m  [1m[32mINSERT INTO "buses" ("bus_uid", "company_uid", "string", "license_plate", "brand", "manufacturing_year", "capacity", "road_tax", "insurance", "technical_exam", "created_at", "updated_at") VALUES ($1, $2, $3, $4, $5, $6, $7, $8, $9, $10, $11, $12) RETURNING "bus_uid"[0m  [["bus_uid", "BUS_BV3DA"], ["company_uid", "CPY_MW82S"], ["string", nil], ["license_plate", "HR56LSA"], ["brand", "Volvo B12B"], ["manufacturing_year", 2014], ["capacity", 70], ["road_tax", "2024-05-15 00:00:00"], ["insurance", "2024-05-25 00:00:00"], ["technical_exam", "2024-05-05 00:00:00"], ["created_at", "2023-10-23 16:20:59.842612"], ["updated_at", "2023-10-23 16:20:59.842612"]]
  [1m[36mTRANSACTION (117.4ms)[0m  [1m[35mCOMMIT[0m
  [1m[36mTRANSACTION (93.7ms)[0m  [1m[35mBEGIN[0m
  [1m[36mCompany Load (98.7ms)[0m  [1m[34mSELECT "companies".* FROM "companies" WHERE "companies"."company_uid" = $1 LIMIT $2[0m  [["company_uid", "CPY_MW82S"], ["LIMIT", 1]]
  [1m[36mBus Create (115.2ms)[0m  [1m[32mINSERT INTO "buses" ("bus_uid", "company_uid", "string", "license_plate", "brand", "manufacturing_year", "capacity", "road_tax", "insurance", "technical_exam", "created_at", "updated_at") VALUES ($1, $2, $3, $4, $5, $6, $7, $8, $9, $10, $11, $12) RETURNING "bus_uid"[0m  [["bus_uid", "BUS_UVO1H"], ["company_uid", "CPY_MW82S"], ["string", nil], ["license_plate", "HR11PAN"], ["brand", "Mercedes Tourismo"], ["manufacturing_year", 2017], ["capacity", 75], ["road_tax", "2024-06-15 00:00:00"], ["insurance", "2024-06-25 00:00:00"], ["technical_exam", "2024-06-05 00:00:00"], ["created_at", "2023-10-23 16:21:00.303490"], ["updated_at", "2023-10-23 16:21:00.303490"]]
  [1m[36mTRANSACTION (98.0ms)[0m  [1m[35mCOMMIT[0m
  [1m[36mTRANSACTION (119.5ms)[0m  [1m[35mBEGIN[0m
  [1m[36mCompany Load (93.3ms)[0m  [1m[34mSELECT "companies".* FROM "companies" WHERE "companies"."company_uid" = $1 LIMIT $2[0m  [["company_uid", "CPY_MW82S"], ["LIMIT", 1]]
  [1m[36mBus Create (105.7ms)[0m  [1m[32mINSERT INTO "buses" ("bus_uid", "company_uid", "string", "license_plate", "brand", "manufacturing_year", "capacity", "road_tax", "insurance", "technical_exam", "created_at", "updated_at") VALUES ($1, $2, $3, $4, $5, $6, $7, $8, $9, $10, $11, $12) RETURNING "bus_uid"[0m  [["bus_uid", "BUS_13S23"], ["company_uid", "CPY_MW82S"], ["string", nil], ["license_plate", "HR14PAN"], ["brand", "Neoplan Starliner"], ["manufacturing_year", 2000], ["capacity", 80], ["road_tax", "2024-07-15 00:00:00"], ["insurance", "2024-07-25 00:00:00"], ["technical_exam", "2024-07-05 00:00:00"], ["created_at", "2023-10-23 16:21:00.749603"], ["updated_at", "2023-10-23 16:21:00.749603"]]
  [1m[36mTRANSACTION (86.9ms)[0m  [1m[35mCOMMIT[0m
  [1m[36mCompany Load (150.3ms)[0m  [1m[34mSELECT "companies".* FROM "companies" WHERE "companies"."name" = $1 LIMIT $2[0m  [["name", "BALINT TRANS SRL"], ["LIMIT", 1]]
  [1m[36mTRANSACTION (108.5ms)[0m  [1m[35mBEGIN[0m
  [1m[36mCompany Load (107.8ms)[0m  [1m[34mSELECT "companies".* FROM "companies" WHERE "companies"."company_uid" = $1 LIMIT $2[0m  [["company_uid", "CPY_3GGYF"], ["LIMIT", 1]]
  [1m[36mBus Create (106.6ms)[0m  [1m[32mINSERT INTO "buses" ("bus_uid", "company_uid", "string", "license_plate", "brand", "manufacturing_year", "capacity", "road_tax", "insurance", "technical_exam", "created_at", "updated_at") VALUES ($1, $2, $3, $4, $5, $6, $7, $8, $9, $10, $11, $12) RETURNING "bus_uid"[0m  [["bus_uid", "BUS_RG8C0"], ["company_uid", "CPY_3GGYF"], ["string", nil], ["license_plate", "MS01CD"], ["brand", "Volvo 9700"], ["manufacturing_year", 2011], ["capacity", 50], ["road_tax", "2024-01-15 00:00:00"], ["insurance", "2024-01-25 00:00:00"], ["technical_exam", "2024-01-05 00:00:00"], ["created_at", "2023-10-23 16:21:01.328764"], ["updated_at", "2023-10-23 16:21:01.328764"]]
  [1m[36mTRANSACTION (272.2ms)[0m  [1m[35mCOMMIT[0m
  [1m[36mTRANSACTION (94.8ms)[0m  [1m[35mBEGIN[0m
  [1m[36mCompany Load (136.7ms)[0m  [1m[34mSELECT "companies".* FROM "companies" WHERE "companies"."company_uid" = $1 LIMIT $2[0m  [["company_uid", "CPY_3GGYF"], ["LIMIT", 1]]
  [1m[36mBus Create (95.3ms)[0m  [1m[32mINSERT INTO "buses" ("bus_uid", "company_uid", "string", "license_plate", "brand", "manufacturing_year", "capacity", "road_tax", "insurance", "technical_exam", "created_at", "updated_at") VALUES ($1, $2, $3, $4, $5, $6, $7, $8, $9, $10, $11, $12) RETURNING "bus_uid"[0m  [["bus_uid", "BUS_6DARY"], ["company_uid", "CPY_3GGYF"], ["string", nil], ["license_plate", "MS23OUP"], ["brand", "MAN Lion's Intercity"], ["manufacturing_year", 2013], ["capacity", 55], ["road_tax", "2024-02-15 00:00:00"], ["insurance", "2024-02-25 00:00:00"], ["technical_exam", "2024-02-05 00:00:00"], ["created_at", "2023-10-23 16:21:01.957859"], ["updated_at", "2023-10-23 16:21:01.957859"]]
  [1m[36mTRANSACTION (97.6ms)[0m  [1m[35mCOMMIT[0m
  [1m[36mTRANSACTION (92.0ms)[0m  [1m[35mBEGIN[0m
  [1m[36mCompany Load (99.2ms)[0m  [1m[34mSELECT "companies".* FROM "companies" WHERE "companies"."company_uid" = $1 LIMIT $2[0m  [["company_uid", "CPY_3GGYF"], ["LIMIT", 1]]
  [1m[36mBus Create (104.7ms)[0m  [1m[32mINSERT INTO "buses" ("bus_uid", "company_uid", "string", "license_plate", "brand", "manufacturing_year", "capacity", "road_tax", "insurance", "technical_exam", "created_at", "updated_at") VALUES ($1, $2, $3, $4, $5, $6, $7, $8, $9, $10, $11, $12) RETURNING "bus_uid"[0m  [["bus_uid", "BUS_82GNK"], ["company_uid", "CPY_3GGYF"], ["string", nil], ["license_plate", "MS65BTS"], ["brand", "Scania Touring"], ["manufacturing_year", 2006], ["capacity", 60], ["road_tax", "2024-03-15 00:00:00"], ["insurance", "2024-03-25 00:00:00"], ["technical_exam", "2024-03-05 00:00:00"], ["created_at", "2023-10-23 16:21:02.357259"], ["updated_at", "2023-10-23 16:21:02.357259"]]
  [1m[36mTRANSACTION (116.8ms)[0m  [1m[35mCOMMIT[0m
  [1m[36mTRANSACTION (115.2ms)[0m  [1m[35mBEGIN[0m
  [1m[36mCompany Load (95.2ms)[0m  [1m[34mSELECT "companies".* FROM "companies" WHERE "companies"."company_uid" = $1 LIMIT $2[0m  [["company_uid", "CPY_3GGYF"], ["LIMIT", 1]]
  [1m[36mBus Create (103.6ms)[0m  [1m[32mINSERT INTO "buses" ("bus_uid", "company_uid", "string", "license_plate", "brand", "manufacturing_year", "capacity", "road_tax", "insurance", "technical_exam", "created_at", "updated_at") VALUES ($1, $2, $3, $4, $5, $6, $7, $8, $9, $10, $11, $12) RETURNING "bus_uid"[0m  [["bus_uid", "BUS_D1BYY"], ["company_uid", "CPY_3GGYF"], ["string", nil], ["license_plate", "MS74BTS"], ["brand", "Volvo B12B"], ["manufacturing_year", 2009], ["capacity", 65], ["road_tax", "2024-04-15 00:00:00"], ["insurance", "2024-04-25 00:00:00"], ["technical_exam", "2024-04-05 00:00:00"], ["created_at", "2023-10-23 16:21:02.807817"], ["updated_at", "2023-10-23 16:21:02.807817"]]
  [1m[36mTRANSACTION (124.2ms)[0m  [1m[35mCOMMIT[0m
  [1m[36mTRANSACTION (95.2ms)[0m  [1m[35mBEGIN[0m
  [1m[36mCompany Load (304.2ms)[0m  [1m[34mSELECT "companies".* FROM "companies" WHERE "companies"."company_uid" = $1 LIMIT $2[0m  [["company_uid", "CPY_3GGYF"], ["LIMIT", 1]]
  [1m[36mBus Create (121.4ms)[0m  [1m[32mINSERT INTO "buses" ("bus_uid", "company_uid", "string", "license_plate", "brand", "manufacturing_year", "capacity", "road_tax", "insurance", "technical_exam", "created_at", "updated_at") VALUES ($1, $2, $3, $4, $5, $6, $7, $8, $9, $10, $11, $12) RETURNING "bus_uid"[0m  [["bus_uid", "BUS_QO5OG"], ["company_uid", "CPY_3GGYF"], ["string", nil], ["license_plate", "MS99WEQ"], ["brand", "Volvo B12B"], ["manufacturing_year", 2014], ["capacity", 70], ["road_tax", "2024-05-15 00:00:00"], ["insurance", "2024-05-25 00:00:00"], ["technical_exam", "2024-05-05 00:00:00"], ["created_at", "2023-10-23 16:21:03.452707"], ["updated_at", "2023-10-23 16:21:03.452707"]]
  [1m[36mTRANSACTION (297.1ms)[0m  [1m[35mCOMMIT[0m
  [1m[36mTRANSACTION (98.9ms)[0m  [1m[35mBEGIN[0m
  [1m[36mCompany Load (107.5ms)[0m  [1m[34mSELECT "companies".* FROM "companies" WHERE "companies"."company_uid" = $1 LIMIT $2[0m  [["company_uid", "CPY_3GGYF"], ["LIMIT", 1]]
  [1m[36mBus Create (103.0ms)[0m  [1m[32mINSERT INTO "buses" ("bus_uid", "company_uid", "string", "license_plate", "brand", "manufacturing_year", "capacity", "road_tax", "insurance", "technical_exam", "created_at", "updated_at") VALUES ($1, $2, $3, $4, $5, $6, $7, $8, $9, $10, $11, $12) RETURNING "bus_uid"[0m  [["bus_uid", "BUS_XEUG0"], ["company_uid", "CPY_3GGYF"], ["string", nil], ["license_plate", "MS34ALM"], ["brand", "Mercedes Tourismo"], ["manufacturing_year", 2000], ["capacity", 75], ["road_tax", "2024-06-15 00:00:00"], ["insurance", "2024-06-25 00:00:00"], ["technical_exam", "2024-06-05 00:00:00"], ["created_at", "2023-10-23 16:21:04.097215"], ["updated_at", "2023-10-23 16:21:04.097215"]]
  [1m[36mTRANSACTION (91.2ms)[0m  [1m[35mCOMMIT[0m
  [1m[36mTRANSACTION (83.9ms)[0m  [1m[35mBEGIN[0m
  [1m[36mCompany Load (100.3ms)[0m  [1m[34mSELECT "companies".* FROM "companies" WHERE "companies"."company_uid" = $1 LIMIT $2[0m  [["company_uid", "CPY_3GGYF"], ["LIMIT", 1]]
  [1m[36mBus Create (99.3ms)[0m  [1m[32mINSERT INTO "buses" ("bus_uid", "company_uid", "string", "license_plate", "brand", "manufacturing_year", "capacity", "road_tax", "insurance", "technical_exam", "created_at", "updated_at") VALUES ($1, $2, $3, $4, $5, $6, $7, $8, $9, $10, $11, $12) RETURNING "bus_uid"[0m  [["bus_uid", "BUS_LX22O"], ["company_uid", "CPY_3GGYF"], ["string", nil], ["license_plate", "MS66ALMROM"], ["brand", "Mercedes Tourismo"], ["manufacturing_year", 2019], ["capacity", 80], ["road_tax", "2024-07-15 00:00:00"], ["insurance", "2024-07-25 00:00:00"], ["technical_exam", "2024-07-05 00:00:00"], ["created_at", "2023-10-23 16:21:04.496504"], ["updated_at", "2023-10-23 16:21:04.496504"]]
  [1m[36mTRANSACTION (93.3ms)[0m  [1m[35mCOMMIT[0m
  [1m[36mCompany Load (107.5ms)[0m  [1m[34mSELECT "companies".* FROM "companies" WHERE "companies"."name" = $1 LIMIT $2[0m  [["name", "TRANSPORT LOCAL SA"], ["LIMIT", 1]]
  [1m[36mTRANSACTION (89.8ms)[0m  [1m[35mBEGIN[0m
  [1m[36mCompany Load (110.0ms)[0m  [1m[34mSELECT "companies".* FROM "companies" WHERE "companies"."company_uid" = $1 LIMIT $2[0m  [["company_uid", "CPY_9ZUCX"], ["LIMIT", 1]]
  [1m[36mBus Create (113.7ms)[0m  [1m[32mINSERT INTO "buses" ("bus_uid", "company_uid", "string", "license_plate", "brand", "manufacturing_year", "capacity", "road_tax", "insurance", "technical_exam", "created_at", "updated_at") VALUES ($1, $2, $3, $4, $5, $6, $7, $8, $9, $10, $11, $12) RETURNING "bus_uid"[0m  [["bus_uid", "BUS_HSARF"], ["company_uid", "CPY_9ZUCX"], ["string", nil], ["license_plate", "MS23TGM"], ["brand", "Volvo 9700"], ["manufacturing_year", 2010], ["capacity", 50], ["road_tax", "2024-01-15 00:00:00"], ["insurance", "2024-01-25 00:00:00"], ["technical_exam", "2024-01-05 00:00:00"], ["created_at", "2023-10-23 16:21:05.019839"], ["updated_at", "2023-10-23 16:21:05.019839"]]
  [1m[36mTRANSACTION (95.9ms)[0m  [1m[35mCOMMIT[0m
  [1m[36mTRANSACTION (219.2ms)[0m  [1m[35mBEGIN[0m
  [1m[36mCompany Load (257.8ms)[0m  [1m[34mSELECT "companies".* FROM "companies" WHERE "companies"."company_uid" = $1 LIMIT $2[0m  [["company_uid", "CPY_9ZUCX"], ["LIMIT", 1]]
  [1m[36mBus Create (99.2ms)[0m  [1m[32mINSERT INTO "buses" ("bus_uid", "company_uid", "string", "license_plate", "brand", "manufacturing_year", "capacity", "road_tax", "insurance", "technical_exam", "created_at", "updated_at") VALUES ($1, $2, $3, $4, $5, $6, $7, $8, $9, $10, $11, $12) RETURNING "bus_uid"[0m  [["bus_uid", "BUS_H8039"], ["company_uid", "CPY_9ZUCX"], ["string", nil], ["license_plate", "MS34TGM"], ["brand", "MAN Lion's Intercity"], ["manufacturing_year", 2012], ["capacity", 55], ["road_tax", "2024-02-15 00:00:00"], ["insurance", "2024-02-25 00:00:00"], ["technical_exam", "2024-02-05 00:00:00"], ["created_at", "2023-10-23 16:21:05.726902"], ["updated_at", "2023-10-23 16:21:05.726902"]]
  [1m[36mTRANSACTION (113.3ms)[0m  [1m[35mCOMMIT[0m
  [1m[36mTRANSACTION (240.0ms)[0m  [1m[35mBEGIN[0m
  [1m[36mCompany Load (100.4ms)[0m  [1m[34mSELECT "companies".* FROM "companies" WHERE "companies"."company_uid" = $1 LIMIT $2[0m  [["company_uid", "CPY_9ZUCX"], ["LIMIT", 1]]
  [1m[36mBus Create (103.1ms)[0m  [1m[32mINSERT INTO "buses" ("bus_uid", "company_uid", "string", "license_plate", "brand", "manufacturing_year", "capacity", "road_tax", "insurance", "technical_exam", "created_at", "updated_at") VALUES ($1, $2, $3, $4, $5, $6, $7, $8, $9, $10, $11, $12) RETURNING "bus_uid"[0m  [["bus_uid", "BUS_9ASSJ"], ["company_uid", "CPY_9ZUCX"], ["string", nil], ["license_plate", "MS98TGM"], ["brand", "Mercedes Integro"], ["manufacturing_year", 2015], ["capacity", 60], ["road_tax", "2024-03-15 00:00:00"], ["insurance", "2024-03-25 00:00:00"], ["technical_exam", "2024-03-05 00:00:00"], ["created_at", "2023-10-23 16:21:06.299196"], ["updated_at", "2023-10-23 16:21:06.299196"]]
  [1m[36mTRANSACTION (87.2ms)[0m  [1m[35mCOMMIT[0m
  [1m[36mTRANSACTION (103.2ms)[0m  [1m[35mBEGIN[0m
  [1m[36mCompany Load (95.1ms)[0m  [1m[34mSELECT "companies".* FROM "companies" WHERE "companies"."company_uid" = $1 LIMIT $2[0m  [["company_uid", "CPY_9ZUCX"], ["LIMIT", 1]]
  [1m[36mBus Create (110.3ms)[0m  [1m[32mINSERT INTO "buses" ("bus_uid", "company_uid", "string", "license_plate", "brand", "manufacturing_year", "capacity", "road_tax", "insurance", "technical_exam", "created_at", "updated_at") VALUES ($1, $2, $3, $4, $5, $6, $7, $8, $9, $10, $11, $12) RETURNING "bus_uid"[0m  [["bus_uid", "BUS_QT2Y0"], ["company_uid", "CPY_9ZUCX"], ["string", nil], ["license_plate", "MS12TGM"], ["brand", "Mercedes Integro"], ["manufacturing_year", 2011], ["capacity", 65], ["road_tax", "2024-04-15 00:00:00"], ["insurance", "2024-04-25 00:00:00"], ["technical_exam", "2024-04-05 00:00:00"], ["created_at", "2023-10-23 16:21:06.709390"], ["updated_at", "2023-10-23 16:21:06.709390"]]
  [1m[36mTRANSACTION (97.7ms)[0m  [1m[35mCOMMIT[0m
  [1m[36mTRANSACTION (116.7ms)[0m  [1m[35mBEGIN[0m
  [1m[36mCompany Load (104.6ms)[0m  [1m[34mSELECT "companies".* FROM "companies" WHERE "companies"."company_uid" = $1 LIMIT $2[0m  [["company_uid", "CPY_9ZUCX"], ["LIMIT", 1]]
  [1m[36mBus Create (125.7ms)[0m  [1m[32mINSERT INTO "buses" ("bus_uid", "company_uid", "string", "license_plate", "brand", "manufacturing_year", "capacity", "road_tax", "insurance", "technical_exam", "created_at", "updated_at") VALUES ($1, $2, $3, $4, $5, $6, $7, $8, $9, $10, $11, $12) RETURNING "bus_uid"[0m  [["bus_uid", "BUS_1Z0QO"], ["company_uid", "CPY_9ZUCX"], ["string", nil], ["license_plate", "MS23MUI"], ["brand", "Volvo B12B"], ["manufacturing_year", 2011], ["capacity", 70], ["road_tax", "2024-05-15 00:00:00"], ["insurance", "2024-05-25 00:00:00"], ["technical_exam", "2024-05-05 00:00:00"], ["created_at", "2023-10-23 16:21:07.158233"], ["updated_at", "2023-10-23 16:21:07.158233"]]
  [1m[36mTRANSACTION (94.8ms)[0m  [1m[35mCOMMIT[0m
  [1m[36mTRANSACTION (524.9ms)[0m  [1m[35mBEGIN[0m
  [1m[36mCompany Load (110.4ms)[0m  [1m[34mSELECT "companies".* FROM "companies" WHERE "companies"."company_uid" = $1 LIMIT $2[0m  [["company_uid", "CPY_9ZUCX"], ["LIMIT", 1]]
  [1m[36mBus Create (119.7ms)[0m  [1m[32mINSERT INTO "buses" ("bus_uid", "company_uid", "string", "license_plate", "brand", "manufacturing_year", "capacity", "road_tax", "insurance", "technical_exam", "created_at", "updated_at") VALUES ($1, $2, $3, $4, $5, $6, $7, $8, $9, $10, $11, $12) RETURNING "bus_uid"[0m  [["bus_uid", "BUS_LD0BY"], ["company_uid", "CPY_9ZUCX"], ["string", nil], ["license_plate", "MS22UZI"], ["brand", "Mercedes Tourismo"], ["manufacturing_year", 2017], ["capacity", 75], ["road_tax", "2024-06-15 00:00:00"], ["insurance", "2024-06-25 00:00:00"], ["technical_exam", "2024-06-05 00:00:00"], ["created_at", "2023-10-23 16:21:08.034974"], ["updated_at", "2023-10-23 16:21:08.034974"]]
  [1m[36mTRANSACTION (101.6ms)[0m  [1m[35mCOMMIT[0m
  [1m[36mTRANSACTION (95.0ms)[0m  [1m[35mBEGIN[0m
  [1m[36mCompany Load (97.2ms)[0m  [1m[34mSELECT "companies".* FROM "companies" WHERE "companies"."company_uid" = $1 LIMIT $2[0m  [["company_uid", "CPY_9ZUCX"], ["LIMIT", 1]]
  [1m[36mBus Create (124.8ms)[0m  [1m[32mINSERT INTO "buses" ("bus_uid", "company_uid", "string", "license_plate", "brand", "manufacturing_year", "capacity", "road_tax", "insurance", "technical_exam", "created_at", "updated_at") VALUES ($1, $2, $3, $4, $5, $6, $7, $8, $9, $10, $11, $12) RETURNING "bus_uid"[0m  [["bus_uid", "BUS_FDR7F"], ["company_uid", "CPY_9ZUCX"], ["string", nil], ["license_plate", "MS33ALS"], ["brand", "Neoplan Starliner"], ["manufacturing_year", 2019], ["capacity", 80], ["road_tax", "2024-01-15 00:00:00"], ["insurance", "2024-07-25 00:00:00"], ["technical_exam", "2024-07-05 00:00:00"], ["created_at", "2023-10-23 16:21:08.470188"], ["updated_at", "2023-10-23 16:21:08.470188"]]
  [1m[36mTRANSACTION (94.7ms)[0m  [1m[35mCOMMIT[0m
  [1m[36mTRANSACTION (171.0ms)[0m  [1m[35mBEGIN[0m
  [1m[36mCompany Load (96.8ms)[0m  [1m[34mSELECT "companies".* FROM "companies" WHERE "companies"."company_uid" = $1 LIMIT $2[0m  [["company_uid", "CPY_3PV8L"], ["LIMIT", 1]]
  [1m[36mAdmin Create (107.2ms)[0m  [1m[32mINSERT INTO "admins" ("provider", "admin_uid", "encrypted_password", "reset_password_token", "reset_password_sent_at", "allow_password_change", "remember_created_at", "confirmation_token", "confirmed_at", "confirmation_sent_at", "unconfirmed_email", "email", "firstname", "lastname", "nickname", "role", "phone_number", "address", "company_uid", "tokens", "created_at", "updated_at") VALUES ($1, $2, $3, $4, $5, $6, $7, $8, $9, $10, $11, $12, $13, $14, $15, $16, $17, $18, $19, $20, $21, $22)[0m  [["provider", "email"], ["admin_uid", "ADM_G4AIS"], ["encrypted_password", "[FILTERED]"], ["reset_password_token", "[FILTERED]"], ["reset_password_sent_at", "[FILTERED]"], ["allow_password_change", "[FILTERED]"], ["remember_created_at", nil], ["confirmation_token", "[FILTERED]"], ["confirmed_at", nil], ["confirmation_sent_at", nil], ["unconfirmed_email", nil], ["email", "office@vandortrans.ro"], ["firstname", "Elemér"], ["lastname", "Kecskeméti"], ["nickname", nil], ["role", "boss"], ["phone_number", "0728493883"], ["address", "Com. Joseni str. Principala nr. 19"], ["company_uid", "CPY_3PV8L"], ["tokens", "[FILTERED]"], ["created_at", "2023-10-23 16:21:09.467149"], ["updated_at", "2023-10-23 16:21:09.467149"]]
  [1m[36mTRANSACTION (103.2ms)[0m  [1m[35mCOMMIT[0m
  [1m[36mTRANSACTION (88.0ms)[0m  [1m[35mBEGIN[0m
  [1m[36mCompany Load (106.1ms)[0m  [1m[34mSELECT "companies".* FROM "companies" WHERE "companies"."company_uid" = $1 LIMIT $2[0m  [["company_uid", "CPY_3PV8L"], ["LIMIT", 1]]
  [1m[36mAdmin Create (107.5ms)[0m  [1m[32mINSERT INTO "admins" ("provider", "admin_uid", "encrypted_password", "reset_password_token", "reset_password_sent_at", "allow_password_change", "remember_created_at", "confirmation_token", "confirmed_at", "confirmation_sent_at", "unconfirmed_email", "email", "firstname", "lastname", "nickname", "role", "phone_number", "address", "company_uid", "tokens", "created_at", "updated_at") VALUES ($1, $2, $3, $4, $5, $6, $7, $8, $9, $10, $11, $12, $13, $14, $15, $16, $17, $18, $19, $20, $21, $22)[0m  [["provider", "email"], ["admin_uid", "ADM_TFUY3"], ["encrypted_password", "[FILTERED]"], ["reset_password_token", "[FILTERED]"], ["reset_password_sent_at", "[FILTERED]"], ["allow_password_change", "[FILTERED]"], ["remember_created_at", nil], ["confirmation_token", "[FILTERED]"], ["confirmed_at", nil], ["confirmation_sent_at", nil], ["unconfirmed_email", nil], ["email", "hompoth.krisztian@gmail.com"], ["firstname", "Krisztián"], ["lastname", "Orsós"], ["nickname", nil], ["role", "manager"], ["phone_number", "0761837888"], ["address", "Com. Joseni str. Faluköze nr. 1"], ["company_uid", "CPY_3PV8L"], ["tokens", "[FILTERED]"], ["created_at", "2023-10-23 16:21:10.128413"], ["updated_at", "2023-10-23 16:21:10.128413"]]
  [1m[36mTRANSACTION (84.2ms)[0m  [1m[35mCOMMIT[0m
  [1m[36mTRANSACTION (87.6ms)[0m  [1m[35mBEGIN[0m
  [1m[36mCompany Load (99.2ms)[0m  [1m[34mSELECT "companies".* FROM "companies" WHERE "companies"."company_uid" = $1 LIMIT $2[0m  [["company_uid", "CPY_3PV8L"], ["LIMIT", 1]]
  [1m[36mAdmin Create (97.1ms)[0m  [1m[32mINSERT INTO "admins" ("provider", "admin_uid", "encrypted_password", "reset_password_token", "reset_password_sent_at", "allow_password_change", "remember_created_at", "confirmation_token", "confirmed_at", "confirmation_sent_at", "unconfirmed_email", "email", "firstname", "lastname", "nickname", "role", "phone_number", "address", "company_uid", "tokens", "created_at", "updated_at") VALUES ($1, $2, $3, $4, $5, $6, $7, $8, $9, $10, $11, $12, $13, $14, $15, $16, $17, $18, $19, $20, $21, $22)[0m  [["provider", "email"], ["admin_uid", "ADM_XCLE4"], ["encrypted_password", "[FILTERED]"], ["reset_password_token", "[FILTERED]"], ["reset_password_sent_at", "[FILTERED]"], ["allow_password_change", "[FILTERED]"], ["remember_created_at", nil], ["confirmation_token", "[FILTERED]"], ["confirmed_at", nil], ["confirmation_sent_at", nil], ["unconfirmed_email", nil], ["email", "csatabela@gmail.com"], ["firstname", "Béla"], ["lastname", "Csata"], ["nickname", nil], ["role", "driver"], ["phone_number", "0752358475"], ["address", "Mun. Gheorgheni str. Ghindei nr. 1"], ["company_uid", "CPY_3PV8L"], ["tokens", "[FILTERED]"], ["created_at", "2023-10-23 16:21:10.761635"], ["updated_at", "2023-10-23 16:21:10.761635"]]
  [1m[36mTRANSACTION (91.9ms)[0m  [1m[35mCOMMIT[0m
  [1m[36mTRANSACTION (96.4ms)[0m  [1m[35mBEGIN[0m
  [1m[36mCompany Load (96.7ms)[0m  [1m[34mSELECT "companies".* FROM "companies" WHERE "companies"."company_uid" = $1 LIMIT $2[0m  [["company_uid", "CPY_3PV8L"], ["LIMIT", 1]]
  [1m[36mAdmin Create (98.3ms)[0m  [1m[32mINSERT INTO "admins" ("provider", "admin_uid", "encrypted_password", "reset_password_token", "reset_password_sent_at", "allow_password_change", "remember_created_at", "confirmation_token", "confirmed_at", "confirmation_sent_at", "unconfirmed_email", "email", "firstname", "lastname", "nickname", "role", "phone_number", "address", "company_uid", "tokens", "created_at", "updated_at") VALUES ($1, $2, $3, $4, $5, $6, $7, $8, $9, $10, $11, $12, $13, $14, $15, $16, $17, $18, $19, $20, $21, $22)[0m  [["provider", "email"], ["admin_uid", "ADM_0P6PA"], ["encrypted_password", "[FILTERED]"], ["reset_password_token", "[FILTERED]"], ["reset_password_sent_at", "[FILTERED]"], ["allow_password_change", "[FILTERED]"], ["remember_created_at", nil], ["confirmation_token", "[FILTERED]"], ["confirmed_at", nil], ["confirmation_sent_at", nil], ["unconfirmed_email", nil], ["email", "magdi92@gmail.com"], ["firstname", "Magdolna"], ["lastname", "Kovács"], ["nickname", nil], ["role", "driver"], ["phone_number", "0739489586"], ["address", "Mun. Gheorgheni str. Stadionului nr. 4"], ["company_uid", "CPY_3PV8L"], ["tokens", "[FILTERED]"], ["created_at", "2023-10-23 16:21:11.414270"], ["updated_at", "2023-10-23 16:21:11.414270"]]
  [1m[36mTRANSACTION (88.7ms)[0m  [1m[35mCOMMIT[0m
  [1m[36mTRANSACTION (87.2ms)[0m  [1m[35mBEGIN[0m
  [1m[36mCompany Load (105.8ms)[0m  [1m[34mSELECT "companies".* FROM "companies" WHERE "companies"."company_uid" = $1 LIMIT $2[0m  [["company_uid", "CPY_3PV8L"], ["LIMIT", 1]]
  [1m[36mAdmin Create (113.5ms)[0m  [1m[32mINSERT INTO "admins" ("provider", "admin_uid", "encrypted_password", "reset_password_token", "reset_password_sent_at", "allow_password_change", "remember_created_at", "confirmation_token", "confirmed_at", "confirmation_sent_at", "unconfirmed_email", "email", "firstname", "lastname", "nickname", "role", "phone_number", "address", "company_uid", "tokens", "created_at", "updated_at") VALUES ($1, $2, $3, $4, $5, $6, $7, $8, $9, $10, $11, $12, $13, $14, $15, $16, $17, $18, $19, $20, $21, $22)[0m  [["provider", "email"], ["admin_uid", "ADM_0NMIN"], ["encrypted_password", "[FILTERED]"], ["reset_password_token", "[FILTERED]"], ["reset_password_sent_at", "[FILTERED]"], ["allow_password_change", "[FILTERED]"], ["remember_created_at", nil], ["confirmation_token", "[FILTERED]"], ["confirmed_at", nil], ["confirmation_sent_at", nil], ["unconfirmed_email", nil], ["email", "orsospista11@gmail.com"], ["firstname", "István"], ["lastname", "Orsós"], ["nickname", nil], ["role", "driver"], ["phone_number", "0755928111"], ["address", "Com. Ciumani str. Inczelaka nr. 1398"], ["company_uid", "CPY_3PV8L"], ["tokens", "[FILTERED]"], ["created_at", "2023-10-23 16:21:12.047292"], ["updated_at", "2023-10-23 16:21:12.047292"]]
  [1m[36mTRANSACTION (89.5ms)[0m  [1m[35mCOMMIT[0m
  [1m[36mTRANSACTION (117.3ms)[0m  [1m[35mBEGIN[0m
  [1m[36mCompany Load (113.9ms)[0m  [1m[34mSELECT "companies".* FROM "companies" WHERE "companies"."company_uid" = $1 LIMIT $2[0m  [["company_uid", "CPY_3PV8L"], ["LIMIT", 1]]
  [1m[36mAdmin Create (99.2ms)[0m  [1m[32mINSERT INTO "admins" ("provider", "admin_uid", "encrypted_password", "reset_password_token", "reset_password_sent_at", "allow_password_change", "remember_created_at", "confirmation_token", "confirmed_at", "confirmation_sent_at", "unconfirmed_email", "email", "firstname", "lastname", "nickname", "role", "phone_number", "address", "company_uid", "tokens", "created_at", "updated_at") VALUES ($1, $2, $3, $4, $5, $6, $7, $8, $9, $10, $11, $12, $13, $14, $15, $16, $17, $18, $19, $20, $21, $22)[0m  [["provider", "email"], ["admin_uid", "ADM_IIMTB"], ["encrypted_password", "[FILTERED]"], ["reset_password_token", "[FILTERED]"], ["reset_password_sent_at", "[FILTERED]"], ["allow_password_change", "[FILTERED]"], ["remember_created_at", nil], ["confirmation_token", "[FILTERED]"], ["confirmed_at", nil], ["confirmation_sent_at", nil], ["unconfirmed_email", nil], ["email", "ninjanarch@yahoo.com"], ["firstname", "Iván"], ["lastname", "Elekes"], ["nickname", nil], ["role", "driver"], ["phone_number", "0724889734"], ["address", "Com. Ciumani str. Principala nr. 12"], ["company_uid", "CPY_3PV8L"], ["tokens", "[FILTERED]"], ["created_at", "2023-10-23 16:21:12.735677"], ["updated_at", "2023-10-23 16:21:12.735677"]]
  [1m[36mTRANSACTION (93.4ms)[0m  [1m[35mCOMMIT[0m
  [1m[36mTRANSACTION (96.7ms)[0m  [1m[35mBEGIN[0m
  [1m[36mCompany Load (96.7ms)[0m  [1m[34mSELECT "companies".* FROM "companies" WHERE "companies"."company_uid" = $1 LIMIT $2[0m  [["company_uid", "CPY_3PV8L"], ["LIMIT", 1]]
  [1m[36mAdmin Create (109.5ms)[0m  [1m[32mINSERT INTO "admins" ("provider", "admin_uid", "encrypted_password", "reset_password_token", "reset_password_sent_at", "allow_password_change", "remember_created_at", "confirmation_token", "confirmed_at", "confirmation_sent_at", "unconfirmed_email", "email", "firstname", "lastname", "nickname", "role", "phone_number", "address", "company_uid", "tokens", "created_at", "updated_at") VALUES ($1, $2, $3, $4, $5, $6, $7, $8, $9, $10, $11, $12, $13, $14, $15, $16, $17, $18, $19, $20, $21, $22)[0m  [["provider", "email"], ["admin_uid", "ADM_E682D"], ["encrypted_password", "[FILTERED]"], ["reset_password_token", "[FILTERED]"], ["reset_password_sent_at", "[FILTERED]"], ["allow_password_change", "[FILTERED]"], ["remember_created_at", nil], ["confirmation_token", "[FILTERED]"], ["confirmed_at", nil], ["confirmation_sent_at", nil], ["unconfirmed_email", nil], ["email", "karoly_elekes@gmail.com"], ["firstname", "Károly"], ["lastname", "Elekes"], ["nickname", nil], ["role", "driver"], ["phone_number", "0745399324"], ["address", "Com. Suseni str. Kéthíd nr. 198"], ["company_uid", "CPY_3PV8L"], ["tokens", "[FILTERED]"], ["created_at", "2023-10-23 16:21:13.379292"], ["updated_at", "2023-10-23 16:21:13.379292"]]
  [1m[36mTRANSACTION (91.8ms)[0m  [1m[35mCOMMIT[0m
  [1m[36mTRANSACTION (107.0ms)[0m  [1m[35mBEGIN[0m
  [1m[36mCompany Load (98.4ms)[0m  [1m[34mSELECT "companies".* FROM "companies" WHERE "companies"."company_uid" = $1 LIMIT $2[0m  [["company_uid", "CPY_3GGYF"], ["LIMIT", 1]]
  [1m[36mAdmin Create (102.5ms)[0m  [1m[32mINSERT INTO "admins" ("provider", "admin_uid", "encrypted_password", "reset_password_token", "reset_password_sent_at", "allow_password_change", "remember_created_at", "confirmation_token", "confirmed_at", "confirmation_sent_at", "unconfirmed_email", "email", "firstname", "lastname", "nickname", "role", "phone_number", "address", "company_uid", "tokens", "created_at", "updated_at") VALUES ($1, $2, $3, $4, $5, $6, $7, $8, $9, $10, $11, $12, $13, $14, $15, $16, $17, $18, $19, $20, $21, $22)[0m  [["provider", "email"], ["admin_uid", "ADM_D2S1E"], ["encrypted_password", "[FILTERED]"], ["reset_password_token", "[FILTERED]"], ["reset_password_sent_at", "[FILTERED]"], ["allow_password_change", "[FILTERED]"], ["remember_created_at", nil], ["confirmation_token", "[FILTERED]"], ["confirmed_at", nil], ["confirmation_sent_at", nil], ["unconfirmed_email", nil], ["email", "office@balinttrans.ro"], ["firstname", "Elemér"], ["lastname", "Kecskeméti"], ["nickname", nil], ["role", "boss"], ["phone_number", "0728493883"], ["address", "Com. Joseni str. Principala nr. 19"], ["company_uid", "CPY_3GGYF"], ["tokens", "[FILTERED]"], ["created_at", "2023-10-23 16:21:14.041398"], ["updated_at", "2023-10-23 16:21:14.041398"]]
  [1m[36mTRANSACTION (88.0ms)[0m  [1m[35mCOMMIT[0m
  [1m[36mTRANSACTION (96.6ms)[0m  [1m[35mBEGIN[0m
  [1m[36mCompany Load (96.1ms)[0m  [1m[34mSELECT "companies".* FROM "companies" WHERE "companies"."company_uid" = $1 LIMIT $2[0m  [["company_uid", "CPY_3GGYF"], ["LIMIT", 1]]
  [1m[36mAdmin Create (111.6ms)[0m  [1m[32mINSERT INTO "admins" ("provider", "admin_uid", "encrypted_password", "reset_password_token", "reset_password_sent_at", "allow_password_change", "remember_created_at", "confirmation_token", "confirmed_at", "confirmation_sent_at", "unconfirmed_email", "email", "firstname", "lastname", "nickname", "role", "phone_number", "address", "company_uid", "tokens", "created_at", "updated_at") VALUES ($1, $2, $3, $4, $5, $6, $7, $8, $9, $10, $11, $12, $13, $14, $15, $16, $17, $18, $19, $20, $21, $22)[0m  [["provider", "email"], ["admin_uid", "ADM_19SIT"], ["encrypted_password", "[FILTERED]"], ["reset_password_token", "[FILTERED]"], ["reset_password_sent_at", "[FILTERED]"], ["allow_password_change", "[FILTERED]"], ["remember_created_at", nil], ["confirmation_token", "[FILTERED]"], ["confirmed_at", nil], ["confirmation_sent_at", nil], ["unconfirmed_email", nil], ["email", "hompoth.krisztiian@gmail.com"], ["firstname", "Krisztián"], ["lastname", "Orsós"], ["nickname", nil], ["role", "manager"], ["phone_number", "0761837888"], ["address", "Com. Joseni str. Faluköze nr. 1"], ["company_uid", "CPY_3GGYF"], ["tokens", "[FILTERED]"], ["created_at", "2023-10-23 16:21:14.679198"], ["updated_at", "2023-10-23 16:21:14.679198"]]
  [1m[36mTRANSACTION (94.1ms)[0m  [1m[35mCOMMIT[0m
  [1m[36mTRANSACTION (99.1ms)[0m  [1m[35mBEGIN[0m
  [1m[36mCompany Load (98.5ms)[0m  [1m[34mSELECT "companies".* FROM "companies" WHERE "companies"."company_uid" = $1 LIMIT $2[0m  [["company_uid", "CPY_3GGYF"], ["LIMIT", 1]]
  [1m[36mAdmin Create (113.5ms)[0m  [1m[32mINSERT INTO "admins" ("provider", "admin_uid", "encrypted_password", "reset_password_token", "reset_password_sent_at", "allow_password_change", "remember_created_at", "confirmation_token", "confirmed_at", "confirmation_sent_at", "unconfirmed_email", "email", "firstname", "lastname", "nickname", "role", "phone_number", "address", "company_uid", "tokens", "created_at", "updated_at") VALUES ($1, $2, $3, $4, $5, $6, $7, $8, $9, $10, $11, $12, $13, $14, $15, $16, $17, $18, $19, $20, $21, $22)[0m  [["provider", "email"], ["admin_uid", "ADM_TKUS7"], ["encrypted_password", "[FILTERED]"], ["reset_password_token", "[FILTERED]"], ["reset_password_sent_at", "[FILTERED]"], ["allow_password_change", "[FILTERED]"], ["remember_created_at", nil], ["confirmation_token", "[FILTERED]"], ["confirmed_at", nil], ["confirmation_sent_at", nil], ["unconfirmed_email", nil], ["email", "csatabellla@gmail.com"], ["firstname", "Béla"], ["lastname", "Csata"], ["nickname", nil], ["role", "driver"], ["phone_number", "0752358475"], ["address", "Mun. Gheorgheni str. Ghindei nr. 1"], ["company_uid", "CPY_3GGYF"], ["tokens", "[FILTERED]"], ["created_at", "2023-10-23 16:21:15.340289"], ["updated_at", "2023-10-23 16:21:15.340289"]]
  [1m[36mTRANSACTION (86.6ms)[0m  [1m[35mCOMMIT[0m
  [1m[36mTRANSACTION (147.7ms)[0m  [1m[35mBEGIN[0m
  [1m[36mCompany Load (96.8ms)[0m  [1m[34mSELECT "companies".* FROM "companies" WHERE "companies"."company_uid" = $1 LIMIT $2[0m  [["company_uid", "CPY_3GGYF"], ["LIMIT", 1]]
  [1m[36mAdmin Create (95.0ms)[0m  [1m[32mINSERT INTO "admins" ("provider", "admin_uid", "encrypted_password", "reset_password_token", "reset_password_sent_at", "allow_password_change", "remember_created_at", "confirmation_token", "confirmed_at", "confirmation_sent_at", "unconfirmed_email", "email", "firstname", "lastname", "nickname", "role", "phone_number", "address", "company_uid", "tokens", "created_at", "updated_at") VALUES ($1, $2, $3, $4, $5, $6, $7, $8, $9, $10, $11, $12, $13, $14, $15, $16, $17, $18, $19, $20, $21, $22)[0m  [["provider", "email"], ["admin_uid", "ADM_VF529"], ["encrypted_password", "[FILTERED]"], ["reset_password_token", "[FILTERED]"], ["reset_password_sent_at", "[FILTERED]"], ["allow_password_change", "[FILTERED]"], ["remember_created_at", nil], ["confirmation_token", "[FILTERED]"], ["confirmed_at", nil], ["confirmation_sent_at", nil], ["unconfirmed_email", nil], ["email", "magdi982@gmail.com"], ["firstname", "Magdolna"], ["lastname", "Kovács"], ["nickname", nil], ["role", "driver"], ["phone_number", "0739489586"], ["address", "Mun. Gheorgheni str. Stadionului nr. 4"], ["company_uid", "CPY_3GGYF"], ["tokens", "[FILTERED]"], ["created_at", "2023-10-23 16:21:16.040687"], ["updated_at", "2023-10-23 16:21:16.040687"]]
  [1m[36mTRANSACTION (83.7ms)[0m  [1m[35mCOMMIT[0m
  [1m[36mTRANSACTION (88.3ms)[0m  [1m[35mBEGIN[0m
  [1m[36mCompany Load (96.3ms)[0m  [1m[34mSELECT "companies".* FROM "companies" WHERE "companies"."company_uid" = $1 LIMIT $2[0m  [["company_uid", "CPY_3GGYF"], ["LIMIT", 1]]
  [1m[36mAdmin Create (108.6ms)[0m  [1m[32mINSERT INTO "admins" ("provider", "admin_uid", "encrypted_password", "reset_password_token", "reset_password_sent_at", "allow_password_change", "remember_created_at", "confirmation_token", "confirmed_at", "confirmation_sent_at", "unconfirmed_email", "email", "firstname", "lastname", "nickname", "role", "phone_number", "address", "company_uid", "tokens", "created_at", "updated_at") VALUES ($1, $2, $3, $4, $5, $6, $7, $8, $9, $10, $11, $12, $13, $14, $15, $16, $17, $18, $19, $20, $21, $22)[0m  [["provider", "email"], ["admin_uid", "ADM_TIYIB"], ["encrypted_password", "[FILTERED]"], ["reset_password_token", "[FILTERED]"], ["reset_password_sent_at", "[FILTERED]"], ["allow_password_change", "[FILTERED]"], ["remember_created_at", nil], ["confirmation_token", "[FILTERED]"], ["confirmed_at", nil], ["confirmation_sent_at", nil], ["unconfirmed_email", nil], ["email", "o1rsospista11@gmail.com"], ["firstname", "István"], ["lastname", "Orsós"], ["nickname", nil], ["role", "driver"], ["phone_number", "0755928111"], ["address", "Com. Ciumani str. Inczelaka nr. 1398"], ["company_uid", "CPY_3GGYF"], ["tokens", "[FILTERED]"], ["created_at", "2023-10-23 16:21:16.659343"], ["updated_at", "2023-10-23 16:21:16.659343"]]
  [1m[36mTRANSACTION (91.9ms)[0m  [1m[35mCOMMIT[0m
  [1m[36mTRANSACTION (108.0ms)[0m  [1m[35mBEGIN[0m
  [1m[36mCompany Load (104.4ms)[0m  [1m[34mSELECT "companies".* FROM "companies" WHERE "companies"."company_uid" = $1 LIMIT $2[0m  [["company_uid", "CPY_3GGYF"], ["LIMIT", 1]]
  [1m[36mAdmin Create (113.2ms)[0m  [1m[32mINSERT INTO "admins" ("provider", "admin_uid", "encrypted_password", "reset_password_token", "reset_password_sent_at", "allow_password_change", "remember_created_at", "confirmation_token", "confirmed_at", "confirmation_sent_at", "unconfirmed_email", "email", "firstname", "lastname", "nickname", "role", "phone_number", "address", "company_uid", "tokens", "created_at", "updated_at") VALUES ($1, $2, $3, $4, $5, $6, $7, $8, $9, $10, $11, $12, $13, $14, $15, $16, $17, $18, $19, $20, $21, $22)[0m  [["provider", "email"], ["admin_uid", "ADM_D5472"], ["encrypted_password", "[FILTERED]"], ["reset_password_token", "[FILTERED]"], ["reset_password_sent_at", "[FILTERED]"], ["allow_password_change", "[FILTERED]"], ["remember_created_at", nil], ["confirmation_token", "[FILTERED]"], ["confirmed_at", nil], ["confirmation_sent_at", nil], ["unconfirmed_email", nil], ["email", "ninbjjanarch@yahoo.com"], ["firstname", "Iván"], ["lastname", "Elekes"], ["nickname", nil], ["role", "driver"], ["phone_number", "0724889734"], ["address", "Com. Ciumani str. Principala nr. 12"], ["company_uid", "CPY_3GGYF"], ["tokens", "[FILTERED]"], ["created_at", "2023-10-23 16:21:17.327384"], ["updated_at", "2023-10-23 16:21:17.327384"]]
  [1m[36mTRANSACTION (89.9ms)[0m  [1m[35mCOMMIT[0m
  [1m[36mTRANSACTION (117.8ms)[0m  [1m[35mBEGIN[0m
  [1m[36mCompany Load (99.1ms)[0m  [1m[34mSELECT "companies".* FROM "companies" WHERE "companies"."company_uid" = $1 LIMIT $2[0m  [["company_uid", "CPY_3GGYF"], ["LIMIT", 1]]
  [1m[36mAdmin Create (106.9ms)[0m  [1m[32mINSERT INTO "admins" ("provider", "admin_uid", "encrypted_password", "reset_password_token", "reset_password_sent_at", "allow_password_change", "remember_created_at", "confirmation_token", "confirmed_at", "confirmation_sent_at", "unconfirmed_email", "email", "firstname", "lastname", "nickname", "role", "phone_number", "address", "company_uid", "tokens", "created_at", "updated_at") VALUES ($1, $2, $3, $4, $5, $6, $7, $8, $9, $10, $11, $12, $13, $14, $15, $16, $17, $18, $19, $20, $21, $22)[0m  [["provider", "email"], ["admin_uid", "ADM_NZM0L"], ["encrypted_password", "[FILTERED]"], ["reset_password_token", "[FILTERED]"], ["reset_password_sent_at", "[FILTERED]"], ["allow_password_change", "[FILTERED]"], ["remember_created_at", nil], ["confirmation_token", "[FILTERED]"], ["confirmed_at", nil], ["confirmation_sent_at", nil], ["unconfirmed_email", nil], ["email", "karolyka_elekes@gmail.com"], ["firstname", "Károly"], ["lastname", "Elekes"], ["nickname", nil], ["role", "driver"], ["phone_number", "0745399324"], ["address", "Com. Suseni str. Kéthíd nr. 198"], ["company_uid", "CPY_3GGYF"], ["tokens", "[FILTERED]"], ["created_at", "2023-10-23 16:21:18.002072"], ["updated_at", "2023-10-23 16:21:18.002072"]]
  [1m[36mTRANSACTION (90.2ms)[0m  [1m[35mCOMMIT[0m
  [1m[36mTRANSACTION (130.0ms)[0m  [1m[35mBEGIN[0m
  [1m[36mCompany Load (100.8ms)[0m  [1m[34mSELECT "companies".* FROM "companies" WHERE "companies"."company_uid" = $1 LIMIT $2[0m  [["company_uid", "CPY_MW82S"], ["LIMIT", 1]]
  [1m[36mAdmin Create (97.9ms)[0m  [1m[32mINSERT INTO "admins" ("provider", "admin_uid", "encrypted_password", "reset_password_token", "reset_password_sent_at", "allow_password_change", "remember_created_at", "confirmation_token", "confirmed_at", "confirmation_sent_at", "unconfirmed_email", "email", "firstname", "lastname", "nickname", "role", "phone_number", "address", "company_uid", "tokens", "created_at", "updated_at") VALUES ($1, $2, $3, $4, $5, $6, $7, $8, $9, $10, $11, $12, $13, $14, $15, $16, $17, $18, $19, $20, $21, $22)[0m  [["provider", "email"], ["admin_uid", "ADM_5WKV4"], ["encrypted_password", "[FILTERED]"], ["reset_password_token", "[FILTERED]"], ["reset_password_sent_at", "[FILTERED]"], ["allow_password_change", "[FILTERED]"], ["remember_created_at", nil], ["confirmation_token", "[FILTERED]"], ["confirmed_at", nil], ["confirmation_sent_at", nil], ["unconfirmed_email", nil], ["email", "office@panoramatrans.ro"], ["firstname", "Elemér"], ["lastname", "Kecskeméti"], ["nickname", nil], ["role", "boss"], ["phone_number", "0728493883"], ["address", "Com. Joseni str. Principala nr. 19"], ["company_uid", "CPY_MW82S"], ["tokens", "[FILTERED]"], ["created_at", "2023-10-23 16:21:18.684548"], ["updated_at", "2023-10-23 16:21:18.684548"]]
  [1m[36mTRANSACTION (92.8ms)[0m  [1m[35mCOMMIT[0m
  [1m[36mTRANSACTION (93.7ms)[0m  [1m[35mBEGIN[0m
  [1m[36mCompany Load (95.1ms)[0m  [1m[34mSELECT "companies".* FROM "companies" WHERE "companies"."company_uid" = $1 LIMIT $2[0m  [["company_uid", "CPY_MW82S"], ["LIMIT", 1]]
  [1m[36mAdmin Create (95.6ms)[0m  [1m[32mINSERT INTO "admins" ("provider", "admin_uid", "encrypted_password", "reset_password_token", "reset_password_sent_at", "allow_password_change", "remember_created_at", "confirmation_token", "confirmed_at", "confirmation_sent_at", "unconfirmed_email", "email", "firstname", "lastname", "nickname", "role", "phone_number", "address", "company_uid", "tokens", "created_at", "updated_at") VALUES ($1, $2, $3, $4, $5, $6, $7, $8, $9, $10, $11, $12, $13, $14, $15, $16, $17, $18, $19, $20, $21, $22)[0m  [["provider", "email"], ["admin_uid", "ADM_DO38D"], ["encrypted_password", "[FILTERED]"], ["reset_password_token", "[FILTERED]"], ["reset_password_sent_at", "[FILTERED]"], ["allow_password_change", "[FILTERED]"], ["remember_created_at", nil], ["confirmation_token", "[FILTERED]"], ["confirmed_at", nil], ["confirmation_sent_at", nil], ["unconfirmed_email", nil], ["email", "hompothh.krisztian@gmail.com"], ["firstname", "Krisztián"], ["lastname", "Orsós"], ["nickname", nil], ["role", "manager"], ["phone_number", "0761837888"], ["address", "Com. Joseni str. Faluköze nr. 1"], ["company_uid", "CPY_MW82S"], ["tokens", "[FILTERED]"], ["created_at", "2023-10-23 16:21:19.318329"], ["updated_at", "2023-10-23 16:21:19.318329"]]
  [1m[36mTRANSACTION (88.1ms)[0m  [1m[35mCOMMIT[0m
  [1m[36mTRANSACTION (120.0ms)[0m  [1m[35mBEGIN[0m
  [1m[36mCompany Load (107.7ms)[0m  [1m[34mSELECT "companies".* FROM "companies" WHERE "companies"."company_uid" = $1 LIMIT $2[0m  [["company_uid", "CPY_MW82S"], ["LIMIT", 1]]
  [1m[36mAdmin Create (102.3ms)[0m  [1m[32mINSERT INTO "admins" ("provider", "admin_uid", "encrypted_password", "reset_password_token", "reset_password_sent_at", "allow_password_change", "remember_created_at", "confirmation_token", "confirmed_at", "confirmation_sent_at", "unconfirmed_email", "email", "firstname", "lastname", "nickname", "role", "phone_number", "address", "company_uid", "tokens", "created_at", "updated_at") VALUES ($1, $2, $3, $4, $5, $6, $7, $8, $9, $10, $11, $12, $13, $14, $15, $16, $17, $18, $19, $20, $21, $22)[0m  [["provider", "email"], ["admin_uid", "ADM_2O5QM"], ["encrypted_password", "[FILTERED]"], ["reset_password_token", "[FILTERED]"], ["reset_password_sent_at", "[FILTERED]"], ["allow_password_change", "[FILTERED]"], ["remember_created_at", nil], ["confirmation_token", "[FILTERED]"], ["confirmed_at", nil], ["confirmation_sent_at", nil], ["unconfirmed_email", nil], ["email", "csatabelus@gmail.com"], ["firstname", "Béla"], ["lastname", "Csata"], ["nickname", nil], ["role", "driver"], ["phone_number", "0752358475"], ["address", "Mun. Gheorgheni str. Ghindei nr. 1"], ["company_uid", "CPY_MW82S"], ["tokens", "[FILTERED]"], ["created_at", "2023-10-23 16:21:19.982952"], ["updated_at", "2023-10-23 16:21:19.982952"]]
  [1m[36mTRANSACTION (85.9ms)[0m  [1m[35mCOMMIT[0m
  [1m[36mTRANSACTION (107.6ms)[0m  [1m[35mBEGIN[0m
  [1m[36mCompany Load (94.6ms)[0m  [1m[34mSELECT "companies".* FROM "companies" WHERE "companies"."company_uid" = $1 LIMIT $2[0m  [["company_uid", "CPY_MW82S"], ["LIMIT", 1]]
  [1m[36mAdmin Create (95.5ms)[0m  [1m[32mINSERT INTO "admins" ("provider", "admin_uid", "encrypted_password", "reset_password_token", "reset_password_sent_at", "allow_password_change", "remember_created_at", "confirmation_token", "confirmed_at", "confirmation_sent_at", "unconfirmed_email", "email", "firstname", "lastname", "nickname", "role", "phone_number", "address", "company_uid", "tokens", "created_at", "updated_at") VALUES ($1, $2, $3, $4, $5, $6, $7, $8, $9, $10, $11, $12, $13, $14, $15, $16, $17, $18, $19, $20, $21, $22)[0m  [["provider", "email"], ["admin_uid", "ADM_HO37Q"], ["encrypted_password", "[FILTERED]"], ["reset_password_token", "[FILTERED]"], ["reset_password_sent_at", "[FILTERED]"], ["allow_password_change", "[FILTERED]"], ["remember_created_at", nil], ["confirmation_token", "[FILTERED]"], ["confirmed_at", nil], ["confirmation_sent_at", nil], ["unconfirmed_email", nil], ["email", "magdika92@gmail.com"], ["firstname", "Magdolna"], ["lastname", "Kovács"], ["nickname", nil], ["role", "driver"], ["phone_number", "0739489586"], ["address", "Mun. Gheorgheni str. Stadionului nr. 4"], ["company_uid", "CPY_MW82S"], ["tokens", "[FILTERED]"], ["created_at", "2023-10-23 16:21:20.630437"], ["updated_at", "2023-10-23 16:21:20.630437"]]
  [1m[36mTRANSACTION (84.6ms)[0m  [1m[35mCOMMIT[0m
  [1m[36mTRANSACTION (114.7ms)[0m  [1m[35mBEGIN[0m
  [1m[36mCompany Load (98.9ms)[0m  [1m[34mSELECT "companies".* FROM "companies" WHERE "companies"."company_uid" = $1 LIMIT $2[0m  [["company_uid", "CPY_MW82S"], ["LIMIT", 1]]
  [1m[36mAdmin Create (101.2ms)[0m  [1m[32mINSERT INTO "admins" ("provider", "admin_uid", "encrypted_password", "reset_password_token", "reset_password_sent_at", "allow_password_change", "remember_created_at", "confirmation_token", "confirmed_at", "confirmation_sent_at", "unconfirmed_email", "email", "firstname", "lastname", "nickname", "role", "phone_number", "address", "company_uid", "tokens", "created_at", "updated_at") VALUES ($1, $2, $3, $4, $5, $6, $7, $8, $9, $10, $11, $12, $13, $14, $15, $16, $17, $18, $19, $20, $21, $22)[0m  [["provider", "email"], ["admin_uid", "ADM_A70UR"], ["encrypted_password", "[FILTERED]"], ["reset_password_token", "[FILTERED]"], ["reset_password_sent_at", "[FILTERED]"], ["allow_password_change", "[FILTERED]"], ["remember_created_at", nil], ["confirmation_token", "[FILTERED]"], ["confirmed_at", nil], ["confirmation_sent_at", nil], ["unconfirmed_email", nil], ["email", "orsosspista11@gmail.com"], ["firstname", "István"], ["lastname", "Orsós"], ["nickname", nil], ["role", "driver"], ["phone_number", "0755928111"], ["address", "Com. Ciumani str. Inczelaka nr. 1398"], ["company_uid", "CPY_MW82S"], ["tokens", "[FILTERED]"], ["created_at", "2023-10-23 16:21:21.277810"], ["updated_at", "2023-10-23 16:21:21.277810"]]
  [1m[36mTRANSACTION (101.6ms)[0m  [1m[35mCOMMIT[0m
  [1m[36mTRANSACTION (136.2ms)[0m  [1m[35mBEGIN[0m
  [1m[36mCompany Load (99.0ms)[0m  [1m[34mSELECT "companies".* FROM "companies" WHERE "companies"."company_uid" = $1 LIMIT $2[0m  [["company_uid", "CPY_MW82S"], ["LIMIT", 1]]
  [1m[36mAdmin Create (110.7ms)[0m  [1m[32mINSERT INTO "admins" ("provider", "admin_uid", "encrypted_password", "reset_password_token", "reset_password_sent_at", "allow_password_change", "remember_created_at", "confirmation_token", "confirmed_at", "confirmation_sent_at", "unconfirmed_email", "email", "firstname", "lastname", "nickname", "role", "phone_number", "address", "company_uid", "tokens", "created_at", "updated_at") VALUES ($1, $2, $3, $4, $5, $6, $7, $8, $9, $10, $11, $12, $13, $14, $15, $16, $17, $18, $19, $20, $21, $22)[0m  [["provider", "email"], ["admin_uid", "ADM_Y1KCN"], ["encrypted_password", "[FILTERED]"], ["reset_password_token", "[FILTERED]"], ["reset_password_sent_at", "[FILTERED]"], ["allow_password_change", "[FILTERED]"], ["remember_created_at", nil], ["confirmation_token", "[FILTERED]"], ["confirmed_at", nil], ["confirmation_sent_at", nil], ["unconfirmed_email", nil], ["email", "ninjanarch11@yahoo.com"], ["firstname", "Iván"], ["lastname", "Elekes"], ["nickname", nil], ["role", "driver"], ["phone_number", "0724889734"], ["address", "Com. Ciumani str. Principala nr. 12"], ["company_uid", "CPY_MW82S"], ["tokens", "[FILTERED]"], ["created_at", "2023-10-23 16:21:21.972296"], ["updated_at", "2023-10-23 16:21:21.972296"]]
  [1m[36mTRANSACTION (88.1ms)[0m  [1m[35mCOMMIT[0m
  [1m[36mTRANSACTION (111.0ms)[0m  [1m[35mBEGIN[0m
  [1m[36mCompany Load (99.4ms)[0m  [1m[34mSELECT "companies".* FROM "companies" WHERE "companies"."company_uid" = $1 LIMIT $2[0m  [["company_uid", "CPY_MW82S"], ["LIMIT", 1]]
  [1m[36mAdmin Create (109.8ms)[0m  [1m[32mINSERT INTO "admins" ("provider", "admin_uid", "encrypted_password", "reset_password_token", "reset_password_sent_at", "allow_password_change", "remember_created_at", "confirmation_token", "confirmed_at", "confirmation_sent_at", "unconfirmed_email", "email", "firstname", "lastname", "nickname", "role", "phone_number", "address", "company_uid", "tokens", "created_at", "updated_at") VALUES ($1, $2, $3, $4, $5, $6, $7, $8, $9, $10, $11, $12, $13, $14, $15, $16, $17, $18, $19, $20, $21, $22)[0m  [["provider", "email"], ["admin_uid", "ADM_1PCHA"], ["encrypted_password", "[FILTERED]"], ["reset_password_token", "[FILTERED]"], ["reset_password_sent_at", "[FILTERED]"], ["allow_password_change", "[FILTERED]"], ["remember_created_at", nil], ["confirmation_token", "[FILTERED]"], ["confirmed_at", nil], ["confirmation_sent_at", nil], ["unconfirmed_email", nil], ["email", "karoly@gmail.com"], ["firstname", "Károly"], ["lastname", "Elekes"], ["nickname", nil], ["role", "driver"], ["phone_number", "0745399324"], ["address", "Com. Suseni str. Kéthíd nr. 198"], ["company_uid", "CPY_MW82S"], ["tokens", "[FILTERED]"], ["created_at", "2023-10-23 16:21:22.642460"], ["updated_at", "2023-10-23 16:21:22.642460"]]
  [1m[36mTRANSACTION (92.8ms)[0m  [1m[35mCOMMIT[0m
  [1m[36mTRANSACTION (122.1ms)[0m  [1m[35mBEGIN[0m
  [1m[36mCompany Load (97.3ms)[0m  [1m[34mSELECT "companies".* FROM "companies" WHERE "companies"."company_uid" = $1 LIMIT $2[0m  [["company_uid", "CPY_9ZUCX"], ["LIMIT", 1]]
  [1m[36mAdmin Create (112.7ms)[0m  [1m[32mINSERT INTO "admins" ("provider", "admin_uid", "encrypted_password", "reset_password_token", "reset_password_sent_at", "allow_password_change", "remember_created_at", "confirmation_token", "confirmed_at", "confirmation_sent_at", "unconfirmed_email", "email", "firstname", "lastname", "nickname", "role", "phone_number", "address", "company_uid", "tokens", "created_at", "updated_at") VALUES ($1, $2, $3, $4, $5, $6, $7, $8, $9, $10, $11, $12, $13, $14, $15, $16, $17, $18, $19, $20, $21, $22)[0m  [["provider", "email"], ["admin_uid", "ADM_7VUHW"], ["encrypted_password", "[FILTERED]"], ["reset_password_token", "[FILTERED]"], ["reset_password_sent_at", "[FILTERED]"], ["allow_password_change", "[FILTERED]"], ["remember_created_at", nil], ["confirmation_token", "[FILTERED]"], ["confirmed_at", nil], ["confirmation_sent_at", nil], ["unconfirmed_email", nil], ["email", "office@transloctrans.ro"], ["firstname", "Elemér"], ["lastname", "Kecskeméti"], ["nickname", nil], ["role", "boss"], ["phone_number", "0728493883"], ["address", "Com. Joseni str. Principala nr. 19"], ["company_uid", "CPY_9ZUCX"], ["tokens", "[FILTERED]"], ["created_at", "2023-10-23 16:21:23.319770"], ["updated_at", "2023-10-23 16:21:23.319770"]]
  [1m[36mTRANSACTION (99.3ms)[0m  [1m[35mCOMMIT[0m
  [1m[36mTRANSACTION (115.3ms)[0m  [1m[35mBEGIN[0m
  [1m[36mCompany Load (104.6ms)[0m  [1m[34mSELECT "companies".* FROM "companies" WHERE "companies"."company_uid" = $1 LIMIT $2[0m  [["company_uid", "CPY_9ZUCX"], ["LIMIT", 1]]
  [1m[36mAdmin Create (101.1ms)[0m  [1m[32mINSERT INTO "admins" ("provider", "admin_uid", "encrypted_password", "reset_password_token", "reset_password_sent_at", "allow_password_change", "remember_created_at", "confirmation_token", "confirmed_at", "confirmation_sent_at", "unconfirmed_email", "email", "firstname", "lastname", "nickname", "role", "phone_number", "address", "company_uid", "tokens", "created_at", "updated_at") VALUES ($1, $2, $3, $4, $5, $6, $7, $8, $9, $10, $11, $12, $13, $14, $15, $16, $17, $18, $19, $20, $21, $22)[0m  [["provider", "email"], ["admin_uid", "ADM_LBBYH"], ["encrypted_password", "[FILTERED]"], ["reset_password_token", "[FILTERED]"], ["reset_password_sent_at", "[FILTERED]"], ["allow_password_change", "[FILTERED]"], ["remember_created_at", nil], ["confirmation_token", "[FILTERED]"], ["confirmed_at", nil], ["confirmation_sent_at", nil], ["unconfirmed_email", nil], ["email", "hompoth.krisztian2@gmail.com"], ["firstname", "Krisztián"], ["lastname", "Orsós"], ["nickname", nil], ["role", "manager"], ["phone_number", "0761837888"], ["address", "Com. Joseni str. Faluköze nr. 1"], ["company_uid", "CPY_9ZUCX"], ["tokens", "[FILTERED]"], ["created_at", "2023-10-23 16:21:24.008694"], ["updated_at", "2023-10-23 16:21:24.008694"]]
  [1m[36mTRANSACTION (107.4ms)[0m  [1m[35mCOMMIT[0m
  [1m[36mTRANSACTION (110.3ms)[0m  [1m[35mBEGIN[0m
  [1m[36mCompany Load (97.8ms)[0m  [1m[34mSELECT "companies".* FROM "companies" WHERE "companies"."company_uid" = $1 LIMIT $2[0m  [["company_uid", "CPY_9ZUCX"], ["LIMIT", 1]]
  [1m[36mAdmin Create (106.7ms)[0m  [1m[32mINSERT INTO "admins" ("provider", "admin_uid", "encrypted_password", "reset_password_token", "reset_password_sent_at", "allow_password_change", "remember_created_at", "confirmation_token", "confirmed_at", "confirmation_sent_at", "unconfirmed_email", "email", "firstname", "lastname", "nickname", "role", "phone_number", "address", "company_uid", "tokens", "created_at", "updated_at") VALUES ($1, $2, $3, $4, $5, $6, $7, $8, $9, $10, $11, $12, $13, $14, $15, $16, $17, $18, $19, $20, $21, $22)[0m  [["provider", "email"], ["admin_uid", "ADM_IHJKS"], ["encrypted_password", "[FILTERED]"], ["reset_password_token", "[FILTERED]"], ["reset_password_sent_at", "[FILTERED]"], ["allow_password_change", "[FILTERED]"], ["remember_created_at", nil], ["confirmation_token", "[FILTERED]"], ["confirmed_at", nil], ["confirmation_sent_at", nil], ["unconfirmed_email", nil], ["email", "csatabela2@gmail.com"], ["firstname", "Béla"], ["lastname", "Csata"], ["nickname", nil], ["role", "driver"], ["phone_number", "0752358475"], ["address", "Mun. Gheorgheni str. Ghindei nr. 1"], ["company_uid", "CPY_9ZUCX"], ["tokens", "[FILTERED]"], ["created_at", "2023-10-23 16:21:24.682331"], ["updated_at", "2023-10-23 16:21:24.682331"]]
  [1m[36mTRANSACTION (93.2ms)[0m  [1m[35mCOMMIT[0m
  [1m[36mTRANSACTION (101.7ms)[0m  [1m[35mBEGIN[0m
  [1m[36mCompany Load (99.7ms)[0m  [1m[34mSELECT "companies".* FROM "companies" WHERE "companies"."company_uid" = $1 LIMIT $2[0m  [["company_uid", "CPY_9ZUCX"], ["LIMIT", 1]]
  [1m[36mAdmin Create (106.4ms)[0m  [1m[32mINSERT INTO "admins" ("provider", "admin_uid", "encrypted_password", "reset_password_token", "reset_password_sent_at", "allow_password_change", "remember_created_at", "confirmation_token", "confirmed_at", "confirmation_sent_at", "unconfirmed_email", "email", "firstname", "lastname", "nickname", "role", "phone_number", "address", "company_uid", "tokens", "created_at", "updated_at") VALUES ($1, $2, $3, $4, $5, $6, $7, $8, $9, $10, $11, $12, $13, $14, $15, $16, $17, $18, $19, $20, $21, $22)[0m  [["provider", "email"], ["admin_uid", "ADM_TRY29"], ["encrypted_password", "[FILTERED]"], ["reset_password_token", "[FILTERED]"], ["reset_password_sent_at", "[FILTERED]"], ["allow_password_change", "[FILTERED]"], ["remember_created_at", nil], ["confirmation_token", "[FILTERED]"], ["confirmed_at", nil], ["confirmation_sent_at", nil], ["unconfirmed_email", nil], ["email", "magdi922@gmail.com"], ["firstname", "Magdolna"], ["lastname", "Kovács"], ["nickname", nil], ["role", "driver"], ["phone_number", "0739489586"], ["address", "Mun. Gheorgheni str. Stadionului nr. 4"], ["company_uid", "CPY_9ZUCX"], ["tokens", "[FILTERED]"], ["created_at", "2023-10-23 16:21:25.339024"], ["updated_at", "2023-10-23 16:21:25.339024"]]
  [1m[36mTRANSACTION (93.8ms)[0m  [1m[35mCOMMIT[0m
  [1m[36mTRANSACTION (116.9ms)[0m  [1m[35mBEGIN[0m
  [1m[36mCompany Load (100.2ms)[0m  [1m[34mSELECT "companies".* FROM "companies" WHERE "companies"."company_uid" = $1 LIMIT $2[0m  [["company_uid", "CPY_9ZUCX"], ["LIMIT", 1]]
  [1m[36mAdmin Create (106.8ms)[0m  [1m[32mINSERT INTO "admins" ("provider", "admin_uid", "encrypted_password", "reset_password_token", "reset_password_sent_at", "allow_password_change", "remember_created_at", "confirmation_token", "confirmed_at", "confirmation_sent_at", "unconfirmed_email", "email", "firstname", "lastname", "nickname", "role", "phone_number", "address", "company_uid", "tokens", "created_at", "updated_at") VALUES ($1, $2, $3, $4, $5, $6, $7, $8, $9, $10, $11, $12, $13, $14, $15, $16, $17, $18, $19, $20, $21, $22)[0m  [["provider", "email"], ["admin_uid", "ADM_VNLOD"], ["encrypted_password", "[FILTERED]"], ["reset_password_token", "[FILTERED]"], ["reset_password_sent_at", "[FILTERED]"], ["allow_password_change", "[FILTERED]"], ["remember_created_at", nil], ["confirmation_token", "[FILTERED]"], ["confirmed_at", nil], ["confirmation_sent_at", nil], ["unconfirmed_email", nil], ["email", "orsospista112@gmail.com"], ["firstname", "István"], ["lastname", "Orsós"], ["nickname", nil], ["role", "driver"], ["phone_number", "0755928111"], ["address", "Com. Ciumani str. Inczelaka nr. 1398"], ["company_uid", "CPY_9ZUCX"], ["tokens", "[FILTERED]"], ["created_at", "2023-10-23 16:21:26.011813"], ["updated_at", "2023-10-23 16:21:26.011813"]]
  [1m[36mTRANSACTION (93.4ms)[0m  [1m[35mCOMMIT[0m
  [1m[36mTRANSACTION (115.4ms)[0m  [1m[35mBEGIN[0m
  [1m[36mCompany Load (95.5ms)[0m  [1m[34mSELECT "companies".* FROM "companies" WHERE "companies"."company_uid" = $1 LIMIT $2[0m  [["company_uid", "CPY_9ZUCX"], ["LIMIT", 1]]
  [1m[36mAdmin Create (91.3ms)[0m  [1m[32mINSERT INTO "admins" ("provider", "admin_uid", "encrypted_password", "reset_password_token", "reset_password_sent_at", "allow_password_change", "remember_created_at", "confirmation_token", "confirmed_at", "confirmation_sent_at", "unconfirmed_email", "email", "firstname", "lastname", "nickname", "role", "phone_number", "address", "company_uid", "tokens", "created_at", "updated_at") VALUES ($1, $2, $3, $4, $5, $6, $7, $8, $9, $10, $11, $12, $13, $14, $15, $16, $17, $18, $19, $20, $21, $22)[0m  [["provider", "email"], ["admin_uid", "ADM_QAON7"], ["encrypted_password", "[FILTERED]"], ["reset_password_token", "[FILTERED]"], ["reset_password_sent_at", "[FILTERED]"], ["allow_password_change", "[FILTERED]"], ["remember_created_at", nil], ["confirmation_token", "[FILTERED]"], ["confirmed_at", nil], ["confirmation_sent_at", nil], ["unconfirmed_email", nil], ["email", "ninjanarc2h@yahoo.com"], ["firstname", "Iván"], ["lastname", "Elekes"], ["nickname", nil], ["role", "driver"], ["phone_number", "0724889734"], ["address", "Com. Ciumani str. Principala nr. 12"], ["company_uid", "CPY_9ZUCX"], ["tokens", "[FILTERED]"], ["created_at", "2023-10-23 16:21:26.679117"], ["updated_at", "2023-10-23 16:21:26.679117"]]
  [1m[36mTRANSACTION (96.6ms)[0m  [1m[35mCOMMIT[0m
  [1m[36mTRANSACTION (109.9ms)[0m  [1m[35mBEGIN[0m
  [1m[36mCompany Load (106.1ms)[0m  [1m[34mSELECT "companies".* FROM "companies" WHERE "companies"."company_uid" = $1 LIMIT $2[0m  [["company_uid", "CPY_9ZUCX"], ["LIMIT", 1]]
  [1m[36mAdmin Create (104.0ms)[0m  [1m[32mINSERT INTO "admins" ("provider", "admin_uid", "encrypted_password", "reset_password_token", "reset_password_sent_at", "allow_password_change", "remember_created_at", "confirmation_token", "confirmed_at", "confirmation_sent_at", "unconfirmed_email", "email", "firstname", "lastname", "nickname", "role", "phone_number", "address", "company_uid", "tokens", "created_at", "updated_at") VALUES ($1, $2, $3, $4, $5, $6, $7, $8, $9, $10, $11, $12, $13, $14, $15, $16, $17, $18, $19, $20, $21, $22)[0m  [["provider", "email"], ["admin_uid", "ADM_SCGJO"], ["encrypted_password", "[FILTERED]"], ["reset_password_token", "[FILTERED]"], ["reset_password_sent_at", "[FILTERED]"], ["allow_password_change", "[FILTERED]"], ["remember_created_at", nil], ["confirmation_token", "[FILTERED]"], ["confirmed_at", nil], ["confirmation_sent_at", nil], ["unconfirmed_email", nil], ["email", "2@gmail.com"], ["firstname", "Károly"], ["lastname", "Elekes"], ["nickname", nil], ["role", "driver"], ["phone_number", "0745399324"], ["address", "Com. Suseni str. Kéthíd nr. 198"], ["company_uid", "CPY_9ZUCX"], ["tokens", "[FILTERED]"], ["created_at", "2023-10-23 16:21:27.337769"], ["updated_at", "2023-10-23 16:21:27.337769"]]
  [1m[36mTRANSACTION (100.2ms)[0m  [1m[35mCOMMIT[0m
  [1m[36mActiveRecord::SchemaMigration Pluck (102.7ms)[0m  [1m[34mSELECT "schema_migrations"."version" FROM "schema_migrations" ORDER BY "schema_migrations"."version" ASC[0m
  [1m[36mTRANSACTION (95.0ms)[0m  [1m[35mBEGIN[0m
  [1m[36mCity Create (97.8ms)[0m  [1m[32mINSERT INTO "cities" ("city_uid", "name", "zip_code", "created_at", "updated_at") VALUES ($1, $2, $3, $4, $5) RETURNING "id"[0m  [["city_uid", "CTY_WPFO6"], ["name", "Ciumani"], ["zip_code", "537050"], ["created_at", "2023-10-23 16:24:22.853232"], ["updated_at", "2023-10-23 16:24:22.853232"]]
  [1m[36mTRANSACTION (89.5ms)[0m  [1m[35mCOMMIT[0m
  [1m[36mTRANSACTION (81.9ms)[0m  [1m[35mBEGIN[0m
  [1m[36mCity Create (97.5ms)[0m  [1m[32mINSERT INTO "cities" ("city_uid", "name", "zip_code", "created_at", "updated_at") VALUES ($1, $2, $3, $4, $5) RETURNING "id"[0m  [["city_uid", "CTY_9CL30"], ["name", "Joseni"], ["zip_code", "537050"], ["created_at", "2023-10-23 16:24:23.181555"], ["updated_at", "2023-10-23 16:24:23.181555"]]
  [1m[36mTRANSACTION (87.2ms)[0m  [1m[35mCOMMIT[0m
  [1m[36mTRANSACTION (82.0ms)[0m  [1m[35mBEGIN[0m
  [1m[36mCity Create (96.6ms)[0m  [1m[32mINSERT INTO "cities" ("city_uid", "name", "zip_code", "created_at", "updated_at") VALUES ($1, $2, $3, $4, $5) RETURNING "id"[0m  [["city_uid", "CTY_UYB2Q"], ["name", "Gheorgheni"], ["zip_code", "537050"], ["created_at", "2023-10-23 16:24:23.460376"], ["updated_at", "2023-10-23 16:24:23.460376"]]
  [1m[36mTRANSACTION (89.5ms)[0m  [1m[35mCOMMIT[0m
  [1m[36mTRANSACTION (92.0ms)[0m  [1m[35mBEGIN[0m
  [1m[36mStation Create (95.3ms)[0m  [1m[32mINSERT INTO "stations" ("station_uid", "name", "longitude", "latitude", "city_uid", "address", "created_at", "updated_at") VALUES ($1, $2, $3, $4, $5, $6, $7, $8) RETURNING "station_uid"[0m  [["station_uid", "STT_DJXVL"], ["name", "Csomafalva központ"], ["longitude", "25.515264"], ["latitude", "46.6791797"], ["city_uid", "1"], ["address", "Str. Principala nr. 89"], ["created_at", "2023-10-23 16:24:23.991458"], ["updated_at", "2023-10-23 16:24:23.991458"]]
  [1m[36mTRANSACTION (87.5ms)[0m  [1m[35mCOMMIT[0m
  [1m[36mTRANSACTION (84.9ms)[0m  [1m[35mBEGIN[0m
  [1m[36mStation Create (96.2ms)[0m  [1m[32mINSERT INTO "stations" ("station_uid", "name", "longitude", "latitude", "city_uid", "address", "created_at", "updated_at") VALUES ($1, $2, $3, $4, $5, $6, $7, $8) RETURNING "station_uid"[0m  [["station_uid", "STT_7D1SG"], ["name", "Csomafalva szászfalu"], ["longitude", "25.4547497"], ["latitude", "46.6729104"], ["city_uid", "1"], ["address", "Str. Tötés nr. 18"], ["created_at", "2023-10-23 16:24:24.279438"], ["updated_at", "2023-10-23 16:24:24.279438"]]
  [1m[36mTRANSACTION (88.6ms)[0m  [1m[35mCOMMIT[0m
  [1m[36mTRANSACTION (82.3ms)[0m  [1m[35mBEGIN[0m
  [1m[36mStation Create (101.6ms)[0m  [1m[32mINSERT INTO "stations" ("station_uid", "name", "longitude", "latitude", "city_uid", "address", "created_at", "updated_at") VALUES ($1, $2, $3, $4, $5, $6, $7, $8) RETURNING "station_uid"[0m  [["station_uid", "STT_YXFD3"], ["name", "Alfalu központ"], ["longitude", "25.493437"], ["latitude", "6.7002046"], ["city_uid", "2"], ["address", "Str. Ciumani nr. 88"], ["created_at", "2023-10-23 16:24:24.560570"], ["updated_at", "2023-10-23 16:24:24.560570"]]
  [1m[36mTRANSACTION (92.6ms)[0m  [1m[35mCOMMIT[0m
  [1m[36mTRANSACTION (84.3ms)[0m  [1m[35mBEGIN[0m
  [1m[36mStation Create (95.3ms)[0m  [1m[32mINSERT INTO "stations" ("station_uid", "name", "longitude", "latitude", "city_uid", "address", "created_at", "updated_at") VALUES ($1, $2, $3, $4, $5, $6, $7, $8) RETURNING "station_uid"[0m  [["station_uid", "STT_LAI9D"], ["name", "Alfalu lengyár"], ["longitude", "25.5151177"], ["latitude", "46.70528"], ["city_uid", "2"], ["address", "Str. Gheorgheni nr. 3"], ["created_at", "2023-10-23 16:24:24.850020"], ["updated_at", "2023-10-23 16:24:24.850020"]]
  [1m[36mTRANSACTION (87.6ms)[0m  [1m[35mCOMMIT[0m
  [1m[36mTRANSACTION (84.8ms)[0m  [1m[35mBEGIN[0m
  [1m[36mStation Create (96.3ms)[0m  [1m[32mINSERT INTO "stations" ("station_uid", "name", "longitude", "latitude", "city_uid", "address", "created_at", "updated_at") VALUES ($1, $2, $3, $4, $5, $6, $7, $8) RETURNING "station_uid"[0m  [["station_uid", "STT_0RRXJ"], ["name", "Gyergyó állomás"], ["longitude", "25.5679183"], ["latitude", "46.7164726"], ["city_uid", "3"], ["address", "Str. Garii nr. 16"], ["created_at", "2023-10-23 16:24:25.128742"], ["updated_at", "2023-10-23 16:24:25.128742"]]
  [1m[36mTRANSACTION (98.4ms)[0m  [1m[35mCOMMIT[0m
  [1m[36mTRANSACTION (82.3ms)[0m  [1m[35mBEGIN[0m
  [1m[36mStation Create (95.9ms)[0m  [1m[32mINSERT INTO "stations" ("station_uid", "name", "longitude", "latitude", "city_uid", "address", "created_at", "updated_at") VALUES ($1, $2, $3, $4, $5, $6, $7, $8) RETURNING "station_uid"[0m  [["station_uid", "STT_RXCNF"], ["name", "Gyergyó Maros hotel"], ["longitude", "25.5823401"], ["latitude", "46.7209535"], ["city_uid", "3"], ["address", "Bul. Fratiei nr. 65"], ["created_at", "2023-10-23 16:24:25.420322"], ["updated_at", "2023-10-23 16:24:25.420322"]]
  [1m[36mTRANSACTION (89.9ms)[0m  [1m[35mCOMMIT[0m
  [1m[36mTRANSACTION (95.7ms)[0m  [1m[35mBEGIN[0m
  [1m[36mRoute Create (93.9ms)[0m  [1m[32mINSERT INTO "routes" ("route_uid", "name", "created_at", "updated_at") VALUES ($1, $2, $3, $4) RETURNING "route_uid"[0m  [["route_uid", "ROU_YDY4I"], ["name", "Szászfalu-Gyergyó"], ["created_at", "2023-10-23 16:24:25.929383"], ["updated_at", "2023-10-23 16:24:25.929383"]]
  [1m[36mTRANSACTION (90.8ms)[0m  [1m[35mCOMMIT[0m
  [1m[36mRoute Load (100.7ms)[0m  [1m[34mSELECT "routes".* FROM "routes" WHERE "routes"."name" = $1 LIMIT $2[0m  [["name", "Szászfalu-Gyergyó"], ["LIMIT", 1]]
  [1m[36mActiveRecord::SchemaMigration Pluck (114.5ms)[0m  [1m[34mSELECT "schema_migrations"."version" FROM "schema_migrations" ORDER BY "schema_migrations"."version" ASC[0m
  [1m[36mCompany Load (100.0ms)[0m  [1m[34mSELECT "companies".* FROM "companies" WHERE "companies"."name" = $1 LIMIT $2[0m  [["name", "VANDOR TRANS TOURS SRL"], ["LIMIT", 1]]
  [1m[36mRoute Load (101.6ms)[0m  [1m[34mSELECT "routes".* FROM "routes" WHERE "routes"."name" = $1 LIMIT $2[0m  [["name", "Szászfalu-Gyergyó"], ["LIMIT", 1]]
  [1m[36mStation Load (102.8ms)[0m  [1m[34mSELECT "stations".* FROM "stations" WHERE "stations"."name" = $1 LIMIT $2[0m  [["name", "Csomafalva központ"], ["LIMIT", 1]]
  [1m[36mTRANSACTION (110.5ms)[0m  [1m[35mBEGIN[0m
  [1m[36mCompany Load (101.1ms)[0m  [1m[34mSELECT "companies".* FROM "companies" WHERE "companies"."company_uid" = $1 LIMIT $2[0m  [["company_uid", "#<Company:0x00007f54cc12f4f8>"], ["LIMIT", 1]]
  [1m[36mTRANSACTION (93.5ms)[0m  [1m[31mROLLBACK[0m
  [1m[36mStation Load (106.6ms)[0m  [1m[34mSELECT "stations".* FROM "stations" WHERE "stations"."name" = $1 LIMIT $2[0m  [["name", "Csomafalva szászfalu"], ["LIMIT", 1]]
  [1m[36mTRANSACTION (86.6ms)[0m  [1m[35mBEGIN[0m
  [1m[36mCompany Load (95.9ms)[0m  [1m[34mSELECT "companies".* FROM "companies" WHERE "companies"."company_uid" = $1 LIMIT $2[0m  [["company_uid", "#<Company:0x00007f54cc12f4f8>"], ["LIMIT", 1]]
  [1m[36mTRANSACTION (95.3ms)[0m  [1m[31mROLLBACK[0m
  [1m[36mActiveRecord::SchemaMigration Pluck (106.0ms)[0m  [1m[34mSELECT "schema_migrations"."version" FROM "schema_migrations" ORDER BY "schema_migrations"."version" ASC[0m
  [1m[36mCompany Load (104.9ms)[0m  [1m[34mSELECT "companies".* FROM "companies" WHERE "companies"."name" = $1 LIMIT $2[0m  [["name", "VANDOR TRANS TOURS SRL"], ["LIMIT", 1]]
  [1m[36mRoute Load (99.5ms)[0m  [1m[34mSELECT "routes".* FROM "routes" WHERE "routes"."name" = $1 LIMIT $2[0m  [["name", "Szászfalu-Gyergyó"], ["LIMIT", 1]]
  [1m[36mStation Load (100.9ms)[0m  [1m[34mSELECT "stations".* FROM "stations" WHERE "stations"."name" = $1 LIMIT $2[0m  [["name", "Alfalu központ"], ["LIMIT", 1]]
  [1m[36mTRANSACTION (220.3ms)[0m  [1m[35mBEGIN[0m
  [1m[36mCompany Load (201.8ms)[0m  [1m[34mSELECT "companies".* FROM "companies" WHERE "companies"."company_uid" = $1 LIMIT $2[0m  [["company_uid", "#<Company:0x00007f5728587628>"], ["LIMIT", 1]]
  [1m[36mTRANSACTION (101.5ms)[0m  [1m[31mROLLBACK[0m
  [1m[36mStation Load (89.4ms)[0m  [1m[34mSELECT "stations".* FROM "stations" WHERE "stations"."name" = $1 LIMIT $2[0m  [["name", "Alfalu lengyár"], ["LIMIT", 1]]
  [1m[36mTRANSACTION (193.4ms)[0m  [1m[35mBEGIN[0m
  [1m[36mCompany Load (99.8ms)[0m  [1m[34mSELECT "companies".* FROM "companies" WHERE "companies"."company_uid" = $1 LIMIT $2[0m  [["company_uid", "#<Company:0x00007f5728587628>"], ["LIMIT", 1]]
  [1m[36mTRANSACTION (304.3ms)[0m  [1m[31mROLLBACK[0m
  [1m[36mStation Load (105.7ms)[0m  [1m[34mSELECT "stations".* FROM "stations" WHERE "stations"."name" = $1 LIMIT $2[0m  [["name", "Gyergyó állomás"], ["LIMIT", 1]]
  [1m[36mTRANSACTION (113.8ms)[0m  [1m[35mBEGIN[0m
  [1m[36mCompany Load (115.4ms)[0m  [1m[34mSELECT "companies".* FROM "companies" WHERE "companies"."company_uid" = $1 LIMIT $2[0m  [["company_uid", "#<Company:0x00007f5728587628>"], ["LIMIT", 1]]
  [1m[36mTRANSACTION (97.2ms)[0m  [1m[31mROLLBACK[0m
  [1m[36mStation Load (92.8ms)[0m  [1m[34mSELECT "stations".* FROM "stations" WHERE "stations"."name" = $1 LIMIT $2[0m  [["name", "Gyergyó Maros hotel"], ["LIMIT", 1]]
  [1m[36mTRANSACTION (106.0ms)[0m  [1m[35mBEGIN[0m
  [1m[36mCompany Load (134.8ms)[0m  [1m[34mSELECT "companies".* FROM "companies" WHERE "companies"."company_uid" = $1 LIMIT $2[0m  [["company_uid", "#<Company:0x00007f5728587628>"], ["LIMIT", 1]]
  [1m[36mTRANSACTION (103.5ms)[0m  [1m[31mROLLBACK[0m
